<?xml version="1.0" encoding="UTF-8"?>
<Tokens version="1.0">
	<File path="Classes/AWSAutoScalingDescribeAccountLimitsAnswer.html">
		
		<Token>
			<TokenIdentifier>//apple_ref/occ/cl/AWSAutoScalingDescribeAccountLimitsAnswer</TokenIdentifier>
			<Abstract type="html">&lt;p&gt; The output of the &lt;a&gt;DescribeAccountLimitsResult&lt;/a&gt; action. &lt;/p&gt;</Abstract>
			<DeclaredIn>AWSAutoScalingModel.h</DeclaredIn>
            
			
			<NodeRef refid="29"/>
		</Token>
		
		
		<Token>
			<TokenIdentifier>//apple_ref/occ/instm/AWSAutoScalingDescribeAccountLimitsAnswer/setMaxNumberOfAutoScalingGroups:</TokenIdentifier>
			<Abstract type="html">&lt;p&gt; The maximum number of Auto Scaling groups allowed for your AWS account. &lt;/p&gt;</Abstract>
			<DeclaredIn>AWSAutoScalingModel.h</DeclaredIn>
			
			<Declaration>@property (nonatomic, strong) NSNumber *maxNumberOfAutoScalingGroups</Declaration>
			
			
			<Anchor>//api/name/maxNumberOfAutoScalingGroups</Anchor>
            <NodeRef refid="29"/>
		</Token>
		
		<Token>
			<TokenIdentifier>//apple_ref/occ/instm/AWSAutoScalingDescribeAccountLimitsAnswer/maxNumberOfAutoScalingGroups</TokenIdentifier>
			<Abstract type="html">&lt;p&gt; The maximum number of Auto Scaling groups allowed for your AWS account. &lt;/p&gt;</Abstract>
			<DeclaredIn>AWSAutoScalingModel.h</DeclaredIn>
			
			<Declaration>@property (nonatomic, strong) NSNumber *maxNumberOfAutoScalingGroups</Declaration>
			
			
			<Anchor>//api/name/maxNumberOfAutoScalingGroups</Anchor>
            <NodeRef refid="29"/>
		</Token>
		
		<Token>
			<TokenIdentifier>//apple_ref/occ/instp/AWSAutoScalingDescribeAccountLimitsAnswer/maxNumberOfAutoScalingGroups</TokenIdentifier>
			<Abstract type="html">&lt;p&gt; The maximum number of Auto Scaling groups allowed for your AWS account. &lt;/p&gt;</Abstract>
			<DeclaredIn>AWSAutoScalingModel.h</DeclaredIn>
			
			<Declaration>@property (nonatomic, strong) NSNumber *maxNumberOfAutoScalingGroups</Declaration>
			
			
			<Anchor>//api/name/maxNumberOfAutoScalingGroups</Anchor>
            <NodeRef refid="29"/>
		</Token>
		
		<Token>
			<TokenIdentifier>//apple_ref/occ/instm/AWSAutoScalingDescribeAccountLimitsAnswer/setMaxNumberOfLaunchConfigurations:</TokenIdentifier>
			<Abstract type="html">&lt;p&gt; The maximum number of launch configurations allowed for your AWS account. &lt;/p&gt;</Abstract>
			<DeclaredIn>AWSAutoScalingModel.h</DeclaredIn>
			
			<Declaration>@property (nonatomic, strong) NSNumber *maxNumberOfLaunchConfigurations</Declaration>
			
			
			<Anchor>//api/name/maxNumberOfLaunchConfigurations</Anchor>
            <NodeRef refid="29"/>
		</Token>
		
		<Token>
			<TokenIdentifier>//apple_ref/occ/instm/AWSAutoScalingDescribeAccountLimitsAnswer/maxNumberOfLaunchConfigurations</TokenIdentifier>
			<Abstract type="html">&lt;p&gt; The maximum number of launch configurations allowed for your AWS account. &lt;/p&gt;</Abstract>
			<DeclaredIn>AWSAutoScalingModel.h</DeclaredIn>
			
			<Declaration>@property (nonatomic, strong) NSNumber *maxNumberOfLaunchConfigurations</Declaration>
			
			
			<Anchor>//api/name/maxNumberOfLaunchConfigurations</Anchor>
            <NodeRef refid="29"/>
		</Token>
		
		<Token>
			<TokenIdentifier>//apple_ref/occ/instp/AWSAutoScalingDescribeAccountLimitsAnswer/maxNumberOfLaunchConfigurations</TokenIdentifier>
			<Abstract type="html">&lt;p&gt; The maximum number of launch configurations allowed for your AWS account. &lt;/p&gt;</Abstract>
			<DeclaredIn>AWSAutoScalingModel.h</DeclaredIn>
			
			<Declaration>@property (nonatomic, strong) NSNumber *maxNumberOfLaunchConfigurations</Declaration>
			
			
			<Anchor>//api/name/maxNumberOfLaunchConfigurations</Anchor>
            <NodeRef refid="29"/>
		</Token>
		
        
        
	</File>
</Tokens>