<?xml version="1.0" encoding="UTF-8"?>
<Tokens version="1.0">
	<File path="Classes/AWSEC2ResetImageAttributeRequest.html">
		
		<Token>
			<TokenIdentifier>//apple_ref/occ/cl/AWSEC2ResetImageAttributeRequest</TokenIdentifier>
			<Abstract type="html"></Abstract>
			<DeclaredIn>AWSEC2Model.h</DeclaredIn>
            
			
			<NodeRef refid="591"/>
		</Token>
		
		
		<Token>
			<TokenIdentifier>//apple_ref/occ/instm/AWSEC2ResetImageAttributeRequest/setAttribute:</TokenIdentifier>
			<Abstract type="html">&lt;p&gt;The attribute to reset (currently you can only reset the launch permission attribute).&lt;/p&gt;</Abstract>
			<DeclaredIn>AWSEC2Model.h</DeclaredIn>
			
			<Declaration>@property (nonatomic, assign) AWSEC2ResetImageAttributeName attribute</Declaration>
			
			
			<Anchor>//api/name/attribute</Anchor>
            <NodeRef refid="591"/>
		</Token>
		
		<Token>
			<TokenIdentifier>//apple_ref/occ/instm/AWSEC2ResetImageAttributeRequest/attribute</TokenIdentifier>
			<Abstract type="html">&lt;p&gt;The attribute to reset (currently you can only reset the launch permission attribute).&lt;/p&gt;</Abstract>
			<DeclaredIn>AWSEC2Model.h</DeclaredIn>
			
			<Declaration>@property (nonatomic, assign) AWSEC2ResetImageAttributeName attribute</Declaration>
			
			
			<Anchor>//api/name/attribute</Anchor>
            <NodeRef refid="591"/>
		</Token>
		
		<Token>
			<TokenIdentifier>//apple_ref/occ/instp/AWSEC2ResetImageAttributeRequest/attribute</TokenIdentifier>
			<Abstract type="html">&lt;p&gt;The attribute to reset (currently you can only reset the launch permission attribute).&lt;/p&gt;</Abstract>
			<DeclaredIn>AWSEC2Model.h</DeclaredIn>
			
			<Declaration>@property (nonatomic, assign) AWSEC2ResetImageAttributeName attribute</Declaration>
			
			
			<Anchor>//api/name/attribute</Anchor>
            <NodeRef refid="591"/>
		</Token>
		
		<Token>
			<TokenIdentifier>//apple_ref/occ/instm/AWSEC2ResetImageAttributeRequest/setDryRun:</TokenIdentifier>
			<Abstract type="html"></Abstract>
			<DeclaredIn>AWSEC2Model.h</DeclaredIn>
			
			<Declaration>@property (nonatomic, strong) NSNumber *dryRun</Declaration>
			
			
			<Anchor>//api/name/dryRun</Anchor>
            <NodeRef refid="591"/>
		</Token>
		
		<Token>
			<TokenIdentifier>//apple_ref/occ/instm/AWSEC2ResetImageAttributeRequest/dryRun</TokenIdentifier>
			<Abstract type="html"></Abstract>
			<DeclaredIn>AWSEC2Model.h</DeclaredIn>
			
			<Declaration>@property (nonatomic, strong) NSNumber *dryRun</Declaration>
			
			
			<Anchor>//api/name/dryRun</Anchor>
            <NodeRef refid="591"/>
		</Token>
		
		<Token>
			<TokenIdentifier>//apple_ref/occ/instp/AWSEC2ResetImageAttributeRequest/dryRun</TokenIdentifier>
			<Abstract type="html"></Abstract>
			<DeclaredIn>AWSEC2Model.h</DeclaredIn>
			
			<Declaration>@property (nonatomic, strong) NSNumber *dryRun</Declaration>
			
			
			<Anchor>//api/name/dryRun</Anchor>
            <NodeRef refid="591"/>
		</Token>
		
		<Token>
			<TokenIdentifier>//apple_ref/occ/instm/AWSEC2ResetImageAttributeRequest/setImageId:</TokenIdentifier>
			<Abstract type="html">&lt;p&gt;The ID of the AMI.&lt;/p&gt;</Abstract>
			<DeclaredIn>AWSEC2Model.h</DeclaredIn>
			
			<Declaration>@property (nonatomic, strong) NSString *imageId</Declaration>
			
			
			<Anchor>//api/name/imageId</Anchor>
            <NodeRef refid="591"/>
		</Token>
		
		<Token>
			<TokenIdentifier>//apple_ref/occ/instm/AWSEC2ResetImageAttributeRequest/imageId</TokenIdentifier>
			<Abstract type="html">&lt;p&gt;The ID of the AMI.&lt;/p&gt;</Abstract>
			<DeclaredIn>AWSEC2Model.h</DeclaredIn>
			
			<Declaration>@property (nonatomic, strong) NSString *imageId</Declaration>
			
			
			<Anchor>//api/name/imageId</Anchor>
            <NodeRef refid="591"/>
		</Token>
		
		<Token>
			<TokenIdentifier>//apple_ref/occ/instp/AWSEC2ResetImageAttributeRequest/imageId</TokenIdentifier>
			<Abstract type="html">&lt;p&gt;The ID of the AMI.&lt;/p&gt;</Abstract>
			<DeclaredIn>AWSEC2Model.h</DeclaredIn>
			
			<Declaration>@property (nonatomic, strong) NSString *imageId</Declaration>
			
			
			<Anchor>//api/name/imageId</Anchor>
            <NodeRef refid="591"/>
		</Token>
		
        
        
	</File>
</Tokens>