<?xml version="1.0" encoding="UTF-8"?>
<Tokens version="1.0">
	<File path="Classes/AWSElasticLoadBalancingConnectionDraining.html">
		
		<Token>
			<TokenIdentifier>//apple_ref/occ/cl/AWSElasticLoadBalancingConnectionDraining</TokenIdentifier>
			<Abstract type="html"></Abstract>
			<DeclaredIn>AWSElasticLoadBalancingModel.h</DeclaredIn>
            
			
			<NodeRef refid="661"/>
		</Token>
		
		
		<Token>
			<TokenIdentifier>//apple_ref/occ/instm/AWSElasticLoadBalancingConnectionDraining/setEnabled:</TokenIdentifier>
			<Abstract type="html"></Abstract>
			<DeclaredIn>AWSElasticLoadBalancingModel.h</DeclaredIn>
			
			<Declaration>@property (nonatomic, strong) NSNumber *enabled</Declaration>
			
			
			<Anchor>//api/name/enabled</Anchor>
            <NodeRef refid="661"/>
		</Token>
		
		<Token>
			<TokenIdentifier>//apple_ref/occ/instm/AWSElasticLoadBalancingConnectionDraining/enabled</TokenIdentifier>
			<Abstract type="html"></Abstract>
			<DeclaredIn>AWSElasticLoadBalancingModel.h</DeclaredIn>
			
			<Declaration>@property (nonatomic, strong) NSNumber *enabled</Declaration>
			
			
			<Anchor>//api/name/enabled</Anchor>
            <NodeRef refid="661"/>
		</Token>
		
		<Token>
			<TokenIdentifier>//apple_ref/occ/instp/AWSElasticLoadBalancingConnectionDraining/enabled</TokenIdentifier>
			<Abstract type="html"></Abstract>
			<DeclaredIn>AWSElasticLoadBalancingModel.h</DeclaredIn>
			
			<Declaration>@property (nonatomic, strong) NSNumber *enabled</Declaration>
			
			
			<Anchor>//api/name/enabled</Anchor>
            <NodeRef refid="661"/>
		</Token>
		
		<Token>
			<TokenIdentifier>//apple_ref/occ/instm/AWSElasticLoadBalancingConnectionDraining/setTimeout:</TokenIdentifier>
			<Abstract type="html"></Abstract>
			<DeclaredIn>AWSElasticLoadBalancingModel.h</DeclaredIn>
			
			<Declaration>@property (nonatomic, strong) NSNumber *timeout</Declaration>
			
			
			<Anchor>//api/name/timeout</Anchor>
            <NodeRef refid="661"/>
		</Token>
		
		<Token>
			<TokenIdentifier>//apple_ref/occ/instm/AWSElasticLoadBalancingConnectionDraining/timeout</TokenIdentifier>
			<Abstract type="html"></Abstract>
			<DeclaredIn>AWSElasticLoadBalancingModel.h</DeclaredIn>
			
			<Declaration>@property (nonatomic, strong) NSNumber *timeout</Declaration>
			
			
			<Anchor>//api/name/timeout</Anchor>
            <NodeRef refid="661"/>
		</Token>
		
		<Token>
			<TokenIdentifier>//apple_ref/occ/instp/AWSElasticLoadBalancingConnectionDraining/timeout</TokenIdentifier>
			<Abstract type="html"></Abstract>
			<DeclaredIn>AWSElasticLoadBalancingModel.h</DeclaredIn>
			
			<Declaration>@property (nonatomic, strong) NSNumber *timeout</Declaration>
			
			
			<Anchor>//api/name/timeout</Anchor>
            <NodeRef refid="661"/>
		</Token>
		
        
        
	</File>
</Tokens>