<?xml version="1.0" encoding="UTF-8"?>
<Tokens version="1.0">
	<File path="Classes/AWSAutoScalingDeletePolicyType.html">
		
		<Token>
			<TokenIdentifier>//apple_ref/occ/cl/AWSAutoScalingDeletePolicyType</TokenIdentifier>
			<Abstract type="html">&lt;p&gt;&lt;/p&gt;
Required parameters: [PolicyName]</Abstract>
			<DeclaredIn>AWSAutoScalingModel.h</DeclaredIn>
            
			
			<NodeRef refid="26"/>
		</Token>
		
		
		<Token>
			<TokenIdentifier>//apple_ref/occ/instm/AWSAutoScalingDeletePolicyType/setAutoScalingGroupName:</TokenIdentifier>
			<Abstract type="html">&lt;p&gt;The name of the Auto Scaling group.&lt;/p&gt;</Abstract>
			<DeclaredIn>AWSAutoScalingModel.h</DeclaredIn>
			
			<Declaration>@property (nonatomic, strong) NSString *autoScalingGroupName</Declaration>
			
			
			<Anchor>//api/name/autoScalingGroupName</Anchor>
            <NodeRef refid="26"/>
		</Token>
		
		<Token>
			<TokenIdentifier>//apple_ref/occ/instm/AWSAutoScalingDeletePolicyType/autoScalingGroupName</TokenIdentifier>
			<Abstract type="html">&lt;p&gt;The name of the Auto Scaling group.&lt;/p&gt;</Abstract>
			<DeclaredIn>AWSAutoScalingModel.h</DeclaredIn>
			
			<Declaration>@property (nonatomic, strong) NSString *autoScalingGroupName</Declaration>
			
			
			<Anchor>//api/name/autoScalingGroupName</Anchor>
            <NodeRef refid="26"/>
		</Token>
		
		<Token>
			<TokenIdentifier>//apple_ref/occ/instp/AWSAutoScalingDeletePolicyType/autoScalingGroupName</TokenIdentifier>
			<Abstract type="html">&lt;p&gt;The name of the Auto Scaling group.&lt;/p&gt;</Abstract>
			<DeclaredIn>AWSAutoScalingModel.h</DeclaredIn>
			
			<Declaration>@property (nonatomic, strong) NSString *autoScalingGroupName</Declaration>
			
			
			<Anchor>//api/name/autoScalingGroupName</Anchor>
            <NodeRef refid="26"/>
		</Token>
		
		<Token>
			<TokenIdentifier>//apple_ref/occ/instm/AWSAutoScalingDeletePolicyType/setPolicyName:</TokenIdentifier>
			<Abstract type="html">&lt;p&gt;The name or PolicyARN of the policy you want to delete.&lt;/p&gt;</Abstract>
			<DeclaredIn>AWSAutoScalingModel.h</DeclaredIn>
			
			<Declaration>@property (nonatomic, strong) NSString *policyName</Declaration>
			
			
			<Anchor>//api/name/policyName</Anchor>
            <NodeRef refid="26"/>
		</Token>
		
		<Token>
			<TokenIdentifier>//apple_ref/occ/instm/AWSAutoScalingDeletePolicyType/policyName</TokenIdentifier>
			<Abstract type="html">&lt;p&gt;The name or PolicyARN of the policy you want to delete.&lt;/p&gt;</Abstract>
			<DeclaredIn>AWSAutoScalingModel.h</DeclaredIn>
			
			<Declaration>@property (nonatomic, strong) NSString *policyName</Declaration>
			
			
			<Anchor>//api/name/policyName</Anchor>
            <NodeRef refid="26"/>
		</Token>
		
		<Token>
			<TokenIdentifier>//apple_ref/occ/instp/AWSAutoScalingDeletePolicyType/policyName</TokenIdentifier>
			<Abstract type="html">&lt;p&gt;The name or PolicyARN of the policy you want to delete.&lt;/p&gt;</Abstract>
			<DeclaredIn>AWSAutoScalingModel.h</DeclaredIn>
			
			<Declaration>@property (nonatomic, strong) NSString *policyName</Declaration>
			
			
			<Anchor>//api/name/policyName</Anchor>
            <NodeRef refid="26"/>
		</Token>
		
        
        
	</File>
</Tokens>