<?xml version="1.0" encoding="UTF-8"?>
<Tokens version="1.0">
	<File path="Classes/AWSCloudWatchListMetricsInput.html">
		
		<Token>
			<TokenIdentifier>//apple_ref/occ/cl/AWSCloudWatchListMetricsInput</TokenIdentifier>
			<Abstract type="html"></Abstract>
			<DeclaredIn>AWSCloudWatchModel.h</DeclaredIn>
            
			
			<NodeRef refid="106"/>
		</Token>
		
		
		<Token>
			<TokenIdentifier>//apple_ref/occ/instm/AWSCloudWatchListMetricsInput/setDimensions:</TokenIdentifier>
			<Abstract type="html">&lt;p&gt; A list of dimensions to filter against. &lt;/p&gt;</Abstract>
			<DeclaredIn>AWSCloudWatchModel.h</DeclaredIn>
			
			<Declaration>@property (nonatomic, strong) NSArray *dimensions</Declaration>
			
			
			<Anchor>//api/name/dimensions</Anchor>
            <NodeRef refid="106"/>
		</Token>
		
		<Token>
			<TokenIdentifier>//apple_ref/occ/instm/AWSCloudWatchListMetricsInput/dimensions</TokenIdentifier>
			<Abstract type="html">&lt;p&gt; A list of dimensions to filter against. &lt;/p&gt;</Abstract>
			<DeclaredIn>AWSCloudWatchModel.h</DeclaredIn>
			
			<Declaration>@property (nonatomic, strong) NSArray *dimensions</Declaration>
			
			
			<Anchor>//api/name/dimensions</Anchor>
            <NodeRef refid="106"/>
		</Token>
		
		<Token>
			<TokenIdentifier>//apple_ref/occ/instp/AWSCloudWatchListMetricsInput/dimensions</TokenIdentifier>
			<Abstract type="html">&lt;p&gt; A list of dimensions to filter against. &lt;/p&gt;</Abstract>
			<DeclaredIn>AWSCloudWatchModel.h</DeclaredIn>
			
			<Declaration>@property (nonatomic, strong) NSArray *dimensions</Declaration>
			
			
			<Anchor>//api/name/dimensions</Anchor>
            <NodeRef refid="106"/>
		</Token>
		
		<Token>
			<TokenIdentifier>//apple_ref/occ/instm/AWSCloudWatchListMetricsInput/setMetricName:</TokenIdentifier>
			<Abstract type="html">&lt;p&gt; The name of the metric to filter against. &lt;/p&gt;</Abstract>
			<DeclaredIn>AWSCloudWatchModel.h</DeclaredIn>
			
			<Declaration>@property (nonatomic, strong) NSString *metricName</Declaration>
			
			
			<Anchor>//api/name/metricName</Anchor>
            <NodeRef refid="106"/>
		</Token>
		
		<Token>
			<TokenIdentifier>//apple_ref/occ/instm/AWSCloudWatchListMetricsInput/metricName</TokenIdentifier>
			<Abstract type="html">&lt;p&gt; The name of the metric to filter against. &lt;/p&gt;</Abstract>
			<DeclaredIn>AWSCloudWatchModel.h</DeclaredIn>
			
			<Declaration>@property (nonatomic, strong) NSString *metricName</Declaration>
			
			
			<Anchor>//api/name/metricName</Anchor>
            <NodeRef refid="106"/>
		</Token>
		
		<Token>
			<TokenIdentifier>//apple_ref/occ/instp/AWSCloudWatchListMetricsInput/metricName</TokenIdentifier>
			<Abstract type="html">&lt;p&gt; The name of the metric to filter against. &lt;/p&gt;</Abstract>
			<DeclaredIn>AWSCloudWatchModel.h</DeclaredIn>
			
			<Declaration>@property (nonatomic, strong) NSString *metricName</Declaration>
			
			
			<Anchor>//api/name/metricName</Anchor>
            <NodeRef refid="106"/>
		</Token>
		
		<Token>
			<TokenIdentifier>//apple_ref/occ/instm/AWSCloudWatchListMetricsInput/setNamespace:</TokenIdentifier>
			<Abstract type="html">&lt;p&gt; The namespace to filter against. &lt;/p&gt;</Abstract>
			<DeclaredIn>AWSCloudWatchModel.h</DeclaredIn>
			
			<Declaration>@property (nonatomic, strong) NSString *namespace</Declaration>
			
			
			<Anchor>//api/name/namespace</Anchor>
            <NodeRef refid="106"/>
		</Token>
		
		<Token>
			<TokenIdentifier>//apple_ref/occ/instm/AWSCloudWatchListMetricsInput/namespace</TokenIdentifier>
			<Abstract type="html">&lt;p&gt; The namespace to filter against. &lt;/p&gt;</Abstract>
			<DeclaredIn>AWSCloudWatchModel.h</DeclaredIn>
			
			<Declaration>@property (nonatomic, strong) NSString *namespace</Declaration>
			
			
			<Anchor>//api/name/namespace</Anchor>
            <NodeRef refid="106"/>
		</Token>
		
		<Token>
			<TokenIdentifier>//apple_ref/occ/instp/AWSCloudWatchListMetricsInput/namespace</TokenIdentifier>
			<Abstract type="html">&lt;p&gt; The namespace to filter against. &lt;/p&gt;</Abstract>
			<DeclaredIn>AWSCloudWatchModel.h</DeclaredIn>
			
			<Declaration>@property (nonatomic, strong) NSString *namespace</Declaration>
			
			
			<Anchor>//api/name/namespace</Anchor>
            <NodeRef refid="106"/>
		</Token>
		
		<Token>
			<TokenIdentifier>//apple_ref/occ/instm/AWSCloudWatchListMetricsInput/setNextToken:</TokenIdentifier>
			<Abstract type="html">&lt;p&gt; The token returned by a previous call to indicate that there is more data available. &lt;/p&gt;</Abstract>
			<DeclaredIn>AWSCloudWatchModel.h</DeclaredIn>
			
			<Declaration>@property (nonatomic, strong) NSString *nextToken</Declaration>
			
			
			<Anchor>//api/name/nextToken</Anchor>
            <NodeRef refid="106"/>
		</Token>
		
		<Token>
			<TokenIdentifier>//apple_ref/occ/instm/AWSCloudWatchListMetricsInput/nextToken</TokenIdentifier>
			<Abstract type="html">&lt;p&gt; The token returned by a previous call to indicate that there is more data available. &lt;/p&gt;</Abstract>
			<DeclaredIn>AWSCloudWatchModel.h</DeclaredIn>
			
			<Declaration>@property (nonatomic, strong) NSString *nextToken</Declaration>
			
			
			<Anchor>//api/name/nextToken</Anchor>
            <NodeRef refid="106"/>
		</Token>
		
		<Token>
			<TokenIdentifier>//apple_ref/occ/instp/AWSCloudWatchListMetricsInput/nextToken</TokenIdentifier>
			<Abstract type="html">&lt;p&gt; The token returned by a previous call to indicate that there is more data available. &lt;/p&gt;</Abstract>
			<DeclaredIn>AWSCloudWatchModel.h</DeclaredIn>
			
			<Declaration>@property (nonatomic, strong) NSString *nextToken</Declaration>
			
			
			<Anchor>//api/name/nextToken</Anchor>
            <NodeRef refid="106"/>
		</Token>
		
        
        
	</File>
</Tokens>