<?xml version="1.0" encoding="UTF-8"?>
<Tokens version="1.0">
	<File path="Classes/AWSAutoScalingInstanceMonitoring.html">
		
		<Token>
			<TokenIdentifier>//apple_ref/occ/cl/AWSAutoScalingInstanceMonitoring</TokenIdentifier>
			<Abstract type="html">&lt;p&gt; The &lt;code&gt;InstanceMonitoring&lt;/code&gt; data type. &lt;/p&gt;</Abstract>
			<DeclaredIn>AWSAutoScalingModel.h</DeclaredIn>
            
			
			<NodeRef refid="57"/>
		</Token>
		
		
		<Token>
			<TokenIdentifier>//apple_ref/occ/instm/AWSAutoScalingInstanceMonitoring/setEnabled:</TokenIdentifier>
			<Abstract type="html">&lt;p&gt; If &lt;code&gt;True&lt;/code&gt;, instance monitoring is enabled. &lt;/p&gt;</Abstract>
			<DeclaredIn>AWSAutoScalingModel.h</DeclaredIn>
			
			<Declaration>@property (nonatomic, strong) NSNumber *enabled</Declaration>
			
			
			<Anchor>//api/name/enabled</Anchor>
            <NodeRef refid="57"/>
		</Token>
		
		<Token>
			<TokenIdentifier>//apple_ref/occ/instm/AWSAutoScalingInstanceMonitoring/enabled</TokenIdentifier>
			<Abstract type="html">&lt;p&gt; If &lt;code&gt;True&lt;/code&gt;, instance monitoring is enabled. &lt;/p&gt;</Abstract>
			<DeclaredIn>AWSAutoScalingModel.h</DeclaredIn>
			
			<Declaration>@property (nonatomic, strong) NSNumber *enabled</Declaration>
			
			
			<Anchor>//api/name/enabled</Anchor>
            <NodeRef refid="57"/>
		</Token>
		
		<Token>
			<TokenIdentifier>//apple_ref/occ/instp/AWSAutoScalingInstanceMonitoring/enabled</TokenIdentifier>
			<Abstract type="html">&lt;p&gt; If &lt;code&gt;True&lt;/code&gt;, instance monitoring is enabled. &lt;/p&gt;</Abstract>
			<DeclaredIn>AWSAutoScalingModel.h</DeclaredIn>
			
			<Declaration>@property (nonatomic, strong) NSNumber *enabled</Declaration>
			
			
			<Anchor>//api/name/enabled</Anchor>
            <NodeRef refid="57"/>
		</Token>
		
        
        
	</File>
</Tokens>