<?xml version="1.0" encoding="UTF-8"?>
<Tokens version="1.0">
	<File path="Classes/AWSS3Initiator.html">
		
		<Token>
			<TokenIdentifier>//apple_ref/occ/cl/AWSS3Initiator</TokenIdentifier>
			<Abstract type="html"></Abstract>
			<DeclaredIn>AWSS3Model.h</DeclaredIn>
            
			
			<NodeRef refid="877"/>
		</Token>
		
		
		<Token>
			<TokenIdentifier>//apple_ref/occ/instm/AWSS3Initiator/setDisplayName:</TokenIdentifier>
			<Abstract type="html">Name of the Principal.</Abstract>
			<DeclaredIn>AWSS3Model.h</DeclaredIn>
			
			<Declaration>@property (nonatomic, strong) NSString *displayName</Declaration>
			
			
			<Anchor>//api/name/displayName</Anchor>
            <NodeRef refid="877"/>
		</Token>
		
		<Token>
			<TokenIdentifier>//apple_ref/occ/instm/AWSS3Initiator/displayName</TokenIdentifier>
			<Abstract type="html">Name of the Principal.</Abstract>
			<DeclaredIn>AWSS3Model.h</DeclaredIn>
			
			<Declaration>@property (nonatomic, strong) NSString *displayName</Declaration>
			
			
			<Anchor>//api/name/displayName</Anchor>
            <NodeRef refid="877"/>
		</Token>
		
		<Token>
			<TokenIdentifier>//apple_ref/occ/instp/AWSS3Initiator/displayName</TokenIdentifier>
			<Abstract type="html">Name of the Principal.</Abstract>
			<DeclaredIn>AWSS3Model.h</DeclaredIn>
			
			<Declaration>@property (nonatomic, strong) NSString *displayName</Declaration>
			
			
			<Anchor>//api/name/displayName</Anchor>
            <NodeRef refid="877"/>
		</Token>
		
		<Token>
			<TokenIdentifier>//apple_ref/occ/instm/AWSS3Initiator/setIdentifier:</TokenIdentifier>
			<Abstract type="html">If the principal is an AWS account, it provides the Canonical User ID. If the principal is an IAM User, it provides a user ARN value.</Abstract>
			<DeclaredIn>AWSS3Model.h</DeclaredIn>
			
			<Declaration>@property (nonatomic, strong) NSString *identifier</Declaration>
			
			
			<Anchor>//api/name/identifier</Anchor>
            <NodeRef refid="877"/>
		</Token>
		
		<Token>
			<TokenIdentifier>//apple_ref/occ/instm/AWSS3Initiator/identifier</TokenIdentifier>
			<Abstract type="html">If the principal is an AWS account, it provides the Canonical User ID. If the principal is an IAM User, it provides a user ARN value.</Abstract>
			<DeclaredIn>AWSS3Model.h</DeclaredIn>
			
			<Declaration>@property (nonatomic, strong) NSString *identifier</Declaration>
			
			
			<Anchor>//api/name/identifier</Anchor>
            <NodeRef refid="877"/>
		</Token>
		
		<Token>
			<TokenIdentifier>//apple_ref/occ/instp/AWSS3Initiator/identifier</TokenIdentifier>
			<Abstract type="html">If the principal is an AWS account, it provides the Canonical User ID. If the principal is an IAM User, it provides a user ARN value.</Abstract>
			<DeclaredIn>AWSS3Model.h</DeclaredIn>
			
			<Declaration>@property (nonatomic, strong) NSString *identifier</Declaration>
			
			
			<Anchor>//api/name/identifier</Anchor>
            <NodeRef refid="877"/>
		</Token>
		
        
        
	</File>
</Tokens>