<?xml version="1.0" encoding="UTF-8"?>
<Tokens version="1.0">
	<File path="Classes/AWSEC2ReservedInstancesId.html">
		
		<Token>
			<TokenIdentifier>//apple_ref/occ/cl/AWSEC2ReservedInstancesId</TokenIdentifier>
			<Abstract type="html">&lt;p&gt;Describes the ID of a Reserved Instance.&lt;/p&gt;</Abstract>
			<DeclaredIn>AWSEC2Model.h</DeclaredIn>
            
			
			<NodeRef refid="586"/>
		</Token>
		
		
		<Token>
			<TokenIdentifier>//apple_ref/occ/instm/AWSEC2ReservedInstancesId/setReservedInstancesId:</TokenIdentifier>
			<Abstract type="html">&lt;p&gt;The ID of the Reserved Instance.&lt;/p&gt;</Abstract>
			<DeclaredIn>AWSEC2Model.h</DeclaredIn>
			
			<Declaration>@property (nonatomic, strong) NSString *reservedInstancesId</Declaration>
			
			
			<Anchor>//api/name/reservedInstancesId</Anchor>
            <NodeRef refid="586"/>
		</Token>
		
		<Token>
			<TokenIdentifier>//apple_ref/occ/instm/AWSEC2ReservedInstancesId/reservedInstancesId</TokenIdentifier>
			<Abstract type="html">&lt;p&gt;The ID of the Reserved Instance.&lt;/p&gt;</Abstract>
			<DeclaredIn>AWSEC2Model.h</DeclaredIn>
			
			<Declaration>@property (nonatomic, strong) NSString *reservedInstancesId</Declaration>
			
			
			<Anchor>//api/name/reservedInstancesId</Anchor>
            <NodeRef refid="586"/>
		</Token>
		
		<Token>
			<TokenIdentifier>//apple_ref/occ/instp/AWSEC2ReservedInstancesId/reservedInstancesId</TokenIdentifier>
			<Abstract type="html">&lt;p&gt;The ID of the Reserved Instance.&lt;/p&gt;</Abstract>
			<DeclaredIn>AWSEC2Model.h</DeclaredIn>
			
			<Declaration>@property (nonatomic, strong) NSString *reservedInstancesId</Declaration>
			
			
			<Anchor>//api/name/reservedInstancesId</Anchor>
            <NodeRef refid="586"/>
		</Token>
		
        
        
	</File>
</Tokens>