<?xml version="1.0" encoding="UTF-8"?>
<Tokens version="1.0">
	<File path="Classes/AWSCognitoIdentityGetIdentityPoolRolesInput.html">
		
		<Token>
			<TokenIdentifier>//apple_ref/occ/cl/AWSCognitoIdentityGetIdentityPoolRolesInput</TokenIdentifier>
			<Abstract type="html">&lt;p&gt;Input to the &lt;code&gt;GetIdentityPoolRoles&lt;/code&gt; action.&lt;/p&gt;
Required parameters: [IdentityPoolId]</Abstract>
			<DeclaredIn>AWSCognitoIdentityModel.h</DeclaredIn>
            
			
			<NodeRef refid="130"/>
		</Token>
		
		
		<Token>
			<TokenIdentifier>//apple_ref/occ/instm/AWSCognitoIdentityGetIdentityPoolRolesInput/setIdentityPoolId:</TokenIdentifier>
			<Abstract type="html">&lt;p&gt;An identity pool ID in the format REGION:GUID.&lt;/p&gt;</Abstract>
			<DeclaredIn>AWSCognitoIdentityModel.h</DeclaredIn>
			
			<Declaration>@property (nonatomic, strong) NSString *identityPoolId</Declaration>
			
			
			<Anchor>//api/name/identityPoolId</Anchor>
            <NodeRef refid="130"/>
		</Token>
		
		<Token>
			<TokenIdentifier>//apple_ref/occ/instm/AWSCognitoIdentityGetIdentityPoolRolesInput/identityPoolId</TokenIdentifier>
			<Abstract type="html">&lt;p&gt;An identity pool ID in the format REGION:GUID.&lt;/p&gt;</Abstract>
			<DeclaredIn>AWSCognitoIdentityModel.h</DeclaredIn>
			
			<Declaration>@property (nonatomic, strong) NSString *identityPoolId</Declaration>
			
			
			<Anchor>//api/name/identityPoolId</Anchor>
            <NodeRef refid="130"/>
		</Token>
		
		<Token>
			<TokenIdentifier>//apple_ref/occ/instp/AWSCognitoIdentityGetIdentityPoolRolesInput/identityPoolId</TokenIdentifier>
			<Abstract type="html">&lt;p&gt;An identity pool ID in the format REGION:GUID.&lt;/p&gt;</Abstract>
			<DeclaredIn>AWSCognitoIdentityModel.h</DeclaredIn>
			
			<Declaration>@property (nonatomic, strong) NSString *identityPoolId</Declaration>
			
			
			<Anchor>//api/name/identityPoolId</Anchor>
            <NodeRef refid="130"/>
		</Token>
		
        
        
	</File>
</Tokens>