<?xml version="1.0" encoding="UTF-8"?>
<Tokens version="1.0">
	<File path="Constants/AWSSimpleDBErrorType.html">
		
		<Token>
			<TokenIdentifier>//apple_ref/c/tdef/AWSSimpleDBErrorType</TokenIdentifier>
			<Abstract type="html"></Abstract>
			<DeclaredIn>AWSSimpleDBModel.h</DeclaredIn>
            
			
			<NodeRef refid="1287"/>
		</Token>
		
		
        
        <Token>
            <TokenIdentifier>//apple_ref/c/econst/AWSSimpleDBErrorUnknown</TokenIdentifier>
            <Abstract type="html"></Abstract>
            <Declaration>AWSSimpleDBErrorUnknown</Declaration>
            
            <DeclaredIn>AWSSimpleDBModel.h</DeclaredIn>
            
            <NodeRef refid="1287"/>
        </Token>
        
        <Token>
            <TokenIdentifier>//apple_ref/c/econst/AWSSimpleDBErrorAccessFailure</TokenIdentifier>
            <Abstract type="html"></Abstract>
            <Declaration>AWSSimpleDBErrorAccessFailure</Declaration>
            
            <DeclaredIn>AWSSimpleDBModel.h</DeclaredIn>
            
            <NodeRef refid="1287"/>
        </Token>
        
        <Token>
            <TokenIdentifier>//apple_ref/c/econst/AWSSimpleDBErrorAuthFailure</TokenIdentifier>
            <Abstract type="html"></Abstract>
            <Declaration>AWSSimpleDBErrorAuthFailure</Declaration>
            
            <DeclaredIn>AWSSimpleDBModel.h</DeclaredIn>
            
            <NodeRef refid="1287"/>
        </Token>
        
        <Token>
            <TokenIdentifier>//apple_ref/c/econst/AWSSimpleDBErrorAuthMissingFailure</TokenIdentifier>
            <Abstract type="html"></Abstract>
            <Declaration>AWSSimpleDBErrorAuthMissingFailure</Declaration>
            
            <DeclaredIn>AWSSimpleDBModel.h</DeclaredIn>
            
            <NodeRef refid="1287"/>
        </Token>
        
        <Token>
            <TokenIdentifier>//apple_ref/c/econst/AWSSimpleDBErrorAttributeDoesNotExist</TokenIdentifier>
            <Abstract type="html"></Abstract>
            <Declaration>AWSSimpleDBErrorAttributeDoesNotExist</Declaration>
            
            <DeclaredIn>AWSSimpleDBModel.h</DeclaredIn>
            
            <NodeRef refid="1287"/>
        </Token>
        
        <Token>
            <TokenIdentifier>//apple_ref/c/econst/AWSSimpleDBErrorDuplicateItemName</TokenIdentifier>
            <Abstract type="html"></Abstract>
            <Declaration>AWSSimpleDBErrorDuplicateItemName</Declaration>
            
            <DeclaredIn>AWSSimpleDBModel.h</DeclaredIn>
            
            <NodeRef refid="1287"/>
        </Token>
        
        <Token>
            <TokenIdentifier>//apple_ref/c/econst/AWSSimpleDBErrorInvalidNextToken</TokenIdentifier>
            <Abstract type="html"></Abstract>
            <Declaration>AWSSimpleDBErrorInvalidNextToken</Declaration>
            
            <DeclaredIn>AWSSimpleDBModel.h</DeclaredIn>
            
            <NodeRef refid="1287"/>
        </Token>
        
        <Token>
            <TokenIdentifier>//apple_ref/c/econst/AWSSimpleDBErrorInvalidNumberPredicates</TokenIdentifier>
            <Abstract type="html"></Abstract>
            <Declaration>AWSSimpleDBErrorInvalidNumberPredicates</Declaration>
            
            <DeclaredIn>AWSSimpleDBModel.h</DeclaredIn>
            
            <NodeRef refid="1287"/>
        </Token>
        
        <Token>
            <TokenIdentifier>//apple_ref/c/econst/AWSSimpleDBErrorInvalidNumberValueTests</TokenIdentifier>
            <Abstract type="html"></Abstract>
            <Declaration>AWSSimpleDBErrorInvalidNumberValueTests</Declaration>
            
            <DeclaredIn>AWSSimpleDBModel.h</DeclaredIn>
            
            <NodeRef refid="1287"/>
        </Token>
        
        <Token>
            <TokenIdentifier>//apple_ref/c/econst/AWSSimpleDBErrorInvalidParameterValue</TokenIdentifier>
            <Abstract type="html"></Abstract>
            <Declaration>AWSSimpleDBErrorInvalidParameterValue</Declaration>
            
            <DeclaredIn>AWSSimpleDBModel.h</DeclaredIn>
            
            <NodeRef refid="1287"/>
        </Token>
        
        <Token>
            <TokenIdentifier>//apple_ref/c/econst/AWSSimpleDBErrorInvalidQueryExpression</TokenIdentifier>
            <Abstract type="html"></Abstract>
            <Declaration>AWSSimpleDBErrorInvalidQueryExpression</Declaration>
            
            <DeclaredIn>AWSSimpleDBModel.h</DeclaredIn>
            
            <NodeRef refid="1287"/>
        </Token>
        
        <Token>
            <TokenIdentifier>//apple_ref/c/econst/AWSSimpleDBErrorMissingParameter</TokenIdentifier>
            <Abstract type="html"></Abstract>
            <Declaration>AWSSimpleDBErrorMissingParameter</Declaration>
            
            <DeclaredIn>AWSSimpleDBModel.h</DeclaredIn>
            
            <NodeRef refid="1287"/>
        </Token>
        
        <Token>
            <TokenIdentifier>//apple_ref/c/econst/AWSSimpleDBErrorNoSuchDomain</TokenIdentifier>
            <Abstract type="html"></Abstract>
            <Declaration>AWSSimpleDBErrorNoSuchDomain</Declaration>
            
            <DeclaredIn>AWSSimpleDBModel.h</DeclaredIn>
            
            <NodeRef refid="1287"/>
        </Token>
        
        <Token>
            <TokenIdentifier>//apple_ref/c/econst/AWSSimpleDBErrorNumberDomainAttributesExceeded</TokenIdentifier>
            <Abstract type="html"></Abstract>
            <Declaration>AWSSimpleDBErrorNumberDomainAttributesExceeded</Declaration>
            
            <DeclaredIn>AWSSimpleDBModel.h</DeclaredIn>
            
            <NodeRef refid="1287"/>
        </Token>
        
        <Token>
            <TokenIdentifier>//apple_ref/c/econst/AWSSimpleDBErrorNumberDomainBytesExceeded</TokenIdentifier>
            <Abstract type="html"></Abstract>
            <Declaration>AWSSimpleDBErrorNumberDomainBytesExceeded</Declaration>
            
            <DeclaredIn>AWSSimpleDBModel.h</DeclaredIn>
            
            <NodeRef refid="1287"/>
        </Token>
        
        <Token>
            <TokenIdentifier>//apple_ref/c/econst/AWSSimpleDBErrorNumberDomainsExceeded</TokenIdentifier>
            <Abstract type="html"></Abstract>
            <Declaration>AWSSimpleDBErrorNumberDomainsExceeded</Declaration>
            
            <DeclaredIn>AWSSimpleDBModel.h</DeclaredIn>
            
            <NodeRef refid="1287"/>
        </Token>
        
        <Token>
            <TokenIdentifier>//apple_ref/c/econst/AWSSimpleDBErrorNumberItemAttributesExceeded</TokenIdentifier>
            <Abstract type="html"></Abstract>
            <Declaration>AWSSimpleDBErrorNumberItemAttributesExceeded</Declaration>
            
            <DeclaredIn>AWSSimpleDBModel.h</DeclaredIn>
            
            <NodeRef refid="1287"/>
        </Token>
        
        <Token>
            <TokenIdentifier>//apple_ref/c/econst/AWSSimpleDBErrorNumberSubmittedAttributesExceeded</TokenIdentifier>
            <Abstract type="html"></Abstract>
            <Declaration>AWSSimpleDBErrorNumberSubmittedAttributesExceeded</Declaration>
            
            <DeclaredIn>AWSSimpleDBModel.h</DeclaredIn>
            
            <NodeRef refid="1287"/>
        </Token>
        
        <Token>
            <TokenIdentifier>//apple_ref/c/econst/AWSSimpleDBErrorNumberSubmittedItemsExceeded</TokenIdentifier>
            <Abstract type="html"></Abstract>
            <Declaration>AWSSimpleDBErrorNumberSubmittedItemsExceeded</Declaration>
            
            <DeclaredIn>AWSSimpleDBModel.h</DeclaredIn>
            
            <NodeRef refid="1287"/>
        </Token>
        
        <Token>
            <TokenIdentifier>//apple_ref/c/econst/AWSSimpleDBErrorRequestTimeout</TokenIdentifier>
            <Abstract type="html"></Abstract>
            <Declaration>AWSSimpleDBErrorRequestTimeout</Declaration>
            
            <DeclaredIn>AWSSimpleDBModel.h</DeclaredIn>
            
            <NodeRef refid="1287"/>
        </Token>
        
        <Token>
            <TokenIdentifier>//apple_ref/c/econst/AWSSimpleDBErrorTooManyRequestedAttributes</TokenIdentifier>
            <Abstract type="html"></Abstract>
            <Declaration>AWSSimpleDBErrorTooManyRequestedAttributes</Declaration>
            
            <DeclaredIn>AWSSimpleDBModel.h</DeclaredIn>
            
            <NodeRef refid="1287"/>
        </Token>
        
        
	</File>
</Tokens>