<?xml version="1.0" encoding="UTF-8"?>
<Tokens version="1.0">
	<File path="Constants/AWSEC2OfferingTypeValues.html">
		
		<Token>
			<TokenIdentifier>//apple_ref/c/tdef/AWSEC2OfferingTypeValues</TokenIdentifier>
			<Abstract type="html"></Abstract>
			<DeclaredIn>AWSEC2Model.h</DeclaredIn>
            
			
			<NodeRef refid="1189"/>
		</Token>
		
		
        
        <Token>
            <TokenIdentifier>//apple_ref/c/econst/AWSEC2OfferingTypeValuesUnknown</TokenIdentifier>
            <Abstract type="html"></Abstract>
            <Declaration>AWSEC2OfferingTypeValuesUnknown</Declaration>
            
            <DeclaredIn>AWSEC2Model.h</DeclaredIn>
            
            <NodeRef refid="1189"/>
        </Token>
        
        <Token>
            <TokenIdentifier>//apple_ref/c/econst/AWSEC2OfferingTypeValuesHeavyUtilization</TokenIdentifier>
            <Abstract type="html"></Abstract>
            <Declaration>AWSEC2OfferingTypeValuesHeavyUtilization</Declaration>
            
            <DeclaredIn>AWSEC2Model.h</DeclaredIn>
            
            <NodeRef refid="1189"/>
        </Token>
        
        <Token>
            <TokenIdentifier>//apple_ref/c/econst/AWSEC2OfferingTypeValuesMediumUtilization</TokenIdentifier>
            <Abstract type="html"></Abstract>
            <Declaration>AWSEC2OfferingTypeValuesMediumUtilization</Declaration>
            
            <DeclaredIn>AWSEC2Model.h</DeclaredIn>
            
            <NodeRef refid="1189"/>
        </Token>
        
        <Token>
            <TokenIdentifier>//apple_ref/c/econst/AWSEC2OfferingTypeValuesLightUtilization</TokenIdentifier>
            <Abstract type="html"></Abstract>
            <Declaration>AWSEC2OfferingTypeValuesLightUtilization</Declaration>
            
            <DeclaredIn>AWSEC2Model.h</DeclaredIn>
            
            <NodeRef refid="1189"/>
        </Token>
        
        <Token>
            <TokenIdentifier>//apple_ref/c/econst/AWSEC2OfferingTypeValuesNoUpfront</TokenIdentifier>
            <Abstract type="html"></Abstract>
            <Declaration>AWSEC2OfferingTypeValuesNoUpfront</Declaration>
            
            <DeclaredIn>AWSEC2Model.h</DeclaredIn>
            
            <NodeRef refid="1189"/>
        </Token>
        
        <Token>
            <TokenIdentifier>//apple_ref/c/econst/AWSEC2OfferingTypeValuesPartialUpfront</TokenIdentifier>
            <Abstract type="html"></Abstract>
            <Declaration>AWSEC2OfferingTypeValuesPartialUpfront</Declaration>
            
            <DeclaredIn>AWSEC2Model.h</DeclaredIn>
            
            <NodeRef refid="1189"/>
        </Token>
        
        <Token>
            <TokenIdentifier>//apple_ref/c/econst/AWSEC2OfferingTypeValuesAllUpfront</TokenIdentifier>
            <Abstract type="html"></Abstract>
            <Declaration>AWSEC2OfferingTypeValuesAllUpfront</Declaration>
            
            <DeclaredIn>AWSEC2Model.h</DeclaredIn>
            
            <NodeRef refid="1189"/>
        </Token>
        
        
	</File>
</Tokens>