<?xml version="1.0" encoding="UTF-8"?>
<Tokens version="1.0">
	<File path="Classes/AWSEC2AuthorizeSecurityGroupIngressRequest.html">
		
		<Token>
			<TokenIdentifier>//apple_ref/occ/cl/AWSEC2AuthorizeSecurityGroupIngressRequest</TokenIdentifier>
			<Abstract type="html"></Abstract>
			<DeclaredIn>AWSEC2Model.h</DeclaredIn>
            
			
			<NodeRef refid="281"/>
		</Token>
		
		
		<Token>
			<TokenIdentifier>//apple_ref/occ/instm/AWSEC2AuthorizeSecurityGroupIngressRequest/setCidrIp:</TokenIdentifier>
			<Abstract type="html">&lt;p&gt;The CIDR IP address range. You can&apos;t specify this parameter when specifying a source security group.&lt;/p&gt;</Abstract>
			<DeclaredIn>AWSEC2Model.h</DeclaredIn>
			
			<Declaration>@property (nonatomic, strong) NSString *cidrIp</Declaration>
			
			
			<Anchor>//api/name/cidrIp</Anchor>
            <NodeRef refid="281"/>
		</Token>
		
		<Token>
			<TokenIdentifier>//apple_ref/occ/instm/AWSEC2AuthorizeSecurityGroupIngressRequest/cidrIp</TokenIdentifier>
			<Abstract type="html">&lt;p&gt;The CIDR IP address range. You can&apos;t specify this parameter when specifying a source security group.&lt;/p&gt;</Abstract>
			<DeclaredIn>AWSEC2Model.h</DeclaredIn>
			
			<Declaration>@property (nonatomic, strong) NSString *cidrIp</Declaration>
			
			
			<Anchor>//api/name/cidrIp</Anchor>
            <NodeRef refid="281"/>
		</Token>
		
		<Token>
			<TokenIdentifier>//apple_ref/occ/instp/AWSEC2AuthorizeSecurityGroupIngressRequest/cidrIp</TokenIdentifier>
			<Abstract type="html">&lt;p&gt;The CIDR IP address range. You can&apos;t specify this parameter when specifying a source security group.&lt;/p&gt;</Abstract>
			<DeclaredIn>AWSEC2Model.h</DeclaredIn>
			
			<Declaration>@property (nonatomic, strong) NSString *cidrIp</Declaration>
			
			
			<Anchor>//api/name/cidrIp</Anchor>
            <NodeRef refid="281"/>
		</Token>
		
		<Token>
			<TokenIdentifier>//apple_ref/occ/instm/AWSEC2AuthorizeSecurityGroupIngressRequest/setDryRun:</TokenIdentifier>
			<Abstract type="html"></Abstract>
			<DeclaredIn>AWSEC2Model.h</DeclaredIn>
			
			<Declaration>@property (nonatomic, strong) NSNumber *dryRun</Declaration>
			
			
			<Anchor>//api/name/dryRun</Anchor>
            <NodeRef refid="281"/>
		</Token>
		
		<Token>
			<TokenIdentifier>//apple_ref/occ/instm/AWSEC2AuthorizeSecurityGroupIngressRequest/dryRun</TokenIdentifier>
			<Abstract type="html"></Abstract>
			<DeclaredIn>AWSEC2Model.h</DeclaredIn>
			
			<Declaration>@property (nonatomic, strong) NSNumber *dryRun</Declaration>
			
			
			<Anchor>//api/name/dryRun</Anchor>
            <NodeRef refid="281"/>
		</Token>
		
		<Token>
			<TokenIdentifier>//apple_ref/occ/instp/AWSEC2AuthorizeSecurityGroupIngressRequest/dryRun</TokenIdentifier>
			<Abstract type="html"></Abstract>
			<DeclaredIn>AWSEC2Model.h</DeclaredIn>
			
			<Declaration>@property (nonatomic, strong) NSNumber *dryRun</Declaration>
			
			
			<Anchor>//api/name/dryRun</Anchor>
            <NodeRef refid="281"/>
		</Token>
		
		<Token>
			<TokenIdentifier>//apple_ref/occ/instm/AWSEC2AuthorizeSecurityGroupIngressRequest/setFromPort:</TokenIdentifier>
			<Abstract type="html">&lt;p&gt;The start of port range for the TCP and UDP protocols, or an ICMP type number. For the ICMP type number, use &lt;code&gt;-1&lt;/code&gt; to specify all ICMP types.&lt;/p&gt;</Abstract>
			<DeclaredIn>AWSEC2Model.h</DeclaredIn>
			
			<Declaration>@property (nonatomic, strong) NSNumber *fromPort</Declaration>
			
			
			<Anchor>//api/name/fromPort</Anchor>
            <NodeRef refid="281"/>
		</Token>
		
		<Token>
			<TokenIdentifier>//apple_ref/occ/instm/AWSEC2AuthorizeSecurityGroupIngressRequest/fromPort</TokenIdentifier>
			<Abstract type="html">&lt;p&gt;The start of port range for the TCP and UDP protocols, or an ICMP type number. For the ICMP type number, use &lt;code&gt;-1&lt;/code&gt; to specify all ICMP types.&lt;/p&gt;</Abstract>
			<DeclaredIn>AWSEC2Model.h</DeclaredIn>
			
			<Declaration>@property (nonatomic, strong) NSNumber *fromPort</Declaration>
			
			
			<Anchor>//api/name/fromPort</Anchor>
            <NodeRef refid="281"/>
		</Token>
		
		<Token>
			<TokenIdentifier>//apple_ref/occ/instp/AWSEC2AuthorizeSecurityGroupIngressRequest/fromPort</TokenIdentifier>
			<Abstract type="html">&lt;p&gt;The start of port range for the TCP and UDP protocols, or an ICMP type number. For the ICMP type number, use &lt;code&gt;-1&lt;/code&gt; to specify all ICMP types.&lt;/p&gt;</Abstract>
			<DeclaredIn>AWSEC2Model.h</DeclaredIn>
			
			<Declaration>@property (nonatomic, strong) NSNumber *fromPort</Declaration>
			
			
			<Anchor>//api/name/fromPort</Anchor>
            <NodeRef refid="281"/>
		</Token>
		
		<Token>
			<TokenIdentifier>//apple_ref/occ/instm/AWSEC2AuthorizeSecurityGroupIngressRequest/setGroupId:</TokenIdentifier>
			<Abstract type="html">&lt;p&gt;The ID of the security group.&lt;/p&gt;</Abstract>
			<DeclaredIn>AWSEC2Model.h</DeclaredIn>
			
			<Declaration>@property (nonatomic, strong) NSString *groupId</Declaration>
			
			
			<Anchor>//api/name/groupId</Anchor>
            <NodeRef refid="281"/>
		</Token>
		
		<Token>
			<TokenIdentifier>//apple_ref/occ/instm/AWSEC2AuthorizeSecurityGroupIngressRequest/groupId</TokenIdentifier>
			<Abstract type="html">&lt;p&gt;The ID of the security group.&lt;/p&gt;</Abstract>
			<DeclaredIn>AWSEC2Model.h</DeclaredIn>
			
			<Declaration>@property (nonatomic, strong) NSString *groupId</Declaration>
			
			
			<Anchor>//api/name/groupId</Anchor>
            <NodeRef refid="281"/>
		</Token>
		
		<Token>
			<TokenIdentifier>//apple_ref/occ/instp/AWSEC2AuthorizeSecurityGroupIngressRequest/groupId</TokenIdentifier>
			<Abstract type="html">&lt;p&gt;The ID of the security group.&lt;/p&gt;</Abstract>
			<DeclaredIn>AWSEC2Model.h</DeclaredIn>
			
			<Declaration>@property (nonatomic, strong) NSString *groupId</Declaration>
			
			
			<Anchor>//api/name/groupId</Anchor>
            <NodeRef refid="281"/>
		</Token>
		
		<Token>
			<TokenIdentifier>//apple_ref/occ/instm/AWSEC2AuthorizeSecurityGroupIngressRequest/setGroupName:</TokenIdentifier>
			<Abstract type="html">&lt;p&gt;[EC2-Classic, default VPC] The name of the security group.&lt;/p&gt;</Abstract>
			<DeclaredIn>AWSEC2Model.h</DeclaredIn>
			
			<Declaration>@property (nonatomic, strong) NSString *groupName</Declaration>
			
			
			<Anchor>//api/name/groupName</Anchor>
            <NodeRef refid="281"/>
		</Token>
		
		<Token>
			<TokenIdentifier>//apple_ref/occ/instm/AWSEC2AuthorizeSecurityGroupIngressRequest/groupName</TokenIdentifier>
			<Abstract type="html">&lt;p&gt;[EC2-Classic, default VPC] The name of the security group.&lt;/p&gt;</Abstract>
			<DeclaredIn>AWSEC2Model.h</DeclaredIn>
			
			<Declaration>@property (nonatomic, strong) NSString *groupName</Declaration>
			
			
			<Anchor>//api/name/groupName</Anchor>
            <NodeRef refid="281"/>
		</Token>
		
		<Token>
			<TokenIdentifier>//apple_ref/occ/instp/AWSEC2AuthorizeSecurityGroupIngressRequest/groupName</TokenIdentifier>
			<Abstract type="html">&lt;p&gt;[EC2-Classic, default VPC] The name of the security group.&lt;/p&gt;</Abstract>
			<DeclaredIn>AWSEC2Model.h</DeclaredIn>
			
			<Declaration>@property (nonatomic, strong) NSString *groupName</Declaration>
			
			
			<Anchor>//api/name/groupName</Anchor>
            <NodeRef refid="281"/>
		</Token>
		
		<Token>
			<TokenIdentifier>//apple_ref/occ/instm/AWSEC2AuthorizeSecurityGroupIngressRequest/setIpPermissions:</TokenIdentifier>
			<Abstract type="html">&lt;p&gt;A set of IP permissions. You can&apos;t specify a source security group and a CIDR IP address range.&lt;/p&gt;</Abstract>
			<DeclaredIn>AWSEC2Model.h</DeclaredIn>
			
			<Declaration>@property (nonatomic, strong) NSArray *ipPermissions</Declaration>
			
			
			<Anchor>//api/name/ipPermissions</Anchor>
            <NodeRef refid="281"/>
		</Token>
		
		<Token>
			<TokenIdentifier>//apple_ref/occ/instm/AWSEC2AuthorizeSecurityGroupIngressRequest/ipPermissions</TokenIdentifier>
			<Abstract type="html">&lt;p&gt;A set of IP permissions. You can&apos;t specify a source security group and a CIDR IP address range.&lt;/p&gt;</Abstract>
			<DeclaredIn>AWSEC2Model.h</DeclaredIn>
			
			<Declaration>@property (nonatomic, strong) NSArray *ipPermissions</Declaration>
			
			
			<Anchor>//api/name/ipPermissions</Anchor>
            <NodeRef refid="281"/>
		</Token>
		
		<Token>
			<TokenIdentifier>//apple_ref/occ/instp/AWSEC2AuthorizeSecurityGroupIngressRequest/ipPermissions</TokenIdentifier>
			<Abstract type="html">&lt;p&gt;A set of IP permissions. You can&apos;t specify a source security group and a CIDR IP address range.&lt;/p&gt;</Abstract>
			<DeclaredIn>AWSEC2Model.h</DeclaredIn>
			
			<Declaration>@property (nonatomic, strong) NSArray *ipPermissions</Declaration>
			
			
			<Anchor>//api/name/ipPermissions</Anchor>
            <NodeRef refid="281"/>
		</Token>
		
		<Token>
			<TokenIdentifier>//apple_ref/occ/instm/AWSEC2AuthorizeSecurityGroupIngressRequest/setIpProtocol:</TokenIdentifier>
			<Abstract type="html">&lt;p&gt;The IP protocol name (&lt;code&gt;tcp&lt;/code&gt;, &lt;code&gt;udp&lt;/code&gt;, &lt;code&gt;icmp&lt;/code&gt;) or number (see Protocol Numbers). Use &lt;code&gt;-1&lt;/code&gt; to specify all.&lt;/p&gt;</Abstract>
			<DeclaredIn>AWSEC2Model.h</DeclaredIn>
			
			<Declaration>@property (nonatomic, strong) NSString *ipProtocol</Declaration>
			
			
			<Anchor>//api/name/ipProtocol</Anchor>
            <NodeRef refid="281"/>
		</Token>
		
		<Token>
			<TokenIdentifier>//apple_ref/occ/instm/AWSEC2AuthorizeSecurityGroupIngressRequest/ipProtocol</TokenIdentifier>
			<Abstract type="html">&lt;p&gt;The IP protocol name (&lt;code&gt;tcp&lt;/code&gt;, &lt;code&gt;udp&lt;/code&gt;, &lt;code&gt;icmp&lt;/code&gt;) or number (see Protocol Numbers). Use &lt;code&gt;-1&lt;/code&gt; to specify all.&lt;/p&gt;</Abstract>
			<DeclaredIn>AWSEC2Model.h</DeclaredIn>
			
			<Declaration>@property (nonatomic, strong) NSString *ipProtocol</Declaration>
			
			
			<Anchor>//api/name/ipProtocol</Anchor>
            <NodeRef refid="281"/>
		</Token>
		
		<Token>
			<TokenIdentifier>//apple_ref/occ/instp/AWSEC2AuthorizeSecurityGroupIngressRequest/ipProtocol</TokenIdentifier>
			<Abstract type="html">&lt;p&gt;The IP protocol name (&lt;code&gt;tcp&lt;/code&gt;, &lt;code&gt;udp&lt;/code&gt;, &lt;code&gt;icmp&lt;/code&gt;) or number (see Protocol Numbers). Use &lt;code&gt;-1&lt;/code&gt; to specify all.&lt;/p&gt;</Abstract>
			<DeclaredIn>AWSEC2Model.h</DeclaredIn>
			
			<Declaration>@property (nonatomic, strong) NSString *ipProtocol</Declaration>
			
			
			<Anchor>//api/name/ipProtocol</Anchor>
            <NodeRef refid="281"/>
		</Token>
		
		<Token>
			<TokenIdentifier>//apple_ref/occ/instm/AWSEC2AuthorizeSecurityGroupIngressRequest/setSourceSecurityGroupName:</TokenIdentifier>
			<Abstract type="html">&lt;p&gt;[EC2-Classic, default VPC] The name of the source security group. You can&apos;t specify a source security group and a CIDR IP address range.&lt;/p&gt;</Abstract>
			<DeclaredIn>AWSEC2Model.h</DeclaredIn>
			
			<Declaration>@property (nonatomic, strong) NSString *sourceSecurityGroupName</Declaration>
			
			
			<Anchor>//api/name/sourceSecurityGroupName</Anchor>
            <NodeRef refid="281"/>
		</Token>
		
		<Token>
			<TokenIdentifier>//apple_ref/occ/instm/AWSEC2AuthorizeSecurityGroupIngressRequest/sourceSecurityGroupName</TokenIdentifier>
			<Abstract type="html">&lt;p&gt;[EC2-Classic, default VPC] The name of the source security group. You can&apos;t specify a source security group and a CIDR IP address range.&lt;/p&gt;</Abstract>
			<DeclaredIn>AWSEC2Model.h</DeclaredIn>
			
			<Declaration>@property (nonatomic, strong) NSString *sourceSecurityGroupName</Declaration>
			
			
			<Anchor>//api/name/sourceSecurityGroupName</Anchor>
            <NodeRef refid="281"/>
		</Token>
		
		<Token>
			<TokenIdentifier>//apple_ref/occ/instp/AWSEC2AuthorizeSecurityGroupIngressRequest/sourceSecurityGroupName</TokenIdentifier>
			<Abstract type="html">&lt;p&gt;[EC2-Classic, default VPC] The name of the source security group. You can&apos;t specify a source security group and a CIDR IP address range.&lt;/p&gt;</Abstract>
			<DeclaredIn>AWSEC2Model.h</DeclaredIn>
			
			<Declaration>@property (nonatomic, strong) NSString *sourceSecurityGroupName</Declaration>
			
			
			<Anchor>//api/name/sourceSecurityGroupName</Anchor>
            <NodeRef refid="281"/>
		</Token>
		
		<Token>
			<TokenIdentifier>//apple_ref/occ/instm/AWSEC2AuthorizeSecurityGroupIngressRequest/setSourceSecurityGroupOwnerId:</TokenIdentifier>
			<Abstract type="html">&lt;p&gt;The ID of the source security group. You can&apos;t specify a source security group and a CIDR IP address range.&lt;/p&gt;</Abstract>
			<DeclaredIn>AWSEC2Model.h</DeclaredIn>
			
			<Declaration>@property (nonatomic, strong) NSString *sourceSecurityGroupOwnerId</Declaration>
			
			
			<Anchor>//api/name/sourceSecurityGroupOwnerId</Anchor>
            <NodeRef refid="281"/>
		</Token>
		
		<Token>
			<TokenIdentifier>//apple_ref/occ/instm/AWSEC2AuthorizeSecurityGroupIngressRequest/sourceSecurityGroupOwnerId</TokenIdentifier>
			<Abstract type="html">&lt;p&gt;The ID of the source security group. You can&apos;t specify a source security group and a CIDR IP address range.&lt;/p&gt;</Abstract>
			<DeclaredIn>AWSEC2Model.h</DeclaredIn>
			
			<Declaration>@property (nonatomic, strong) NSString *sourceSecurityGroupOwnerId</Declaration>
			
			
			<Anchor>//api/name/sourceSecurityGroupOwnerId</Anchor>
            <NodeRef refid="281"/>
		</Token>
		
		<Token>
			<TokenIdentifier>//apple_ref/occ/instp/AWSEC2AuthorizeSecurityGroupIngressRequest/sourceSecurityGroupOwnerId</TokenIdentifier>
			<Abstract type="html">&lt;p&gt;The ID of the source security group. You can&apos;t specify a source security group and a CIDR IP address range.&lt;/p&gt;</Abstract>
			<DeclaredIn>AWSEC2Model.h</DeclaredIn>
			
			<Declaration>@property (nonatomic, strong) NSString *sourceSecurityGroupOwnerId</Declaration>
			
			
			<Anchor>//api/name/sourceSecurityGroupOwnerId</Anchor>
            <NodeRef refid="281"/>
		</Token>
		
		<Token>
			<TokenIdentifier>//apple_ref/occ/instm/AWSEC2AuthorizeSecurityGroupIngressRequest/setToPort:</TokenIdentifier>
			<Abstract type="html">&lt;p&gt;The end of port range for the TCP and UDP protocols, or an ICMP code number. For the ICMP code number, use &lt;code&gt;-1&lt;/code&gt; to specify all ICMP codes for the ICMP type.&lt;/p&gt;</Abstract>
			<DeclaredIn>AWSEC2Model.h</DeclaredIn>
			
			<Declaration>@property (nonatomic, strong) NSNumber *toPort</Declaration>
			
			
			<Anchor>//api/name/toPort</Anchor>
            <NodeRef refid="281"/>
		</Token>
		
		<Token>
			<TokenIdentifier>//apple_ref/occ/instm/AWSEC2AuthorizeSecurityGroupIngressRequest/toPort</TokenIdentifier>
			<Abstract type="html">&lt;p&gt;The end of port range for the TCP and UDP protocols, or an ICMP code number. For the ICMP code number, use &lt;code&gt;-1&lt;/code&gt; to specify all ICMP codes for the ICMP type.&lt;/p&gt;</Abstract>
			<DeclaredIn>AWSEC2Model.h</DeclaredIn>
			
			<Declaration>@property (nonatomic, strong) NSNumber *toPort</Declaration>
			
			
			<Anchor>//api/name/toPort</Anchor>
            <NodeRef refid="281"/>
		</Token>
		
		<Token>
			<TokenIdentifier>//apple_ref/occ/instp/AWSEC2AuthorizeSecurityGroupIngressRequest/toPort</TokenIdentifier>
			<Abstract type="html">&lt;p&gt;The end of port range for the TCP and UDP protocols, or an ICMP code number. For the ICMP code number, use &lt;code&gt;-1&lt;/code&gt; to specify all ICMP codes for the ICMP type.&lt;/p&gt;</Abstract>
			<DeclaredIn>AWSEC2Model.h</DeclaredIn>
			
			<Declaration>@property (nonatomic, strong) NSNumber *toPort</Declaration>
			
			
			<Anchor>//api/name/toPort</Anchor>
            <NodeRef refid="281"/>
		</Token>
		
        
        
	</File>
</Tokens>