<?xml version="1.0" encoding="UTF-8"?>
<Tokens version="1.0">
	<File path="Constants/AWSEC2VolumeAttributeName.html">
		
		<Token>
			<TokenIdentifier>//apple_ref/c/tdef/AWSEC2VolumeAttributeName</TokenIdentifier>
			<Abstract type="html"></Abstract>
			<DeclaredIn>AWSEC2Model.h</DeclaredIn>
            
			
			<NodeRef refid="1219"/>
		</Token>
		
		
        
        <Token>
            <TokenIdentifier>//apple_ref/c/econst/AWSEC2VolumeAttributeNameUnknown</TokenIdentifier>
            <Abstract type="html"></Abstract>
            <Declaration>AWSEC2VolumeAttributeNameUnknown</Declaration>
            
            <DeclaredIn>AWSEC2Model.h</DeclaredIn>
            
            <NodeRef refid="1219"/>
        </Token>
        
        <Token>
            <TokenIdentifier>//apple_ref/c/econst/AWSEC2VolumeAttributeNameAutoEnableIO</TokenIdentifier>
            <Abstract type="html"></Abstract>
            <Declaration>AWSEC2VolumeAttributeNameAutoEnableIO</Declaration>
            
            <DeclaredIn>AWSEC2Model.h</DeclaredIn>
            
            <NodeRef refid="1219"/>
        </Token>
        
        <Token>
            <TokenIdentifier>//apple_ref/c/econst/AWSEC2VolumeAttributeNameProductCodes</TokenIdentifier>
            <Abstract type="html"></Abstract>
            <Declaration>AWSEC2VolumeAttributeNameProductCodes</Declaration>
            
            <DeclaredIn>AWSEC2Model.h</DeclaredIn>
            
            <NodeRef refid="1219"/>
        </Token>
        
        
	</File>
</Tokens>