<?xml version="1.0" encoding="UTF-8"?>
<Tokens version="1.0">
	<File path="Classes/AWSElasticLoadBalancingDetachLoadBalancerFromSubnetsInput.html">
		
		<Token>
			<TokenIdentifier>//apple_ref/occ/cl/AWSElasticLoadBalancingDetachLoadBalancerFromSubnetsInput</TokenIdentifier>
			<Abstract type="html"></Abstract>
			<DeclaredIn>AWSElasticLoadBalancingModel.h</DeclaredIn>
            
			
			<NodeRef refid="694"/>
		</Token>
		
		
		<Token>
			<TokenIdentifier>//apple_ref/occ/instm/AWSElasticLoadBalancingDetachLoadBalancerFromSubnetsInput/setLoadBalancerName:</TokenIdentifier>
			<Abstract type="html"></Abstract>
			<DeclaredIn>AWSElasticLoadBalancingModel.h</DeclaredIn>
			
			<Declaration>@property (nonatomic, strong) NSString *loadBalancerName</Declaration>
			
			
			<Anchor>//api/name/loadBalancerName</Anchor>
            <NodeRef refid="694"/>
		</Token>
		
		<Token>
			<TokenIdentifier>//apple_ref/occ/instm/AWSElasticLoadBalancingDetachLoadBalancerFromSubnetsInput/loadBalancerName</TokenIdentifier>
			<Abstract type="html"></Abstract>
			<DeclaredIn>AWSElasticLoadBalancingModel.h</DeclaredIn>
			
			<Declaration>@property (nonatomic, strong) NSString *loadBalancerName</Declaration>
			
			
			<Anchor>//api/name/loadBalancerName</Anchor>
            <NodeRef refid="694"/>
		</Token>
		
		<Token>
			<TokenIdentifier>//apple_ref/occ/instp/AWSElasticLoadBalancingDetachLoadBalancerFromSubnetsInput/loadBalancerName</TokenIdentifier>
			<Abstract type="html"></Abstract>
			<DeclaredIn>AWSElasticLoadBalancingModel.h</DeclaredIn>
			
			<Declaration>@property (nonatomic, strong) NSString *loadBalancerName</Declaration>
			
			
			<Anchor>//api/name/loadBalancerName</Anchor>
            <NodeRef refid="694"/>
		</Token>
		
		<Token>
			<TokenIdentifier>//apple_ref/occ/instm/AWSElasticLoadBalancingDetachLoadBalancerFromSubnetsInput/setSubnets:</TokenIdentifier>
			<Abstract type="html"></Abstract>
			<DeclaredIn>AWSElasticLoadBalancingModel.h</DeclaredIn>
			
			<Declaration>@property (nonatomic, strong) NSArray *subnets</Declaration>
			
			
			<Anchor>//api/name/subnets</Anchor>
            <NodeRef refid="694"/>
		</Token>
		
		<Token>
			<TokenIdentifier>//apple_ref/occ/instm/AWSElasticLoadBalancingDetachLoadBalancerFromSubnetsInput/subnets</TokenIdentifier>
			<Abstract type="html"></Abstract>
			<DeclaredIn>AWSElasticLoadBalancingModel.h</DeclaredIn>
			
			<Declaration>@property (nonatomic, strong) NSArray *subnets</Declaration>
			
			
			<Anchor>//api/name/subnets</Anchor>
            <NodeRef refid="694"/>
		</Token>
		
		<Token>
			<TokenIdentifier>//apple_ref/occ/instp/AWSElasticLoadBalancingDetachLoadBalancerFromSubnetsInput/subnets</TokenIdentifier>
			<Abstract type="html"></Abstract>
			<DeclaredIn>AWSElasticLoadBalancingModel.h</DeclaredIn>
			
			<Declaration>@property (nonatomic, strong) NSArray *subnets</Declaration>
			
			
			<Anchor>//api/name/subnets</Anchor>
            <NodeRef refid="694"/>
		</Token>
		
        
        
	</File>
</Tokens>