<?xml version="1.0" encoding="UTF-8"?>
<Tokens version="1.0">
	<File path="Classes/AWSSESVerifyDomainIdentityRequest.html">
		
		<Token>
			<TokenIdentifier>//apple_ref/occ/cl/AWSSESVerifyDomainIdentityRequest</TokenIdentifier>
			<Abstract type="html">&lt;p&gt;Represents a request instructing the service to begin domain verification.&lt;/p&gt;
Required parameters: [Domain]</Abstract>
			<DeclaredIn>AWSSESModel.h</DeclaredIn>
            
			
			<NodeRef refid="982"/>
		</Token>
		
		
		<Token>
			<TokenIdentifier>//apple_ref/occ/instm/AWSSESVerifyDomainIdentityRequest/setDomain:</TokenIdentifier>
			<Abstract type="html">&lt;p&gt;The domain to be verified.&lt;/p&gt;</Abstract>
			<DeclaredIn>AWSSESModel.h</DeclaredIn>
			
			<Declaration>@property (nonatomic, strong) NSString *domain</Declaration>
			
			
			<Anchor>//api/name/domain</Anchor>
            <NodeRef refid="982"/>
		</Token>
		
		<Token>
			<TokenIdentifier>//apple_ref/occ/instm/AWSSESVerifyDomainIdentityRequest/domain</TokenIdentifier>
			<Abstract type="html">&lt;p&gt;The domain to be verified.&lt;/p&gt;</Abstract>
			<DeclaredIn>AWSSESModel.h</DeclaredIn>
			
			<Declaration>@property (nonatomic, strong) NSString *domain</Declaration>
			
			
			<Anchor>//api/name/domain</Anchor>
            <NodeRef refid="982"/>
		</Token>
		
		<Token>
			<TokenIdentifier>//apple_ref/occ/instp/AWSSESVerifyDomainIdentityRequest/domain</TokenIdentifier>
			<Abstract type="html">&lt;p&gt;The domain to be verified.&lt;/p&gt;</Abstract>
			<DeclaredIn>AWSSESModel.h</DeclaredIn>
			
			<Declaration>@property (nonatomic, strong) NSString *domain</Declaration>
			
			
			<Anchor>//api/name/domain</Anchor>
            <NodeRef refid="982"/>
		</Token>
		
        
        
	</File>
</Tokens>