<?xml version="1.0" encoding="UTF-8"?>
<Tokens version="1.0">
	<File path="Classes/AWSEC2DescribeSnapshotAttributeResult.html">
		
		<Token>
			<TokenIdentifier>//apple_ref/occ/cl/AWSEC2DescribeSnapshotAttributeResult</TokenIdentifier>
			<Abstract type="html"></Abstract>
			<DeclaredIn>AWSEC2Model.h</DeclaredIn>
            
			
			<NodeRef refid="422"/>
		</Token>
		
		
		<Token>
			<TokenIdentifier>//apple_ref/occ/instm/AWSEC2DescribeSnapshotAttributeResult/setCreateVolumePermissions:</TokenIdentifier>
			<Abstract type="html">&lt;p&gt;A list of permissions for creating volumes from the snapshot.&lt;/p&gt;</Abstract>
			<DeclaredIn>AWSEC2Model.h</DeclaredIn>
			
			<Declaration>@property (nonatomic, strong) NSArray *createVolumePermissions</Declaration>
			
			
			<Anchor>//api/name/createVolumePermissions</Anchor>
            <NodeRef refid="422"/>
		</Token>
		
		<Token>
			<TokenIdentifier>//apple_ref/occ/instm/AWSEC2DescribeSnapshotAttributeResult/createVolumePermissions</TokenIdentifier>
			<Abstract type="html">&lt;p&gt;A list of permissions for creating volumes from the snapshot.&lt;/p&gt;</Abstract>
			<DeclaredIn>AWSEC2Model.h</DeclaredIn>
			
			<Declaration>@property (nonatomic, strong) NSArray *createVolumePermissions</Declaration>
			
			
			<Anchor>//api/name/createVolumePermissions</Anchor>
            <NodeRef refid="422"/>
		</Token>
		
		<Token>
			<TokenIdentifier>//apple_ref/occ/instp/AWSEC2DescribeSnapshotAttributeResult/createVolumePermissions</TokenIdentifier>
			<Abstract type="html">&lt;p&gt;A list of permissions for creating volumes from the snapshot.&lt;/p&gt;</Abstract>
			<DeclaredIn>AWSEC2Model.h</DeclaredIn>
			
			<Declaration>@property (nonatomic, strong) NSArray *createVolumePermissions</Declaration>
			
			
			<Anchor>//api/name/createVolumePermissions</Anchor>
            <NodeRef refid="422"/>
		</Token>
		
		<Token>
			<TokenIdentifier>//apple_ref/occ/instm/AWSEC2DescribeSnapshotAttributeResult/setProductCodes:</TokenIdentifier>
			<Abstract type="html">&lt;p&gt;A list of product codes.&lt;/p&gt;</Abstract>
			<DeclaredIn>AWSEC2Model.h</DeclaredIn>
			
			<Declaration>@property (nonatomic, strong) NSArray *productCodes</Declaration>
			
			
			<Anchor>//api/name/productCodes</Anchor>
            <NodeRef refid="422"/>
		</Token>
		
		<Token>
			<TokenIdentifier>//apple_ref/occ/instm/AWSEC2DescribeSnapshotAttributeResult/productCodes</TokenIdentifier>
			<Abstract type="html">&lt;p&gt;A list of product codes.&lt;/p&gt;</Abstract>
			<DeclaredIn>AWSEC2Model.h</DeclaredIn>
			
			<Declaration>@property (nonatomic, strong) NSArray *productCodes</Declaration>
			
			
			<Anchor>//api/name/productCodes</Anchor>
            <NodeRef refid="422"/>
		</Token>
		
		<Token>
			<TokenIdentifier>//apple_ref/occ/instp/AWSEC2DescribeSnapshotAttributeResult/productCodes</TokenIdentifier>
			<Abstract type="html">&lt;p&gt;A list of product codes.&lt;/p&gt;</Abstract>
			<DeclaredIn>AWSEC2Model.h</DeclaredIn>
			
			<Declaration>@property (nonatomic, strong) NSArray *productCodes</Declaration>
			
			
			<Anchor>//api/name/productCodes</Anchor>
            <NodeRef refid="422"/>
		</Token>
		
		<Token>
			<TokenIdentifier>//apple_ref/occ/instm/AWSEC2DescribeSnapshotAttributeResult/setSnapshotId:</TokenIdentifier>
			<Abstract type="html">&lt;p&gt;The ID of the Amazon EBS snapshot.&lt;/p&gt;</Abstract>
			<DeclaredIn>AWSEC2Model.h</DeclaredIn>
			
			<Declaration>@property (nonatomic, strong) NSString *snapshotId</Declaration>
			
			
			<Anchor>//api/name/snapshotId</Anchor>
            <NodeRef refid="422"/>
		</Token>
		
		<Token>
			<TokenIdentifier>//apple_ref/occ/instm/AWSEC2DescribeSnapshotAttributeResult/snapshotId</TokenIdentifier>
			<Abstract type="html">&lt;p&gt;The ID of the Amazon EBS snapshot.&lt;/p&gt;</Abstract>
			<DeclaredIn>AWSEC2Model.h</DeclaredIn>
			
			<Declaration>@property (nonatomic, strong) NSString *snapshotId</Declaration>
			
			
			<Anchor>//api/name/snapshotId</Anchor>
            <NodeRef refid="422"/>
		</Token>
		
		<Token>
			<TokenIdentifier>//apple_ref/occ/instp/AWSEC2DescribeSnapshotAttributeResult/snapshotId</TokenIdentifier>
			<Abstract type="html">&lt;p&gt;The ID of the Amazon EBS snapshot.&lt;/p&gt;</Abstract>
			<DeclaredIn>AWSEC2Model.h</DeclaredIn>
			
			<Declaration>@property (nonatomic, strong) NSString *snapshotId</Declaration>
			
			
			<Anchor>//api/name/snapshotId</Anchor>
            <NodeRef refid="422"/>
		</Token>
		
        
        
	</File>
</Tokens>