<?xml version="1.0" encoding="UTF-8"?>
<Tokens version="1.0">
	<File path="Constants/AWSCloudWatchStateValue.html">
		
		<Token>
			<TokenIdentifier>//apple_ref/c/tdef/AWSCloudWatchStateValue</TokenIdentifier>
			<Abstract type="html"></Abstract>
			<DeclaredIn>AWSCloudWatchModel.h</DeclaredIn>
            
			
			<NodeRef refid="1130"/>
		</Token>
		
		
        
        <Token>
            <TokenIdentifier>//apple_ref/c/econst/AWSCloudWatchStateValueUnknown</TokenIdentifier>
            <Abstract type="html"></Abstract>
            <Declaration>AWSCloudWatchStateValueUnknown</Declaration>
            
            <DeclaredIn>AWSCloudWatchModel.h</DeclaredIn>
            
            <NodeRef refid="1130"/>
        </Token>
        
        <Token>
            <TokenIdentifier>//apple_ref/c/econst/AWSCloudWatchStateValueOK</TokenIdentifier>
            <Abstract type="html"></Abstract>
            <Declaration>AWSCloudWatchStateValueOK</Declaration>
            
            <DeclaredIn>AWSCloudWatchModel.h</DeclaredIn>
            
            <NodeRef refid="1130"/>
        </Token>
        
        <Token>
            <TokenIdentifier>//apple_ref/c/econst/AWSCloudWatchStateValueAlarm</TokenIdentifier>
            <Abstract type="html"></Abstract>
            <Declaration>AWSCloudWatchStateValueAlarm</Declaration>
            
            <DeclaredIn>AWSCloudWatchModel.h</DeclaredIn>
            
            <NodeRef refid="1130"/>
        </Token>
        
        <Token>
            <TokenIdentifier>//apple_ref/c/econst/AWSCloudWatchStateValueInsufficientData</TokenIdentifier>
            <Abstract type="html"></Abstract>
            <Declaration>AWSCloudWatchStateValueInsufficientData</Declaration>
            
            <DeclaredIn>AWSCloudWatchModel.h</DeclaredIn>
            
            <NodeRef refid="1130"/>
        </Token>
        
        
	</File>
</Tokens>