<?xml version="1.0" encoding="UTF-8"?>
<Tokens version="1.0">
	<File path="Classes/AWSAutoScalingActivitiesType.html">
		
		<Token>
			<TokenIdentifier>//apple_ref/occ/cl/AWSAutoScalingActivitiesType</TokenIdentifier>
			<Abstract type="html">&lt;p&gt; The output for the &lt;a&gt;DescribeScalingActivities&lt;/a&gt; action. &lt;/p&gt;
Required parameters: [Activities]</Abstract>
			<DeclaredIn>AWSAutoScalingModel.h</DeclaredIn>
            
			
			<NodeRef refid="5"/>
		</Token>
		
		
		<Token>
			<TokenIdentifier>//apple_ref/occ/instm/AWSAutoScalingActivitiesType/setActivities:</TokenIdentifier>
			<Abstract type="html">&lt;p&gt; A list of the requested scaling activities. &lt;/p&gt;</Abstract>
			<DeclaredIn>AWSAutoScalingModel.h</DeclaredIn>
			
			<Declaration>@property (nonatomic, strong) NSArray *activities</Declaration>
			
			
			<Anchor>//api/name/activities</Anchor>
            <NodeRef refid="5"/>
		</Token>
		
		<Token>
			<TokenIdentifier>//apple_ref/occ/instm/AWSAutoScalingActivitiesType/activities</TokenIdentifier>
			<Abstract type="html">&lt;p&gt; A list of the requested scaling activities. &lt;/p&gt;</Abstract>
			<DeclaredIn>AWSAutoScalingModel.h</DeclaredIn>
			
			<Declaration>@property (nonatomic, strong) NSArray *activities</Declaration>
			
			
			<Anchor>//api/name/activities</Anchor>
            <NodeRef refid="5"/>
		</Token>
		
		<Token>
			<TokenIdentifier>//apple_ref/occ/instp/AWSAutoScalingActivitiesType/activities</TokenIdentifier>
			<Abstract type="html">&lt;p&gt; A list of the requested scaling activities. &lt;/p&gt;</Abstract>
			<DeclaredIn>AWSAutoScalingModel.h</DeclaredIn>
			
			<Declaration>@property (nonatomic, strong) NSArray *activities</Declaration>
			
			
			<Anchor>//api/name/activities</Anchor>
            <NodeRef refid="5"/>
		</Token>
		
		<Token>
			<TokenIdentifier>//apple_ref/occ/instm/AWSAutoScalingActivitiesType/setNextToken:</TokenIdentifier>
			<Abstract type="html">&lt;p&gt; Acts as a paging mechanism for large result sets. Set to a non-empty string if there are additional results waiting to be returned. Pass this in to subsequent calls to return additional results. &lt;/p&gt;</Abstract>
			<DeclaredIn>AWSAutoScalingModel.h</DeclaredIn>
			
			<Declaration>@property (nonatomic, strong) NSString *nextToken</Declaration>
			
			
			<Anchor>//api/name/nextToken</Anchor>
            <NodeRef refid="5"/>
		</Token>
		
		<Token>
			<TokenIdentifier>//apple_ref/occ/instm/AWSAutoScalingActivitiesType/nextToken</TokenIdentifier>
			<Abstract type="html">&lt;p&gt; Acts as a paging mechanism for large result sets. Set to a non-empty string if there are additional results waiting to be returned. Pass this in to subsequent calls to return additional results. &lt;/p&gt;</Abstract>
			<DeclaredIn>AWSAutoScalingModel.h</DeclaredIn>
			
			<Declaration>@property (nonatomic, strong) NSString *nextToken</Declaration>
			
			
			<Anchor>//api/name/nextToken</Anchor>
            <NodeRef refid="5"/>
		</Token>
		
		<Token>
			<TokenIdentifier>//apple_ref/occ/instp/AWSAutoScalingActivitiesType/nextToken</TokenIdentifier>
			<Abstract type="html">&lt;p&gt; Acts as a paging mechanism for large result sets. Set to a non-empty string if there are additional results waiting to be returned. Pass this in to subsequent calls to return additional results. &lt;/p&gt;</Abstract>
			<DeclaredIn>AWSAutoScalingModel.h</DeclaredIn>
			
			<Declaration>@property (nonatomic, strong) NSString *nextToken</Declaration>
			
			
			<Anchor>//api/name/nextToken</Anchor>
            <NodeRef refid="5"/>
		</Token>
		
        
        
	</File>
</Tokens>