<?xml version="1.0" encoding="UTF-8"?>
<Tokens version="1.0">
	<File path="Classes/AWSEC2DescribeInstancesResult.html">
		
		<Token>
			<TokenIdentifier>//apple_ref/occ/cl/AWSEC2DescribeInstancesResult</TokenIdentifier>
			<Abstract type="html"></Abstract>
			<DeclaredIn>AWSEC2Model.h</DeclaredIn>
            
			
			<NodeRef refid="394"/>
		</Token>
		
		
		<Token>
			<TokenIdentifier>//apple_ref/occ/instm/AWSEC2DescribeInstancesResult/setNextToken:</TokenIdentifier>
			<Abstract type="html">&lt;p&gt;The token to use when requesting the next set of items. If there are no additional items to return, the string is empty.&lt;/p&gt;</Abstract>
			<DeclaredIn>AWSEC2Model.h</DeclaredIn>
			
			<Declaration>@property (nonatomic, strong) NSString *nextToken</Declaration>
			
			
			<Anchor>//api/name/nextToken</Anchor>
            <NodeRef refid="394"/>
		</Token>
		
		<Token>
			<TokenIdentifier>//apple_ref/occ/instm/AWSEC2DescribeInstancesResult/nextToken</TokenIdentifier>
			<Abstract type="html">&lt;p&gt;The token to use when requesting the next set of items. If there are no additional items to return, the string is empty.&lt;/p&gt;</Abstract>
			<DeclaredIn>AWSEC2Model.h</DeclaredIn>
			
			<Declaration>@property (nonatomic, strong) NSString *nextToken</Declaration>
			
			
			<Anchor>//api/name/nextToken</Anchor>
            <NodeRef refid="394"/>
		</Token>
		
		<Token>
			<TokenIdentifier>//apple_ref/occ/instp/AWSEC2DescribeInstancesResult/nextToken</TokenIdentifier>
			<Abstract type="html">&lt;p&gt;The token to use when requesting the next set of items. If there are no additional items to return, the string is empty.&lt;/p&gt;</Abstract>
			<DeclaredIn>AWSEC2Model.h</DeclaredIn>
			
			<Declaration>@property (nonatomic, strong) NSString *nextToken</Declaration>
			
			
			<Anchor>//api/name/nextToken</Anchor>
            <NodeRef refid="394"/>
		</Token>
		
		<Token>
			<TokenIdentifier>//apple_ref/occ/instm/AWSEC2DescribeInstancesResult/setReservations:</TokenIdentifier>
			<Abstract type="html">&lt;p&gt;One or more reservations.&lt;/p&gt;</Abstract>
			<DeclaredIn>AWSEC2Model.h</DeclaredIn>
			
			<Declaration>@property (nonatomic, strong) NSArray *reservations</Declaration>
			
			
			<Anchor>//api/name/reservations</Anchor>
            <NodeRef refid="394"/>
		</Token>
		
		<Token>
			<TokenIdentifier>//apple_ref/occ/instm/AWSEC2DescribeInstancesResult/reservations</TokenIdentifier>
			<Abstract type="html">&lt;p&gt;One or more reservations.&lt;/p&gt;</Abstract>
			<DeclaredIn>AWSEC2Model.h</DeclaredIn>
			
			<Declaration>@property (nonatomic, strong) NSArray *reservations</Declaration>
			
			
			<Anchor>//api/name/reservations</Anchor>
            <NodeRef refid="394"/>
		</Token>
		
		<Token>
			<TokenIdentifier>//apple_ref/occ/instp/AWSEC2DescribeInstancesResult/reservations</TokenIdentifier>
			<Abstract type="html">&lt;p&gt;One or more reservations.&lt;/p&gt;</Abstract>
			<DeclaredIn>AWSEC2Model.h</DeclaredIn>
			
			<Declaration>@property (nonatomic, strong) NSArray *reservations</Declaration>
			
			
			<Anchor>//api/name/reservations</Anchor>
            <NodeRef refid="394"/>
		</Token>
		
        
        
	</File>
</Tokens>