<?xml version="1.0" encoding="UTF-8"?>
<Tokens version="1.0">
	<File path="Classes/AWSEC2CreateVpnGatewayResult.html">
		
		<Token>
			<TokenIdentifier>//apple_ref/occ/cl/AWSEC2CreateVpnGatewayResult</TokenIdentifier>
			<Abstract type="html"></Abstract>
			<DeclaredIn>AWSEC2Model.h</DeclaredIn>
            
			
			<NodeRef refid="344"/>
		</Token>
		
		
		<Token>
			<TokenIdentifier>//apple_ref/occ/instm/AWSEC2CreateVpnGatewayResult/setVpnGateway:</TokenIdentifier>
			<Abstract type="html">&lt;p&gt;Information about the virtual private gateway.&lt;/p&gt;</Abstract>
			<DeclaredIn>AWSEC2Model.h</DeclaredIn>
			
			<Declaration>@property (nonatomic, strong) AWSEC2VpnGateway *vpnGateway</Declaration>
			
			
			<Anchor>//api/name/vpnGateway</Anchor>
            <NodeRef refid="344"/>
		</Token>
		
		<Token>
			<TokenIdentifier>//apple_ref/occ/instm/AWSEC2CreateVpnGatewayResult/vpnGateway</TokenIdentifier>
			<Abstract type="html">&lt;p&gt;Information about the virtual private gateway.&lt;/p&gt;</Abstract>
			<DeclaredIn>AWSEC2Model.h</DeclaredIn>
			
			<Declaration>@property (nonatomic, strong) AWSEC2VpnGateway *vpnGateway</Declaration>
			
			
			<Anchor>//api/name/vpnGateway</Anchor>
            <NodeRef refid="344"/>
		</Token>
		
		<Token>
			<TokenIdentifier>//apple_ref/occ/instp/AWSEC2CreateVpnGatewayResult/vpnGateway</TokenIdentifier>
			<Abstract type="html">&lt;p&gt;Information about the virtual private gateway.&lt;/p&gt;</Abstract>
			<DeclaredIn>AWSEC2Model.h</DeclaredIn>
			
			<Declaration>@property (nonatomic, strong) AWSEC2VpnGateway *vpnGateway</Declaration>
			
			
			<Anchor>//api/name/vpnGateway</Anchor>
            <NodeRef refid="344"/>
		</Token>
		
        
        
	</File>
</Tokens>