<?xml version="1.0" encoding="UTF-8"?>
<Tokens version="1.0">
	<File path="Classes/AWSEC2DisableVgwRoutePropagationRequest.html">
		
		<Token>
			<TokenIdentifier>//apple_ref/occ/cl/AWSEC2DisableVgwRoutePropagationRequest</TokenIdentifier>
			<Abstract type="html"></Abstract>
			<DeclaredIn>AWSEC2Model.h</DeclaredIn>
            
			
			<NodeRef refid="461"/>
		</Token>
		
		
		<Token>
			<TokenIdentifier>//apple_ref/occ/instm/AWSEC2DisableVgwRoutePropagationRequest/setGatewayId:</TokenIdentifier>
			<Abstract type="html">&lt;p&gt;The ID of the virtual private gateway.&lt;/p&gt;</Abstract>
			<DeclaredIn>AWSEC2Model.h</DeclaredIn>
			
			<Declaration>@property (nonatomic, strong) NSString *gatewayId</Declaration>
			
			
			<Anchor>//api/name/gatewayId</Anchor>
            <NodeRef refid="461"/>
		</Token>
		
		<Token>
			<TokenIdentifier>//apple_ref/occ/instm/AWSEC2DisableVgwRoutePropagationRequest/gatewayId</TokenIdentifier>
			<Abstract type="html">&lt;p&gt;The ID of the virtual private gateway.&lt;/p&gt;</Abstract>
			<DeclaredIn>AWSEC2Model.h</DeclaredIn>
			
			<Declaration>@property (nonatomic, strong) NSString *gatewayId</Declaration>
			
			
			<Anchor>//api/name/gatewayId</Anchor>
            <NodeRef refid="461"/>
		</Token>
		
		<Token>
			<TokenIdentifier>//apple_ref/occ/instp/AWSEC2DisableVgwRoutePropagationRequest/gatewayId</TokenIdentifier>
			<Abstract type="html">&lt;p&gt;The ID of the virtual private gateway.&lt;/p&gt;</Abstract>
			<DeclaredIn>AWSEC2Model.h</DeclaredIn>
			
			<Declaration>@property (nonatomic, strong) NSString *gatewayId</Declaration>
			
			
			<Anchor>//api/name/gatewayId</Anchor>
            <NodeRef refid="461"/>
		</Token>
		
		<Token>
			<TokenIdentifier>//apple_ref/occ/instm/AWSEC2DisableVgwRoutePropagationRequest/setRouteTableId:</TokenIdentifier>
			<Abstract type="html">&lt;p&gt;The ID of the route table.&lt;/p&gt;</Abstract>
			<DeclaredIn>AWSEC2Model.h</DeclaredIn>
			
			<Declaration>@property (nonatomic, strong) NSString *routeTableId</Declaration>
			
			
			<Anchor>//api/name/routeTableId</Anchor>
            <NodeRef refid="461"/>
		</Token>
		
		<Token>
			<TokenIdentifier>//apple_ref/occ/instm/AWSEC2DisableVgwRoutePropagationRequest/routeTableId</TokenIdentifier>
			<Abstract type="html">&lt;p&gt;The ID of the route table.&lt;/p&gt;</Abstract>
			<DeclaredIn>AWSEC2Model.h</DeclaredIn>
			
			<Declaration>@property (nonatomic, strong) NSString *routeTableId</Declaration>
			
			
			<Anchor>//api/name/routeTableId</Anchor>
            <NodeRef refid="461"/>
		</Token>
		
		<Token>
			<TokenIdentifier>//apple_ref/occ/instp/AWSEC2DisableVgwRoutePropagationRequest/routeTableId</TokenIdentifier>
			<Abstract type="html">&lt;p&gt;The ID of the route table.&lt;/p&gt;</Abstract>
			<DeclaredIn>AWSEC2Model.h</DeclaredIn>
			
			<Declaration>@property (nonatomic, strong) NSString *routeTableId</Declaration>
			
			
			<Anchor>//api/name/routeTableId</Anchor>
            <NodeRef refid="461"/>
		</Token>
		
        
        
	</File>
</Tokens>