<?xml version="1.0" encoding="UTF-8"?>
<Tokens version="1.0">
	<File path="Classes/AWSEC2AttachVolumeRequest.html">
		
		<Token>
			<TokenIdentifier>//apple_ref/occ/cl/AWSEC2AttachVolumeRequest</TokenIdentifier>
			<Abstract type="html"></Abstract>
			<DeclaredIn>AWSEC2Model.h</DeclaredIn>
            
			
			<NodeRef refid="275"/>
		</Token>
		
		
		<Token>
			<TokenIdentifier>//apple_ref/occ/instm/AWSEC2AttachVolumeRequest/setDevice:</TokenIdentifier>
			<Abstract type="html">&lt;p&gt;The device name to expose to the instance (for example, &lt;code&gt;/dev/sdh&lt;/code&gt; or &lt;code&gt;xvdh&lt;/code&gt;).&lt;/p&gt;</Abstract>
			<DeclaredIn>AWSEC2Model.h</DeclaredIn>
			
			<Declaration>@property (nonatomic, strong) NSString *device</Declaration>
			
			
			<Anchor>//api/name/device</Anchor>
            <NodeRef refid="275"/>
		</Token>
		
		<Token>
			<TokenIdentifier>//apple_ref/occ/instm/AWSEC2AttachVolumeRequest/device</TokenIdentifier>
			<Abstract type="html">&lt;p&gt;The device name to expose to the instance (for example, &lt;code&gt;/dev/sdh&lt;/code&gt; or &lt;code&gt;xvdh&lt;/code&gt;).&lt;/p&gt;</Abstract>
			<DeclaredIn>AWSEC2Model.h</DeclaredIn>
			
			<Declaration>@property (nonatomic, strong) NSString *device</Declaration>
			
			
			<Anchor>//api/name/device</Anchor>
            <NodeRef refid="275"/>
		</Token>
		
		<Token>
			<TokenIdentifier>//apple_ref/occ/instp/AWSEC2AttachVolumeRequest/device</TokenIdentifier>
			<Abstract type="html">&lt;p&gt;The device name to expose to the instance (for example, &lt;code&gt;/dev/sdh&lt;/code&gt; or &lt;code&gt;xvdh&lt;/code&gt;).&lt;/p&gt;</Abstract>
			<DeclaredIn>AWSEC2Model.h</DeclaredIn>
			
			<Declaration>@property (nonatomic, strong) NSString *device</Declaration>
			
			
			<Anchor>//api/name/device</Anchor>
            <NodeRef refid="275"/>
		</Token>
		
		<Token>
			<TokenIdentifier>//apple_ref/occ/instm/AWSEC2AttachVolumeRequest/setDryRun:</TokenIdentifier>
			<Abstract type="html"></Abstract>
			<DeclaredIn>AWSEC2Model.h</DeclaredIn>
			
			<Declaration>@property (nonatomic, strong) NSNumber *dryRun</Declaration>
			
			
			<Anchor>//api/name/dryRun</Anchor>
            <NodeRef refid="275"/>
		</Token>
		
		<Token>
			<TokenIdentifier>//apple_ref/occ/instm/AWSEC2AttachVolumeRequest/dryRun</TokenIdentifier>
			<Abstract type="html"></Abstract>
			<DeclaredIn>AWSEC2Model.h</DeclaredIn>
			
			<Declaration>@property (nonatomic, strong) NSNumber *dryRun</Declaration>
			
			
			<Anchor>//api/name/dryRun</Anchor>
            <NodeRef refid="275"/>
		</Token>
		
		<Token>
			<TokenIdentifier>//apple_ref/occ/instp/AWSEC2AttachVolumeRequest/dryRun</TokenIdentifier>
			<Abstract type="html"></Abstract>
			<DeclaredIn>AWSEC2Model.h</DeclaredIn>
			
			<Declaration>@property (nonatomic, strong) NSNumber *dryRun</Declaration>
			
			
			<Anchor>//api/name/dryRun</Anchor>
            <NodeRef refid="275"/>
		</Token>
		
		<Token>
			<TokenIdentifier>//apple_ref/occ/instm/AWSEC2AttachVolumeRequest/setInstanceId:</TokenIdentifier>
			<Abstract type="html">&lt;p&gt;The ID of the instance.&lt;/p&gt;</Abstract>
			<DeclaredIn>AWSEC2Model.h</DeclaredIn>
			
			<Declaration>@property (nonatomic, strong) NSString *instanceId</Declaration>
			
			
			<Anchor>//api/name/instanceId</Anchor>
            <NodeRef refid="275"/>
		</Token>
		
		<Token>
			<TokenIdentifier>//apple_ref/occ/instm/AWSEC2AttachVolumeRequest/instanceId</TokenIdentifier>
			<Abstract type="html">&lt;p&gt;The ID of the instance.&lt;/p&gt;</Abstract>
			<DeclaredIn>AWSEC2Model.h</DeclaredIn>
			
			<Declaration>@property (nonatomic, strong) NSString *instanceId</Declaration>
			
			
			<Anchor>//api/name/instanceId</Anchor>
            <NodeRef refid="275"/>
		</Token>
		
		<Token>
			<TokenIdentifier>//apple_ref/occ/instp/AWSEC2AttachVolumeRequest/instanceId</TokenIdentifier>
			<Abstract type="html">&lt;p&gt;The ID of the instance.&lt;/p&gt;</Abstract>
			<DeclaredIn>AWSEC2Model.h</DeclaredIn>
			
			<Declaration>@property (nonatomic, strong) NSString *instanceId</Declaration>
			
			
			<Anchor>//api/name/instanceId</Anchor>
            <NodeRef refid="275"/>
		</Token>
		
		<Token>
			<TokenIdentifier>//apple_ref/occ/instm/AWSEC2AttachVolumeRequest/setVolumeId:</TokenIdentifier>
			<Abstract type="html">&lt;p&gt;The ID of the Amazon EBS volume. The volume and instance must be within the same Availability Zone.&lt;/p&gt;</Abstract>
			<DeclaredIn>AWSEC2Model.h</DeclaredIn>
			
			<Declaration>@property (nonatomic, strong) NSString *volumeId</Declaration>
			
			
			<Anchor>//api/name/volumeId</Anchor>
            <NodeRef refid="275"/>
		</Token>
		
		<Token>
			<TokenIdentifier>//apple_ref/occ/instm/AWSEC2AttachVolumeRequest/volumeId</TokenIdentifier>
			<Abstract type="html">&lt;p&gt;The ID of the Amazon EBS volume. The volume and instance must be within the same Availability Zone.&lt;/p&gt;</Abstract>
			<DeclaredIn>AWSEC2Model.h</DeclaredIn>
			
			<Declaration>@property (nonatomic, strong) NSString *volumeId</Declaration>
			
			
			<Anchor>//api/name/volumeId</Anchor>
            <NodeRef refid="275"/>
		</Token>
		
		<Token>
			<TokenIdentifier>//apple_ref/occ/instp/AWSEC2AttachVolumeRequest/volumeId</TokenIdentifier>
			<Abstract type="html">&lt;p&gt;The ID of the Amazon EBS volume. The volume and instance must be within the same Availability Zone.&lt;/p&gt;</Abstract>
			<DeclaredIn>AWSEC2Model.h</DeclaredIn>
			
			<Declaration>@property (nonatomic, strong) NSString *volumeId</Declaration>
			
			
			<Anchor>//api/name/volumeId</Anchor>
            <NodeRef refid="275"/>
		</Token>
		
        
        
	</File>
</Tokens>