<?xml version="1.0" encoding="UTF-8"?>
<Tokens version="1.0">
	<File path="Classes/AWSElasticLoadBalancingDescribeLoadBalancerPolicyTypesOutput.html">
		
		<Token>
			<TokenIdentifier>//apple_ref/occ/cl/AWSElasticLoadBalancingDescribeLoadBalancerPolicyTypesOutput</TokenIdentifier>
			<Abstract type="html"></Abstract>
			<DeclaredIn>AWSElasticLoadBalancingModel.h</DeclaredIn>
            
			
			<NodeRef refid="691"/>
		</Token>
		
		
		<Token>
			<TokenIdentifier>//apple_ref/occ/instm/AWSElasticLoadBalancingDescribeLoadBalancerPolicyTypesOutput/setPolicyTypeDescriptions:</TokenIdentifier>
			<Abstract type="html"></Abstract>
			<DeclaredIn>AWSElasticLoadBalancingModel.h</DeclaredIn>
			
			<Declaration>@property (nonatomic, strong) NSArray *policyTypeDescriptions</Declaration>
			
			
			<Anchor>//api/name/policyTypeDescriptions</Anchor>
            <NodeRef refid="691"/>
		</Token>
		
		<Token>
			<TokenIdentifier>//apple_ref/occ/instm/AWSElasticLoadBalancingDescribeLoadBalancerPolicyTypesOutput/policyTypeDescriptions</TokenIdentifier>
			<Abstract type="html"></Abstract>
			<DeclaredIn>AWSElasticLoadBalancingModel.h</DeclaredIn>
			
			<Declaration>@property (nonatomic, strong) NSArray *policyTypeDescriptions</Declaration>
			
			
			<Anchor>//api/name/policyTypeDescriptions</Anchor>
            <NodeRef refid="691"/>
		</Token>
		
		<Token>
			<TokenIdentifier>//apple_ref/occ/instp/AWSElasticLoadBalancingDescribeLoadBalancerPolicyTypesOutput/policyTypeDescriptions</TokenIdentifier>
			<Abstract type="html"></Abstract>
			<DeclaredIn>AWSElasticLoadBalancingModel.h</DeclaredIn>
			
			<Declaration>@property (nonatomic, strong) NSArray *policyTypeDescriptions</Declaration>
			
			
			<Anchor>//api/name/policyTypeDescriptions</Anchor>
            <NodeRef refid="691"/>
		</Token>
		
        
        
	</File>
</Tokens>