<?xml version="1.0" encoding="UTF-8"?>
<Tokens version="1.0">
	<File path="Classes/AWSSimpleDBDeleteAttributesRequest.html">
		
		<Token>
			<TokenIdentifier>//apple_ref/occ/cl/AWSSimpleDBDeleteAttributesRequest</TokenIdentifier>
			<Abstract type="html"></Abstract>
			<DeclaredIn>AWSSimpleDBModel.h</DeclaredIn>
            
			
			<NodeRef refid="1095"/>
		</Token>
		
		
		<Token>
			<TokenIdentifier>//apple_ref/occ/instm/AWSSimpleDBDeleteAttributesRequest/setAttributes:</TokenIdentifier>
			<Abstract type="html">A list of Attributes. Similar to columns on a spreadsheet, attributes represent categories of data that can be assigned to items.</Abstract>
			<DeclaredIn>AWSSimpleDBModel.h</DeclaredIn>
			
			<Declaration>@property (nonatomic, strong) NSArray *attributes</Declaration>
			
			
			<Anchor>//api/name/attributes</Anchor>
            <NodeRef refid="1095"/>
		</Token>
		
		<Token>
			<TokenIdentifier>//apple_ref/occ/instm/AWSSimpleDBDeleteAttributesRequest/attributes</TokenIdentifier>
			<Abstract type="html">A list of Attributes. Similar to columns on a spreadsheet, attributes represent categories of data that can be assigned to items.</Abstract>
			<DeclaredIn>AWSSimpleDBModel.h</DeclaredIn>
			
			<Declaration>@property (nonatomic, strong) NSArray *attributes</Declaration>
			
			
			<Anchor>//api/name/attributes</Anchor>
            <NodeRef refid="1095"/>
		</Token>
		
		<Token>
			<TokenIdentifier>//apple_ref/occ/instp/AWSSimpleDBDeleteAttributesRequest/attributes</TokenIdentifier>
			<Abstract type="html">A list of Attributes. Similar to columns on a spreadsheet, attributes represent categories of data that can be assigned to items.</Abstract>
			<DeclaredIn>AWSSimpleDBModel.h</DeclaredIn>
			
			<Declaration>@property (nonatomic, strong) NSArray *attributes</Declaration>
			
			
			<Anchor>//api/name/attributes</Anchor>
            <NodeRef refid="1095"/>
		</Token>
		
		<Token>
			<TokenIdentifier>//apple_ref/occ/instm/AWSSimpleDBDeleteAttributesRequest/setDomainName:</TokenIdentifier>
			<Abstract type="html">The name of the domain in which to perform the operation.</Abstract>
			<DeclaredIn>AWSSimpleDBModel.h</DeclaredIn>
			
			<Declaration>@property (nonatomic, strong) NSString *domainName</Declaration>
			
			
			<Anchor>//api/name/domainName</Anchor>
            <NodeRef refid="1095"/>
		</Token>
		
		<Token>
			<TokenIdentifier>//apple_ref/occ/instm/AWSSimpleDBDeleteAttributesRequest/domainName</TokenIdentifier>
			<Abstract type="html">The name of the domain in which to perform the operation.</Abstract>
			<DeclaredIn>AWSSimpleDBModel.h</DeclaredIn>
			
			<Declaration>@property (nonatomic, strong) NSString *domainName</Declaration>
			
			
			<Anchor>//api/name/domainName</Anchor>
            <NodeRef refid="1095"/>
		</Token>
		
		<Token>
			<TokenIdentifier>//apple_ref/occ/instp/AWSSimpleDBDeleteAttributesRequest/domainName</TokenIdentifier>
			<Abstract type="html">The name of the domain in which to perform the operation.</Abstract>
			<DeclaredIn>AWSSimpleDBModel.h</DeclaredIn>
			
			<Declaration>@property (nonatomic, strong) NSString *domainName</Declaration>
			
			
			<Anchor>//api/name/domainName</Anchor>
            <NodeRef refid="1095"/>
		</Token>
		
		<Token>
			<TokenIdentifier>//apple_ref/occ/instm/AWSSimpleDBDeleteAttributesRequest/setExpected:</TokenIdentifier>
			<Abstract type="html">The update condition which, if specified, determines whether the specified attributes will be deleted or not. The update condition must be satisfied in order for this request to be processed and the attributes to be deleted.</Abstract>
			<DeclaredIn>AWSSimpleDBModel.h</DeclaredIn>
			
			<Declaration>@property (nonatomic, strong) AWSSimpleDBUpdateCondition *expected</Declaration>
			
			
			<Anchor>//api/name/expected</Anchor>
            <NodeRef refid="1095"/>
		</Token>
		
		<Token>
			<TokenIdentifier>//apple_ref/occ/instm/AWSSimpleDBDeleteAttributesRequest/expected</TokenIdentifier>
			<Abstract type="html">The update condition which, if specified, determines whether the specified attributes will be deleted or not. The update condition must be satisfied in order for this request to be processed and the attributes to be deleted.</Abstract>
			<DeclaredIn>AWSSimpleDBModel.h</DeclaredIn>
			
			<Declaration>@property (nonatomic, strong) AWSSimpleDBUpdateCondition *expected</Declaration>
			
			
			<Anchor>//api/name/expected</Anchor>
            <NodeRef refid="1095"/>
		</Token>
		
		<Token>
			<TokenIdentifier>//apple_ref/occ/instp/AWSSimpleDBDeleteAttributesRequest/expected</TokenIdentifier>
			<Abstract type="html">The update condition which, if specified, determines whether the specified attributes will be deleted or not. The update condition must be satisfied in order for this request to be processed and the attributes to be deleted.</Abstract>
			<DeclaredIn>AWSSimpleDBModel.h</DeclaredIn>
			
			<Declaration>@property (nonatomic, strong) AWSSimpleDBUpdateCondition *expected</Declaration>
			
			
			<Anchor>//api/name/expected</Anchor>
            <NodeRef refid="1095"/>
		</Token>
		
		<Token>
			<TokenIdentifier>//apple_ref/occ/instm/AWSSimpleDBDeleteAttributesRequest/setItemName:</TokenIdentifier>
			<Abstract type="html">The name of the item. Similar to rows on a spreadsheet, items represent individual objects that contain one or more value-attribute pairs.</Abstract>
			<DeclaredIn>AWSSimpleDBModel.h</DeclaredIn>
			
			<Declaration>@property (nonatomic, strong) NSString *itemName</Declaration>
			
			
			<Anchor>//api/name/itemName</Anchor>
            <NodeRef refid="1095"/>
		</Token>
		
		<Token>
			<TokenIdentifier>//apple_ref/occ/instm/AWSSimpleDBDeleteAttributesRequest/itemName</TokenIdentifier>
			<Abstract type="html">The name of the item. Similar to rows on a spreadsheet, items represent individual objects that contain one or more value-attribute pairs.</Abstract>
			<DeclaredIn>AWSSimpleDBModel.h</DeclaredIn>
			
			<Declaration>@property (nonatomic, strong) NSString *itemName</Declaration>
			
			
			<Anchor>//api/name/itemName</Anchor>
            <NodeRef refid="1095"/>
		</Token>
		
		<Token>
			<TokenIdentifier>//apple_ref/occ/instp/AWSSimpleDBDeleteAttributesRequest/itemName</TokenIdentifier>
			<Abstract type="html">The name of the item. Similar to rows on a spreadsheet, items represent individual objects that contain one or more value-attribute pairs.</Abstract>
			<DeclaredIn>AWSSimpleDBModel.h</DeclaredIn>
			
			<Declaration>@property (nonatomic, strong) NSString *itemName</Declaration>
			
			
			<Anchor>//api/name/itemName</Anchor>
            <NodeRef refid="1095"/>
		</Token>
		
        
        
	</File>
</Tokens>