<?xml version="1.0" encoding="UTF-8"?>
<Tokens version="1.0">
	<File path="Classes/AWSMobileAnalyticsERSSession.html">
		
		<Token>
			<TokenIdentifier>//apple_ref/occ/cl/AWSMobileAnalyticsERSSession</TokenIdentifier>
			<Abstract type="html"></Abstract>
			<DeclaredIn>AWSMobileAnalyticsERSModel.h</DeclaredIn>
            
			
			<NodeRef refid="804"/>
		</Token>
		
		
		<Token>
			<TokenIdentifier>//apple_ref/occ/instm/AWSMobileAnalyticsERSSession/setDuration:</TokenIdentifier>
			<Abstract type="html"></Abstract>
			<DeclaredIn>AWSMobileAnalyticsERSModel.h</DeclaredIn>
			
			<Declaration>@property (nonatomic, strong) NSNumber *duration</Declaration>
			
			
			<Anchor>//api/name/duration</Anchor>
            <NodeRef refid="804"/>
		</Token>
		
		<Token>
			<TokenIdentifier>//apple_ref/occ/instm/AWSMobileAnalyticsERSSession/duration</TokenIdentifier>
			<Abstract type="html"></Abstract>
			<DeclaredIn>AWSMobileAnalyticsERSModel.h</DeclaredIn>
			
			<Declaration>@property (nonatomic, strong) NSNumber *duration</Declaration>
			
			
			<Anchor>//api/name/duration</Anchor>
            <NodeRef refid="804"/>
		</Token>
		
		<Token>
			<TokenIdentifier>//apple_ref/occ/instp/AWSMobileAnalyticsERSSession/duration</TokenIdentifier>
			<Abstract type="html"></Abstract>
			<DeclaredIn>AWSMobileAnalyticsERSModel.h</DeclaredIn>
			
			<Declaration>@property (nonatomic, strong) NSNumber *duration</Declaration>
			
			
			<Anchor>//api/name/duration</Anchor>
            <NodeRef refid="804"/>
		</Token>
		
		<Token>
			<TokenIdentifier>//apple_ref/occ/instm/AWSMobileAnalyticsERSSession/setIdentifier:</TokenIdentifier>
			<Abstract type="html"></Abstract>
			<DeclaredIn>AWSMobileAnalyticsERSModel.h</DeclaredIn>
			
			<Declaration>@property (nonatomic, strong) NSString *identifier</Declaration>
			
			
			<Anchor>//api/name/identifier</Anchor>
            <NodeRef refid="804"/>
		</Token>
		
		<Token>
			<TokenIdentifier>//apple_ref/occ/instm/AWSMobileAnalyticsERSSession/identifier</TokenIdentifier>
			<Abstract type="html"></Abstract>
			<DeclaredIn>AWSMobileAnalyticsERSModel.h</DeclaredIn>
			
			<Declaration>@property (nonatomic, strong) NSString *identifier</Declaration>
			
			
			<Anchor>//api/name/identifier</Anchor>
            <NodeRef refid="804"/>
		</Token>
		
		<Token>
			<TokenIdentifier>//apple_ref/occ/instp/AWSMobileAnalyticsERSSession/identifier</TokenIdentifier>
			<Abstract type="html"></Abstract>
			<DeclaredIn>AWSMobileAnalyticsERSModel.h</DeclaredIn>
			
			<Declaration>@property (nonatomic, strong) NSString *identifier</Declaration>
			
			
			<Anchor>//api/name/identifier</Anchor>
            <NodeRef refid="804"/>
		</Token>
		
		<Token>
			<TokenIdentifier>//apple_ref/occ/instm/AWSMobileAnalyticsERSSession/setStartTimestamp:</TokenIdentifier>
			<Abstract type="html"></Abstract>
			<DeclaredIn>AWSMobileAnalyticsERSModel.h</DeclaredIn>
			
			<Declaration>@property (nonatomic, strong) NSString *startTimestamp</Declaration>
			
			
			<Anchor>//api/name/startTimestamp</Anchor>
            <NodeRef refid="804"/>
		</Token>
		
		<Token>
			<TokenIdentifier>//apple_ref/occ/instm/AWSMobileAnalyticsERSSession/startTimestamp</TokenIdentifier>
			<Abstract type="html"></Abstract>
			<DeclaredIn>AWSMobileAnalyticsERSModel.h</DeclaredIn>
			
			<Declaration>@property (nonatomic, strong) NSString *startTimestamp</Declaration>
			
			
			<Anchor>//api/name/startTimestamp</Anchor>
            <NodeRef refid="804"/>
		</Token>
		
		<Token>
			<TokenIdentifier>//apple_ref/occ/instp/AWSMobileAnalyticsERSSession/startTimestamp</TokenIdentifier>
			<Abstract type="html"></Abstract>
			<DeclaredIn>AWSMobileAnalyticsERSModel.h</DeclaredIn>
			
			<Declaration>@property (nonatomic, strong) NSString *startTimestamp</Declaration>
			
			
			<Anchor>//api/name/startTimestamp</Anchor>
            <NodeRef refid="804"/>
		</Token>
		
		<Token>
			<TokenIdentifier>//apple_ref/occ/instm/AWSMobileAnalyticsERSSession/setStopTimestamp:</TokenIdentifier>
			<Abstract type="html"></Abstract>
			<DeclaredIn>AWSMobileAnalyticsERSModel.h</DeclaredIn>
			
			<Declaration>@property (nonatomic, strong) NSString *stopTimestamp</Declaration>
			
			
			<Anchor>//api/name/stopTimestamp</Anchor>
            <NodeRef refid="804"/>
		</Token>
		
		<Token>
			<TokenIdentifier>//apple_ref/occ/instm/AWSMobileAnalyticsERSSession/stopTimestamp</TokenIdentifier>
			<Abstract type="html"></Abstract>
			<DeclaredIn>AWSMobileAnalyticsERSModel.h</DeclaredIn>
			
			<Declaration>@property (nonatomic, strong) NSString *stopTimestamp</Declaration>
			
			
			<Anchor>//api/name/stopTimestamp</Anchor>
            <NodeRef refid="804"/>
		</Token>
		
		<Token>
			<TokenIdentifier>//apple_ref/occ/instp/AWSMobileAnalyticsERSSession/stopTimestamp</TokenIdentifier>
			<Abstract type="html"></Abstract>
			<DeclaredIn>AWSMobileAnalyticsERSModel.h</DeclaredIn>
			
			<Declaration>@property (nonatomic, strong) NSString *stopTimestamp</Declaration>
			
			
			<Anchor>//api/name/stopTimestamp</Anchor>
            <NodeRef refid="804"/>
		</Token>
		
        
        
	</File>
</Tokens>