<?xml version="1.0" encoding="UTF-8"?>
<Tokens version="1.0">
	<File path="Classes/AWSS3Redirect.html">
		
		<Token>
			<TokenIdentifier>//apple_ref/occ/cl/AWSS3Redirect</TokenIdentifier>
			<Abstract type="html"></Abstract>
			<DeclaredIn>AWSS3Model.h</DeclaredIn>
            
			
			<NodeRef refid="914"/>
		</Token>
		
		
		<Token>
			<TokenIdentifier>//apple_ref/occ/instm/AWSS3Redirect/setHostName:</TokenIdentifier>
			<Abstract type="html">The host name to use in the redirect request.</Abstract>
			<DeclaredIn>AWSS3Model.h</DeclaredIn>
			
			<Declaration>@property (nonatomic, strong) NSString *hostName</Declaration>
			
			
			<Anchor>//api/name/hostName</Anchor>
            <NodeRef refid="914"/>
		</Token>
		
		<Token>
			<TokenIdentifier>//apple_ref/occ/instm/AWSS3Redirect/hostName</TokenIdentifier>
			<Abstract type="html">The host name to use in the redirect request.</Abstract>
			<DeclaredIn>AWSS3Model.h</DeclaredIn>
			
			<Declaration>@property (nonatomic, strong) NSString *hostName</Declaration>
			
			
			<Anchor>//api/name/hostName</Anchor>
            <NodeRef refid="914"/>
		</Token>
		
		<Token>
			<TokenIdentifier>//apple_ref/occ/instp/AWSS3Redirect/hostName</TokenIdentifier>
			<Abstract type="html">The host name to use in the redirect request.</Abstract>
			<DeclaredIn>AWSS3Model.h</DeclaredIn>
			
			<Declaration>@property (nonatomic, strong) NSString *hostName</Declaration>
			
			
			<Anchor>//api/name/hostName</Anchor>
            <NodeRef refid="914"/>
		</Token>
		
		<Token>
			<TokenIdentifier>//apple_ref/occ/instm/AWSS3Redirect/setHttpRedirectCode:</TokenIdentifier>
			<Abstract type="html">The HTTP redirect code to use on the response. Not required if one of the siblings is present.</Abstract>
			<DeclaredIn>AWSS3Model.h</DeclaredIn>
			
			<Declaration>@property (nonatomic, strong) NSString *httpRedirectCode</Declaration>
			
			
			<Anchor>//api/name/httpRedirectCode</Anchor>
            <NodeRef refid="914"/>
		</Token>
		
		<Token>
			<TokenIdentifier>//apple_ref/occ/instm/AWSS3Redirect/httpRedirectCode</TokenIdentifier>
			<Abstract type="html">The HTTP redirect code to use on the response. Not required if one of the siblings is present.</Abstract>
			<DeclaredIn>AWSS3Model.h</DeclaredIn>
			
			<Declaration>@property (nonatomic, strong) NSString *httpRedirectCode</Declaration>
			
			
			<Anchor>//api/name/httpRedirectCode</Anchor>
            <NodeRef refid="914"/>
		</Token>
		
		<Token>
			<TokenIdentifier>//apple_ref/occ/instp/AWSS3Redirect/httpRedirectCode</TokenIdentifier>
			<Abstract type="html">The HTTP redirect code to use on the response. Not required if one of the siblings is present.</Abstract>
			<DeclaredIn>AWSS3Model.h</DeclaredIn>
			
			<Declaration>@property (nonatomic, strong) NSString *httpRedirectCode</Declaration>
			
			
			<Anchor>//api/name/httpRedirectCode</Anchor>
            <NodeRef refid="914"/>
		</Token>
		
		<Token>
			<TokenIdentifier>//apple_ref/occ/instm/AWSS3Redirect/setProtocols:</TokenIdentifier>
			<Abstract type="html">Protocol to use (http, https) when redirecting requests. The default is the protocol that is used in the original request.</Abstract>
			<DeclaredIn>AWSS3Model.h</DeclaredIn>
			
			<Declaration>@property (nonatomic, assign) AWSS3Protocols protocols</Declaration>
			
			
			<Anchor>//api/name/protocols</Anchor>
            <NodeRef refid="914"/>
		</Token>
		
		<Token>
			<TokenIdentifier>//apple_ref/occ/instm/AWSS3Redirect/protocols</TokenIdentifier>
			<Abstract type="html">Protocol to use (http, https) when redirecting requests. The default is the protocol that is used in the original request.</Abstract>
			<DeclaredIn>AWSS3Model.h</DeclaredIn>
			
			<Declaration>@property (nonatomic, assign) AWSS3Protocols protocols</Declaration>
			
			
			<Anchor>//api/name/protocols</Anchor>
            <NodeRef refid="914"/>
		</Token>
		
		<Token>
			<TokenIdentifier>//apple_ref/occ/instp/AWSS3Redirect/protocols</TokenIdentifier>
			<Abstract type="html">Protocol to use (http, https) when redirecting requests. The default is the protocol that is used in the original request.</Abstract>
			<DeclaredIn>AWSS3Model.h</DeclaredIn>
			
			<Declaration>@property (nonatomic, assign) AWSS3Protocols protocols</Declaration>
			
			
			<Anchor>//api/name/protocols</Anchor>
            <NodeRef refid="914"/>
		</Token>
		
		<Token>
			<TokenIdentifier>//apple_ref/occ/instm/AWSS3Redirect/setReplaceKeyPrefixWith:</TokenIdentifier>
			<Abstract type="html">The object key prefix to use in the redirect request. For example, to redirect requests for all pages with prefix docs/ (objects in the docs/ folder) to documents/, you can set a condition block with KeyPrefixEquals set to docs/ and in the Redirect set ReplaceKeyPrefixWith to /documents. Not required if one of the siblings is present. Can be present only if ReplaceKeyWith is not provided.</Abstract>
			<DeclaredIn>AWSS3Model.h</DeclaredIn>
			
			<Declaration>@property (nonatomic, strong) NSString *replaceKeyPrefixWith</Declaration>
			
			
			<Anchor>//api/name/replaceKeyPrefixWith</Anchor>
            <NodeRef refid="914"/>
		</Token>
		
		<Token>
			<TokenIdentifier>//apple_ref/occ/instm/AWSS3Redirect/replaceKeyPrefixWith</TokenIdentifier>
			<Abstract type="html">The object key prefix to use in the redirect request. For example, to redirect requests for all pages with prefix docs/ (objects in the docs/ folder) to documents/, you can set a condition block with KeyPrefixEquals set to docs/ and in the Redirect set ReplaceKeyPrefixWith to /documents. Not required if one of the siblings is present. Can be present only if ReplaceKeyWith is not provided.</Abstract>
			<DeclaredIn>AWSS3Model.h</DeclaredIn>
			
			<Declaration>@property (nonatomic, strong) NSString *replaceKeyPrefixWith</Declaration>
			
			
			<Anchor>//api/name/replaceKeyPrefixWith</Anchor>
            <NodeRef refid="914"/>
		</Token>
		
		<Token>
			<TokenIdentifier>//apple_ref/occ/instp/AWSS3Redirect/replaceKeyPrefixWith</TokenIdentifier>
			<Abstract type="html">The object key prefix to use in the redirect request. For example, to redirect requests for all pages with prefix docs/ (objects in the docs/ folder) to documents/, you can set a condition block with KeyPrefixEquals set to docs/ and in the Redirect set ReplaceKeyPrefixWith to /documents. Not required if one of the siblings is present. Can be present only if ReplaceKeyWith is not provided.</Abstract>
			<DeclaredIn>AWSS3Model.h</DeclaredIn>
			
			<Declaration>@property (nonatomic, strong) NSString *replaceKeyPrefixWith</Declaration>
			
			
			<Anchor>//api/name/replaceKeyPrefixWith</Anchor>
            <NodeRef refid="914"/>
		</Token>
		
		<Token>
			<TokenIdentifier>//apple_ref/occ/instm/AWSS3Redirect/setReplaceKeyWith:</TokenIdentifier>
			<Abstract type="html">The specific object key to use in the redirect request. For example, redirect request to error.html. Not required if one of the sibling is present. Can be present only if ReplaceKeyPrefixWith is not provided.</Abstract>
			<DeclaredIn>AWSS3Model.h</DeclaredIn>
			
			<Declaration>@property (nonatomic, strong) NSString *replaceKeyWith</Declaration>
			
			
			<Anchor>//api/name/replaceKeyWith</Anchor>
            <NodeRef refid="914"/>
		</Token>
		
		<Token>
			<TokenIdentifier>//apple_ref/occ/instm/AWSS3Redirect/replaceKeyWith</TokenIdentifier>
			<Abstract type="html">The specific object key to use in the redirect request. For example, redirect request to error.html. Not required if one of the sibling is present. Can be present only if ReplaceKeyPrefixWith is not provided.</Abstract>
			<DeclaredIn>AWSS3Model.h</DeclaredIn>
			
			<Declaration>@property (nonatomic, strong) NSString *replaceKeyWith</Declaration>
			
			
			<Anchor>//api/name/replaceKeyWith</Anchor>
            <NodeRef refid="914"/>
		</Token>
		
		<Token>
			<TokenIdentifier>//apple_ref/occ/instp/AWSS3Redirect/replaceKeyWith</TokenIdentifier>
			<Abstract type="html">The specific object key to use in the redirect request. For example, redirect request to error.html. Not required if one of the sibling is present. Can be present only if ReplaceKeyPrefixWith is not provided.</Abstract>
			<DeclaredIn>AWSS3Model.h</DeclaredIn>
			
			<Declaration>@property (nonatomic, strong) NSString *replaceKeyWith</Declaration>
			
			
			<Anchor>//api/name/replaceKeyWith</Anchor>
            <NodeRef refid="914"/>
		</Token>
		
        
        
	</File>
</Tokens>