<?xml version="1.0" encoding="UTF-8"?>
<Tokens version="1.0">
	<File path="Classes/AWSEC2CancelSpotInstanceRequestsResult.html">
		
		<Token>
			<TokenIdentifier>//apple_ref/occ/cl/AWSEC2CancelSpotInstanceRequestsResult</TokenIdentifier>
			<Abstract type="html"></Abstract>
			<DeclaredIn>AWSEC2Model.h</DeclaredIn>
            
			
			<NodeRef refid="297"/>
		</Token>
		
		
		<Token>
			<TokenIdentifier>//apple_ref/occ/instm/AWSEC2CancelSpotInstanceRequestsResult/setCancelledSpotInstanceRequests:</TokenIdentifier>
			<Abstract type="html">&lt;p&gt;One or more Spot Instance requests.&lt;/p&gt;</Abstract>
			<DeclaredIn>AWSEC2Model.h</DeclaredIn>
			
			<Declaration>@property (nonatomic, strong) NSArray *cancelledSpotInstanceRequests</Declaration>
			
			
			<Anchor>//api/name/cancelledSpotInstanceRequests</Anchor>
            <NodeRef refid="297"/>
		</Token>
		
		<Token>
			<TokenIdentifier>//apple_ref/occ/instm/AWSEC2CancelSpotInstanceRequestsResult/cancelledSpotInstanceRequests</TokenIdentifier>
			<Abstract type="html">&lt;p&gt;One or more Spot Instance requests.&lt;/p&gt;</Abstract>
			<DeclaredIn>AWSEC2Model.h</DeclaredIn>
			
			<Declaration>@property (nonatomic, strong) NSArray *cancelledSpotInstanceRequests</Declaration>
			
			
			<Anchor>//api/name/cancelledSpotInstanceRequests</Anchor>
            <NodeRef refid="297"/>
		</Token>
		
		<Token>
			<TokenIdentifier>//apple_ref/occ/instp/AWSEC2CancelSpotInstanceRequestsResult/cancelledSpotInstanceRequests</TokenIdentifier>
			<Abstract type="html">&lt;p&gt;One or more Spot Instance requests.&lt;/p&gt;</Abstract>
			<DeclaredIn>AWSEC2Model.h</DeclaredIn>
			
			<Declaration>@property (nonatomic, strong) NSArray *cancelledSpotInstanceRequests</Declaration>
			
			
			<Anchor>//api/name/cancelledSpotInstanceRequests</Anchor>
            <NodeRef refid="297"/>
		</Token>
		
        
        
	</File>
</Tokens>