<?xml version="1.0" encoding="UTF-8"?>
<Tokens version="1.0">
	<File path="Classes/AWSEC2InstanceStatusDetails.html">
		
		<Token>
			<TokenIdentifier>//apple_ref/occ/cl/AWSEC2InstanceStatusDetails</TokenIdentifier>
			<Abstract type="html">&lt;p&gt;Describes the instance status.&lt;/p&gt;</Abstract>
			<DeclaredIn>AWSEC2Model.h</DeclaredIn>
            
			
			<NodeRef refid="516"/>
		</Token>
		
		
		<Token>
			<TokenIdentifier>//apple_ref/occ/instm/AWSEC2InstanceStatusDetails/setImpairedSince:</TokenIdentifier>
			<Abstract type="html">&lt;p&gt;The time when a status check failed. For an instance that was launched and impaired, this is the time when the instance was launched.&lt;/p&gt;</Abstract>
			<DeclaredIn>AWSEC2Model.h</DeclaredIn>
			
			<Declaration>@property (nonatomic, strong) NSDate *impairedSince</Declaration>
			
			
			<Anchor>//api/name/impairedSince</Anchor>
            <NodeRef refid="516"/>
		</Token>
		
		<Token>
			<TokenIdentifier>//apple_ref/occ/instm/AWSEC2InstanceStatusDetails/impairedSince</TokenIdentifier>
			<Abstract type="html">&lt;p&gt;The time when a status check failed. For an instance that was launched and impaired, this is the time when the instance was launched.&lt;/p&gt;</Abstract>
			<DeclaredIn>AWSEC2Model.h</DeclaredIn>
			
			<Declaration>@property (nonatomic, strong) NSDate *impairedSince</Declaration>
			
			
			<Anchor>//api/name/impairedSince</Anchor>
            <NodeRef refid="516"/>
		</Token>
		
		<Token>
			<TokenIdentifier>//apple_ref/occ/instp/AWSEC2InstanceStatusDetails/impairedSince</TokenIdentifier>
			<Abstract type="html">&lt;p&gt;The time when a status check failed. For an instance that was launched and impaired, this is the time when the instance was launched.&lt;/p&gt;</Abstract>
			<DeclaredIn>AWSEC2Model.h</DeclaredIn>
			
			<Declaration>@property (nonatomic, strong) NSDate *impairedSince</Declaration>
			
			
			<Anchor>//api/name/impairedSince</Anchor>
            <NodeRef refid="516"/>
		</Token>
		
		<Token>
			<TokenIdentifier>//apple_ref/occ/instm/AWSEC2InstanceStatusDetails/setName:</TokenIdentifier>
			<Abstract type="html">&lt;p&gt;The type of instance status.&lt;/p&gt;</Abstract>
			<DeclaredIn>AWSEC2Model.h</DeclaredIn>
			
			<Declaration>@property (nonatomic, assign) AWSEC2StatusName name</Declaration>
			
			
			<Anchor>//api/name/name</Anchor>
            <NodeRef refid="516"/>
		</Token>
		
		<Token>
			<TokenIdentifier>//apple_ref/occ/instm/AWSEC2InstanceStatusDetails/name</TokenIdentifier>
			<Abstract type="html">&lt;p&gt;The type of instance status.&lt;/p&gt;</Abstract>
			<DeclaredIn>AWSEC2Model.h</DeclaredIn>
			
			<Declaration>@property (nonatomic, assign) AWSEC2StatusName name</Declaration>
			
			
			<Anchor>//api/name/name</Anchor>
            <NodeRef refid="516"/>
		</Token>
		
		<Token>
			<TokenIdentifier>//apple_ref/occ/instp/AWSEC2InstanceStatusDetails/name</TokenIdentifier>
			<Abstract type="html">&lt;p&gt;The type of instance status.&lt;/p&gt;</Abstract>
			<DeclaredIn>AWSEC2Model.h</DeclaredIn>
			
			<Declaration>@property (nonatomic, assign) AWSEC2StatusName name</Declaration>
			
			
			<Anchor>//api/name/name</Anchor>
            <NodeRef refid="516"/>
		</Token>
		
		<Token>
			<TokenIdentifier>//apple_ref/occ/instm/AWSEC2InstanceStatusDetails/setStatus:</TokenIdentifier>
			<Abstract type="html">&lt;p&gt;The status.&lt;/p&gt;</Abstract>
			<DeclaredIn>AWSEC2Model.h</DeclaredIn>
			
			<Declaration>@property (nonatomic, assign) AWSEC2StatusType status</Declaration>
			
			
			<Anchor>//api/name/status</Anchor>
            <NodeRef refid="516"/>
		</Token>
		
		<Token>
			<TokenIdentifier>//apple_ref/occ/instm/AWSEC2InstanceStatusDetails/status</TokenIdentifier>
			<Abstract type="html">&lt;p&gt;The status.&lt;/p&gt;</Abstract>
			<DeclaredIn>AWSEC2Model.h</DeclaredIn>
			
			<Declaration>@property (nonatomic, assign) AWSEC2StatusType status</Declaration>
			
			
			<Anchor>//api/name/status</Anchor>
            <NodeRef refid="516"/>
		</Token>
		
		<Token>
			<TokenIdentifier>//apple_ref/occ/instp/AWSEC2InstanceStatusDetails/status</TokenIdentifier>
			<Abstract type="html">&lt;p&gt;The status.&lt;/p&gt;</Abstract>
			<DeclaredIn>AWSEC2Model.h</DeclaredIn>
			
			<Declaration>@property (nonatomic, assign) AWSEC2StatusType status</Declaration>
			
			
			<Anchor>//api/name/status</Anchor>
            <NodeRef refid="516"/>
		</Token>
		
        
        
	</File>
</Tokens>