<?xml version="1.0" encoding="UTF-8"?>
<Tokens version="1.0">
	<File path="Classes/AWSEC2DeleteTagsRequest.html">
		
		<Token>
			<TokenIdentifier>//apple_ref/occ/cl/AWSEC2DeleteTagsRequest</TokenIdentifier>
			<Abstract type="html"></Abstract>
			<DeclaredIn>AWSEC2Model.h</DeclaredIn>
            
			
			<NodeRef refid="360"/>
		</Token>
		
		
		<Token>
			<TokenIdentifier>//apple_ref/occ/instm/AWSEC2DeleteTagsRequest/setDryRun:</TokenIdentifier>
			<Abstract type="html"></Abstract>
			<DeclaredIn>AWSEC2Model.h</DeclaredIn>
			
			<Declaration>@property (nonatomic, strong) NSNumber *dryRun</Declaration>
			
			
			<Anchor>//api/name/dryRun</Anchor>
            <NodeRef refid="360"/>
		</Token>
		
		<Token>
			<TokenIdentifier>//apple_ref/occ/instm/AWSEC2DeleteTagsRequest/dryRun</TokenIdentifier>
			<Abstract type="html"></Abstract>
			<DeclaredIn>AWSEC2Model.h</DeclaredIn>
			
			<Declaration>@property (nonatomic, strong) NSNumber *dryRun</Declaration>
			
			
			<Anchor>//api/name/dryRun</Anchor>
            <NodeRef refid="360"/>
		</Token>
		
		<Token>
			<TokenIdentifier>//apple_ref/occ/instp/AWSEC2DeleteTagsRequest/dryRun</TokenIdentifier>
			<Abstract type="html"></Abstract>
			<DeclaredIn>AWSEC2Model.h</DeclaredIn>
			
			<Declaration>@property (nonatomic, strong) NSNumber *dryRun</Declaration>
			
			
			<Anchor>//api/name/dryRun</Anchor>
            <NodeRef refid="360"/>
		</Token>
		
		<Token>
			<TokenIdentifier>//apple_ref/occ/instm/AWSEC2DeleteTagsRequest/setResources:</TokenIdentifier>
			<Abstract type="html">&lt;p&gt;The ID of the resource. For example, ami-1a2b3c4d. You can specify more than one resource ID.&lt;/p&gt;</Abstract>
			<DeclaredIn>AWSEC2Model.h</DeclaredIn>
			
			<Declaration>@property (nonatomic, strong) NSArray *resources</Declaration>
			
			
			<Anchor>//api/name/resources</Anchor>
            <NodeRef refid="360"/>
		</Token>
		
		<Token>
			<TokenIdentifier>//apple_ref/occ/instm/AWSEC2DeleteTagsRequest/resources</TokenIdentifier>
			<Abstract type="html">&lt;p&gt;The ID of the resource. For example, ami-1a2b3c4d. You can specify more than one resource ID.&lt;/p&gt;</Abstract>
			<DeclaredIn>AWSEC2Model.h</DeclaredIn>
			
			<Declaration>@property (nonatomic, strong) NSArray *resources</Declaration>
			
			
			<Anchor>//api/name/resources</Anchor>
            <NodeRef refid="360"/>
		</Token>
		
		<Token>
			<TokenIdentifier>//apple_ref/occ/instp/AWSEC2DeleteTagsRequest/resources</TokenIdentifier>
			<Abstract type="html">&lt;p&gt;The ID of the resource. For example, ami-1a2b3c4d. You can specify more than one resource ID.&lt;/p&gt;</Abstract>
			<DeclaredIn>AWSEC2Model.h</DeclaredIn>
			
			<Declaration>@property (nonatomic, strong) NSArray *resources</Declaration>
			
			
			<Anchor>//api/name/resources</Anchor>
            <NodeRef refid="360"/>
		</Token>
		
		<Token>
			<TokenIdentifier>//apple_ref/occ/instm/AWSEC2DeleteTagsRequest/setTags:</TokenIdentifier>
			<Abstract type="html">&lt;p&gt;One or more tags to delete. If you omit the &lt;code&gt;value&lt;/code&gt; parameter, we delete the tag regardless of its value. If you specify this parameter with an empty string as the value, we delete the key only if its value is an empty string.&lt;/p&gt;</Abstract>
			<DeclaredIn>AWSEC2Model.h</DeclaredIn>
			
			<Declaration>@property (nonatomic, strong) NSArray *tags</Declaration>
			
			
			<Anchor>//api/name/tags</Anchor>
            <NodeRef refid="360"/>
		</Token>
		
		<Token>
			<TokenIdentifier>//apple_ref/occ/instm/AWSEC2DeleteTagsRequest/tags</TokenIdentifier>
			<Abstract type="html">&lt;p&gt;One or more tags to delete. If you omit the &lt;code&gt;value&lt;/code&gt; parameter, we delete the tag regardless of its value. If you specify this parameter with an empty string as the value, we delete the key only if its value is an empty string.&lt;/p&gt;</Abstract>
			<DeclaredIn>AWSEC2Model.h</DeclaredIn>
			
			<Declaration>@property (nonatomic, strong) NSArray *tags</Declaration>
			
			
			<Anchor>//api/name/tags</Anchor>
            <NodeRef refid="360"/>
		</Token>
		
		<Token>
			<TokenIdentifier>//apple_ref/occ/instp/AWSEC2DeleteTagsRequest/tags</TokenIdentifier>
			<Abstract type="html">&lt;p&gt;One or more tags to delete. If you omit the &lt;code&gt;value&lt;/code&gt; parameter, we delete the tag regardless of its value. If you specify this parameter with an empty string as the value, we delete the key only if its value is an empty string.&lt;/p&gt;</Abstract>
			<DeclaredIn>AWSEC2Model.h</DeclaredIn>
			
			<Declaration>@property (nonatomic, strong) NSArray *tags</Declaration>
			
			
			<Anchor>//api/name/tags</Anchor>
            <NodeRef refid="360"/>
		</Token>
		
        
        
	</File>
</Tokens>