<?xml version="1.0" encoding="UTF-8"?>
<Tokens version="1.0">
	<File path="Classes/AWSS3GetBucketNotificationOutput.html">
		
		<Token>
			<TokenIdentifier>//apple_ref/occ/cl/AWSS3GetBucketNotificationOutput</TokenIdentifier>
			<Abstract type="html"></Abstract>
			<DeclaredIn>AWSS3Model.h</DeclaredIn>
            
			
			<NodeRef refid="852"/>
		</Token>
		
		
		<Token>
			<TokenIdentifier>//apple_ref/occ/instm/AWSS3GetBucketNotificationOutput/setCloudFunctionConfiguration:</TokenIdentifier>
			<Abstract type="html"></Abstract>
			<DeclaredIn>AWSS3Model.h</DeclaredIn>
			
			<Declaration>@property (nonatomic, strong) AWSS3CloudFunctionConfiguration *cloudFunctionConfiguration</Declaration>
			
			
			<Anchor>//api/name/cloudFunctionConfiguration</Anchor>
            <NodeRef refid="852"/>
		</Token>
		
		<Token>
			<TokenIdentifier>//apple_ref/occ/instm/AWSS3GetBucketNotificationOutput/cloudFunctionConfiguration</TokenIdentifier>
			<Abstract type="html"></Abstract>
			<DeclaredIn>AWSS3Model.h</DeclaredIn>
			
			<Declaration>@property (nonatomic, strong) AWSS3CloudFunctionConfiguration *cloudFunctionConfiguration</Declaration>
			
			
			<Anchor>//api/name/cloudFunctionConfiguration</Anchor>
            <NodeRef refid="852"/>
		</Token>
		
		<Token>
			<TokenIdentifier>//apple_ref/occ/instp/AWSS3GetBucketNotificationOutput/cloudFunctionConfiguration</TokenIdentifier>
			<Abstract type="html"></Abstract>
			<DeclaredIn>AWSS3Model.h</DeclaredIn>
			
			<Declaration>@property (nonatomic, strong) AWSS3CloudFunctionConfiguration *cloudFunctionConfiguration</Declaration>
			
			
			<Anchor>//api/name/cloudFunctionConfiguration</Anchor>
            <NodeRef refid="852"/>
		</Token>
		
		<Token>
			<TokenIdentifier>//apple_ref/occ/instm/AWSS3GetBucketNotificationOutput/setQueueConfiguration:</TokenIdentifier>
			<Abstract type="html"></Abstract>
			<DeclaredIn>AWSS3Model.h</DeclaredIn>
			
			<Declaration>@property (nonatomic, strong) AWSS3QueueConfiguration *queueConfiguration</Declaration>
			
			
			<Anchor>//api/name/queueConfiguration</Anchor>
            <NodeRef refid="852"/>
		</Token>
		
		<Token>
			<TokenIdentifier>//apple_ref/occ/instm/AWSS3GetBucketNotificationOutput/queueConfiguration</TokenIdentifier>
			<Abstract type="html"></Abstract>
			<DeclaredIn>AWSS3Model.h</DeclaredIn>
			
			<Declaration>@property (nonatomic, strong) AWSS3QueueConfiguration *queueConfiguration</Declaration>
			
			
			<Anchor>//api/name/queueConfiguration</Anchor>
            <NodeRef refid="852"/>
		</Token>
		
		<Token>
			<TokenIdentifier>//apple_ref/occ/instp/AWSS3GetBucketNotificationOutput/queueConfiguration</TokenIdentifier>
			<Abstract type="html"></Abstract>
			<DeclaredIn>AWSS3Model.h</DeclaredIn>
			
			<Declaration>@property (nonatomic, strong) AWSS3QueueConfiguration *queueConfiguration</Declaration>
			
			
			<Anchor>//api/name/queueConfiguration</Anchor>
            <NodeRef refid="852"/>
		</Token>
		
		<Token>
			<TokenIdentifier>//apple_ref/occ/instm/AWSS3GetBucketNotificationOutput/setTopicConfiguration:</TokenIdentifier>
			<Abstract type="html"></Abstract>
			<DeclaredIn>AWSS3Model.h</DeclaredIn>
			
			<Declaration>@property (nonatomic, strong) AWSS3TopicConfiguration *topicConfiguration</Declaration>
			
			
			<Anchor>//api/name/topicConfiguration</Anchor>
            <NodeRef refid="852"/>
		</Token>
		
		<Token>
			<TokenIdentifier>//apple_ref/occ/instm/AWSS3GetBucketNotificationOutput/topicConfiguration</TokenIdentifier>
			<Abstract type="html"></Abstract>
			<DeclaredIn>AWSS3Model.h</DeclaredIn>
			
			<Declaration>@property (nonatomic, strong) AWSS3TopicConfiguration *topicConfiguration</Declaration>
			
			
			<Anchor>//api/name/topicConfiguration</Anchor>
            <NodeRef refid="852"/>
		</Token>
		
		<Token>
			<TokenIdentifier>//apple_ref/occ/instp/AWSS3GetBucketNotificationOutput/topicConfiguration</TokenIdentifier>
			<Abstract type="html"></Abstract>
			<DeclaredIn>AWSS3Model.h</DeclaredIn>
			
			<Declaration>@property (nonatomic, strong) AWSS3TopicConfiguration *topicConfiguration</Declaration>
			
			
			<Anchor>//api/name/topicConfiguration</Anchor>
            <NodeRef refid="852"/>
		</Token>
		
        
        
	</File>
</Tokens>