<?xml version="1.0" encoding="UTF-8"?>
<Tokens version="1.0">
	<File path="Classes/AWSEC2DescribeSpotPriceHistoryRequest.html">
		
		<Token>
			<TokenIdentifier>//apple_ref/occ/cl/AWSEC2DescribeSpotPriceHistoryRequest</TokenIdentifier>
			<Abstract type="html"></Abstract>
			<DeclaredIn>AWSEC2Model.h</DeclaredIn>
            
			
			<NodeRef refid="429"/>
		</Token>
		
		
		<Token>
			<TokenIdentifier>//apple_ref/occ/instm/AWSEC2DescribeSpotPriceHistoryRequest/setAvailabilityZone:</TokenIdentifier>
			<Abstract type="html">&lt;p&gt;The Availability Zone.&lt;/p&gt;</Abstract>
			<DeclaredIn>AWSEC2Model.h</DeclaredIn>
			
			<Declaration>@property (nonatomic, strong) NSString *availabilityZone</Declaration>
			
			
			<Anchor>//api/name/availabilityZone</Anchor>
            <NodeRef refid="429"/>
		</Token>
		
		<Token>
			<TokenIdentifier>//apple_ref/occ/instm/AWSEC2DescribeSpotPriceHistoryRequest/availabilityZone</TokenIdentifier>
			<Abstract type="html">&lt;p&gt;The Availability Zone.&lt;/p&gt;</Abstract>
			<DeclaredIn>AWSEC2Model.h</DeclaredIn>
			
			<Declaration>@property (nonatomic, strong) NSString *availabilityZone</Declaration>
			
			
			<Anchor>//api/name/availabilityZone</Anchor>
            <NodeRef refid="429"/>
		</Token>
		
		<Token>
			<TokenIdentifier>//apple_ref/occ/instp/AWSEC2DescribeSpotPriceHistoryRequest/availabilityZone</TokenIdentifier>
			<Abstract type="html">&lt;p&gt;The Availability Zone.&lt;/p&gt;</Abstract>
			<DeclaredIn>AWSEC2Model.h</DeclaredIn>
			
			<Declaration>@property (nonatomic, strong) NSString *availabilityZone</Declaration>
			
			
			<Anchor>//api/name/availabilityZone</Anchor>
            <NodeRef refid="429"/>
		</Token>
		
		<Token>
			<TokenIdentifier>//apple_ref/occ/instm/AWSEC2DescribeSpotPriceHistoryRequest/setDryRun:</TokenIdentifier>
			<Abstract type="html"></Abstract>
			<DeclaredIn>AWSEC2Model.h</DeclaredIn>
			
			<Declaration>@property (nonatomic, strong) NSNumber *dryRun</Declaration>
			
			
			<Anchor>//api/name/dryRun</Anchor>
            <NodeRef refid="429"/>
		</Token>
		
		<Token>
			<TokenIdentifier>//apple_ref/occ/instm/AWSEC2DescribeSpotPriceHistoryRequest/dryRun</TokenIdentifier>
			<Abstract type="html"></Abstract>
			<DeclaredIn>AWSEC2Model.h</DeclaredIn>
			
			<Declaration>@property (nonatomic, strong) NSNumber *dryRun</Declaration>
			
			
			<Anchor>//api/name/dryRun</Anchor>
            <NodeRef refid="429"/>
		</Token>
		
		<Token>
			<TokenIdentifier>//apple_ref/occ/instp/AWSEC2DescribeSpotPriceHistoryRequest/dryRun</TokenIdentifier>
			<Abstract type="html"></Abstract>
			<DeclaredIn>AWSEC2Model.h</DeclaredIn>
			
			<Declaration>@property (nonatomic, strong) NSNumber *dryRun</Declaration>
			
			
			<Anchor>//api/name/dryRun</Anchor>
            <NodeRef refid="429"/>
		</Token>
		
		<Token>
			<TokenIdentifier>//apple_ref/occ/instm/AWSEC2DescribeSpotPriceHistoryRequest/setEndTime:</TokenIdentifier>
			<Abstract type="html">&lt;p&gt;The end date and time of the Spot Price history data.&lt;/p&gt;</Abstract>
			<DeclaredIn>AWSEC2Model.h</DeclaredIn>
			
			<Declaration>@property (nonatomic, strong) NSDate *endTime</Declaration>
			
			
			<Anchor>//api/name/endTime</Anchor>
            <NodeRef refid="429"/>
		</Token>
		
		<Token>
			<TokenIdentifier>//apple_ref/occ/instm/AWSEC2DescribeSpotPriceHistoryRequest/endTime</TokenIdentifier>
			<Abstract type="html">&lt;p&gt;The end date and time of the Spot Price history data.&lt;/p&gt;</Abstract>
			<DeclaredIn>AWSEC2Model.h</DeclaredIn>
			
			<Declaration>@property (nonatomic, strong) NSDate *endTime</Declaration>
			
			
			<Anchor>//api/name/endTime</Anchor>
            <NodeRef refid="429"/>
		</Token>
		
		<Token>
			<TokenIdentifier>//apple_ref/occ/instp/AWSEC2DescribeSpotPriceHistoryRequest/endTime</TokenIdentifier>
			<Abstract type="html">&lt;p&gt;The end date and time of the Spot Price history data.&lt;/p&gt;</Abstract>
			<DeclaredIn>AWSEC2Model.h</DeclaredIn>
			
			<Declaration>@property (nonatomic, strong) NSDate *endTime</Declaration>
			
			
			<Anchor>//api/name/endTime</Anchor>
            <NodeRef refid="429"/>
		</Token>
		
		<Token>
			<TokenIdentifier>//apple_ref/occ/instm/AWSEC2DescribeSpotPriceHistoryRequest/setFilters:</TokenIdentifier>
			<Abstract type="html">&lt;p&gt;One or more filters.&lt;/p&gt;&lt;ul&gt;&lt;li&gt;&lt;p&gt;&lt;code&gt;availability-zone&lt;/code&gt; - The Availability Zone for which prices should be returned.&lt;/p&gt;&lt;/li&gt;&lt;li&gt;&lt;p&gt;&lt;code&gt;instance-type&lt;/code&gt; - The type of instance (for example, &lt;code&gt;m1.small&lt;/code&gt;).&lt;/p&gt;&lt;/li&gt;&lt;li&gt;&lt;p&gt;&lt;code&gt;product-description&lt;/code&gt; - The product description for the Spot Price (&lt;code&gt;Linux/UNIX&lt;/code&gt; | &lt;code&gt;SUSE Linux&lt;/code&gt; | &lt;code&gt;Windows&lt;/code&gt; | &lt;code&gt;Linux/UNIX (Amazon VPC)&lt;/code&gt; | &lt;code&gt;SUSE Linux (Amazon VPC)&lt;/code&gt; | &lt;code&gt;Windows (Amazon VPC)&lt;/code&gt;).&lt;/p&gt;&lt;/li&gt;&lt;li&gt;&lt;p&gt;&lt;code&gt;spot-price&lt;/code&gt; - The Spot Price. The value must match exactly (or use wildcards; greater than or less than comparison is not supported).&lt;/p&gt;&lt;/li&gt;&lt;li&gt;&lt;p&gt;&lt;code&gt;timestamp&lt;/code&gt; - The timestamp of the Spot Price history (for example, 2010-08-16T05:06:11.000Z). You can use wildcards (* and ?). Greater than or less than comparison is not supported.&lt;/p&gt;&lt;/li&gt;&lt;/ul&gt;</Abstract>
			<DeclaredIn>AWSEC2Model.h</DeclaredIn>
			
			<Declaration>@property (nonatomic, strong) NSArray *filters</Declaration>
			
			
			<Anchor>//api/name/filters</Anchor>
            <NodeRef refid="429"/>
		</Token>
		
		<Token>
			<TokenIdentifier>//apple_ref/occ/instm/AWSEC2DescribeSpotPriceHistoryRequest/filters</TokenIdentifier>
			<Abstract type="html">&lt;p&gt;One or more filters.&lt;/p&gt;&lt;ul&gt;&lt;li&gt;&lt;p&gt;&lt;code&gt;availability-zone&lt;/code&gt; - The Availability Zone for which prices should be returned.&lt;/p&gt;&lt;/li&gt;&lt;li&gt;&lt;p&gt;&lt;code&gt;instance-type&lt;/code&gt; - The type of instance (for example, &lt;code&gt;m1.small&lt;/code&gt;).&lt;/p&gt;&lt;/li&gt;&lt;li&gt;&lt;p&gt;&lt;code&gt;product-description&lt;/code&gt; - The product description for the Spot Price (&lt;code&gt;Linux/UNIX&lt;/code&gt; | &lt;code&gt;SUSE Linux&lt;/code&gt; | &lt;code&gt;Windows&lt;/code&gt; | &lt;code&gt;Linux/UNIX (Amazon VPC)&lt;/code&gt; | &lt;code&gt;SUSE Linux (Amazon VPC)&lt;/code&gt; | &lt;code&gt;Windows (Amazon VPC)&lt;/code&gt;).&lt;/p&gt;&lt;/li&gt;&lt;li&gt;&lt;p&gt;&lt;code&gt;spot-price&lt;/code&gt; - The Spot Price. The value must match exactly (or use wildcards; greater than or less than comparison is not supported).&lt;/p&gt;&lt;/li&gt;&lt;li&gt;&lt;p&gt;&lt;code&gt;timestamp&lt;/code&gt; - The timestamp of the Spot Price history (for example, 2010-08-16T05:06:11.000Z). You can use wildcards (* and ?). Greater than or less than comparison is not supported.&lt;/p&gt;&lt;/li&gt;&lt;/ul&gt;</Abstract>
			<DeclaredIn>AWSEC2Model.h</DeclaredIn>
			
			<Declaration>@property (nonatomic, strong) NSArray *filters</Declaration>
			
			
			<Anchor>//api/name/filters</Anchor>
            <NodeRef refid="429"/>
		</Token>
		
		<Token>
			<TokenIdentifier>//apple_ref/occ/instp/AWSEC2DescribeSpotPriceHistoryRequest/filters</TokenIdentifier>
			<Abstract type="html">&lt;p&gt;One or more filters.&lt;/p&gt;&lt;ul&gt;&lt;li&gt;&lt;p&gt;&lt;code&gt;availability-zone&lt;/code&gt; - The Availability Zone for which prices should be returned.&lt;/p&gt;&lt;/li&gt;&lt;li&gt;&lt;p&gt;&lt;code&gt;instance-type&lt;/code&gt; - The type of instance (for example, &lt;code&gt;m1.small&lt;/code&gt;).&lt;/p&gt;&lt;/li&gt;&lt;li&gt;&lt;p&gt;&lt;code&gt;product-description&lt;/code&gt; - The product description for the Spot Price (&lt;code&gt;Linux/UNIX&lt;/code&gt; | &lt;code&gt;SUSE Linux&lt;/code&gt; | &lt;code&gt;Windows&lt;/code&gt; | &lt;code&gt;Linux/UNIX (Amazon VPC)&lt;/code&gt; | &lt;code&gt;SUSE Linux (Amazon VPC)&lt;/code&gt; | &lt;code&gt;Windows (Amazon VPC)&lt;/code&gt;).&lt;/p&gt;&lt;/li&gt;&lt;li&gt;&lt;p&gt;&lt;code&gt;spot-price&lt;/code&gt; - The Spot Price. The value must match exactly (or use wildcards; greater than or less than comparison is not supported).&lt;/p&gt;&lt;/li&gt;&lt;li&gt;&lt;p&gt;&lt;code&gt;timestamp&lt;/code&gt; - The timestamp of the Spot Price history (for example, 2010-08-16T05:06:11.000Z). You can use wildcards (* and ?). Greater than or less than comparison is not supported.&lt;/p&gt;&lt;/li&gt;&lt;/ul&gt;</Abstract>
			<DeclaredIn>AWSEC2Model.h</DeclaredIn>
			
			<Declaration>@property (nonatomic, strong) NSArray *filters</Declaration>
			
			
			<Anchor>//api/name/filters</Anchor>
            <NodeRef refid="429"/>
		</Token>
		
		<Token>
			<TokenIdentifier>//apple_ref/occ/instm/AWSEC2DescribeSpotPriceHistoryRequest/setInstanceTypes:</TokenIdentifier>
			<Abstract type="html">&lt;p&gt;One or more instance types.&lt;/p&gt;</Abstract>
			<DeclaredIn>AWSEC2Model.h</DeclaredIn>
			
			<Declaration>@property (nonatomic, strong) NSArray *instanceTypes</Declaration>
			
			
			<Anchor>//api/name/instanceTypes</Anchor>
            <NodeRef refid="429"/>
		</Token>
		
		<Token>
			<TokenIdentifier>//apple_ref/occ/instm/AWSEC2DescribeSpotPriceHistoryRequest/instanceTypes</TokenIdentifier>
			<Abstract type="html">&lt;p&gt;One or more instance types.&lt;/p&gt;</Abstract>
			<DeclaredIn>AWSEC2Model.h</DeclaredIn>
			
			<Declaration>@property (nonatomic, strong) NSArray *instanceTypes</Declaration>
			
			
			<Anchor>//api/name/instanceTypes</Anchor>
            <NodeRef refid="429"/>
		</Token>
		
		<Token>
			<TokenIdentifier>//apple_ref/occ/instp/AWSEC2DescribeSpotPriceHistoryRequest/instanceTypes</TokenIdentifier>
			<Abstract type="html">&lt;p&gt;One or more instance types.&lt;/p&gt;</Abstract>
			<DeclaredIn>AWSEC2Model.h</DeclaredIn>
			
			<Declaration>@property (nonatomic, strong) NSArray *instanceTypes</Declaration>
			
			
			<Anchor>//api/name/instanceTypes</Anchor>
            <NodeRef refid="429"/>
		</Token>
		
		<Token>
			<TokenIdentifier>//apple_ref/occ/instm/AWSEC2DescribeSpotPriceHistoryRequest/setMaxResults:</TokenIdentifier>
			<Abstract type="html">&lt;p&gt;The number of rows to return.&lt;/p&gt;</Abstract>
			<DeclaredIn>AWSEC2Model.h</DeclaredIn>
			
			<Declaration>@property (nonatomic, strong) NSNumber *maxResults</Declaration>
			
			
			<Anchor>//api/name/maxResults</Anchor>
            <NodeRef refid="429"/>
		</Token>
		
		<Token>
			<TokenIdentifier>//apple_ref/occ/instm/AWSEC2DescribeSpotPriceHistoryRequest/maxResults</TokenIdentifier>
			<Abstract type="html">&lt;p&gt;The number of rows to return.&lt;/p&gt;</Abstract>
			<DeclaredIn>AWSEC2Model.h</DeclaredIn>
			
			<Declaration>@property (nonatomic, strong) NSNumber *maxResults</Declaration>
			
			
			<Anchor>//api/name/maxResults</Anchor>
            <NodeRef refid="429"/>
		</Token>
		
		<Token>
			<TokenIdentifier>//apple_ref/occ/instp/AWSEC2DescribeSpotPriceHistoryRequest/maxResults</TokenIdentifier>
			<Abstract type="html">&lt;p&gt;The number of rows to return.&lt;/p&gt;</Abstract>
			<DeclaredIn>AWSEC2Model.h</DeclaredIn>
			
			<Declaration>@property (nonatomic, strong) NSNumber *maxResults</Declaration>
			
			
			<Anchor>//api/name/maxResults</Anchor>
            <NodeRef refid="429"/>
		</Token>
		
		<Token>
			<TokenIdentifier>//apple_ref/occ/instm/AWSEC2DescribeSpotPriceHistoryRequest/setNextToken:</TokenIdentifier>
			<Abstract type="html">&lt;p&gt;The next set of rows to return.&lt;/p&gt;</Abstract>
			<DeclaredIn>AWSEC2Model.h</DeclaredIn>
			
			<Declaration>@property (nonatomic, strong) NSString *nextToken</Declaration>
			
			
			<Anchor>//api/name/nextToken</Anchor>
            <NodeRef refid="429"/>
		</Token>
		
		<Token>
			<TokenIdentifier>//apple_ref/occ/instm/AWSEC2DescribeSpotPriceHistoryRequest/nextToken</TokenIdentifier>
			<Abstract type="html">&lt;p&gt;The next set of rows to return.&lt;/p&gt;</Abstract>
			<DeclaredIn>AWSEC2Model.h</DeclaredIn>
			
			<Declaration>@property (nonatomic, strong) NSString *nextToken</Declaration>
			
			
			<Anchor>//api/name/nextToken</Anchor>
            <NodeRef refid="429"/>
		</Token>
		
		<Token>
			<TokenIdentifier>//apple_ref/occ/instp/AWSEC2DescribeSpotPriceHistoryRequest/nextToken</TokenIdentifier>
			<Abstract type="html">&lt;p&gt;The next set of rows to return.&lt;/p&gt;</Abstract>
			<DeclaredIn>AWSEC2Model.h</DeclaredIn>
			
			<Declaration>@property (nonatomic, strong) NSString *nextToken</Declaration>
			
			
			<Anchor>//api/name/nextToken</Anchor>
            <NodeRef refid="429"/>
		</Token>
		
		<Token>
			<TokenIdentifier>//apple_ref/occ/instm/AWSEC2DescribeSpotPriceHistoryRequest/setProductDescriptions:</TokenIdentifier>
			<Abstract type="html">&lt;p&gt;One or more basic product descriptions.&lt;/p&gt;</Abstract>
			<DeclaredIn>AWSEC2Model.h</DeclaredIn>
			
			<Declaration>@property (nonatomic, strong) NSArray *productDescriptions</Declaration>
			
			
			<Anchor>//api/name/productDescriptions</Anchor>
            <NodeRef refid="429"/>
		</Token>
		
		<Token>
			<TokenIdentifier>//apple_ref/occ/instm/AWSEC2DescribeSpotPriceHistoryRequest/productDescriptions</TokenIdentifier>
			<Abstract type="html">&lt;p&gt;One or more basic product descriptions.&lt;/p&gt;</Abstract>
			<DeclaredIn>AWSEC2Model.h</DeclaredIn>
			
			<Declaration>@property (nonatomic, strong) NSArray *productDescriptions</Declaration>
			
			
			<Anchor>//api/name/productDescriptions</Anchor>
            <NodeRef refid="429"/>
		</Token>
		
		<Token>
			<TokenIdentifier>//apple_ref/occ/instp/AWSEC2DescribeSpotPriceHistoryRequest/productDescriptions</TokenIdentifier>
			<Abstract type="html">&lt;p&gt;One or more basic product descriptions.&lt;/p&gt;</Abstract>
			<DeclaredIn>AWSEC2Model.h</DeclaredIn>
			
			<Declaration>@property (nonatomic, strong) NSArray *productDescriptions</Declaration>
			
			
			<Anchor>//api/name/productDescriptions</Anchor>
            <NodeRef refid="429"/>
		</Token>
		
		<Token>
			<TokenIdentifier>//apple_ref/occ/instm/AWSEC2DescribeSpotPriceHistoryRequest/setStartTime:</TokenIdentifier>
			<Abstract type="html">&lt;p&gt;The start date and time of the Spot Price history data.&lt;/p&gt;</Abstract>
			<DeclaredIn>AWSEC2Model.h</DeclaredIn>
			
			<Declaration>@property (nonatomic, strong) NSDate *startTime</Declaration>
			
			
			<Anchor>//api/name/startTime</Anchor>
            <NodeRef refid="429"/>
		</Token>
		
		<Token>
			<TokenIdentifier>//apple_ref/occ/instm/AWSEC2DescribeSpotPriceHistoryRequest/startTime</TokenIdentifier>
			<Abstract type="html">&lt;p&gt;The start date and time of the Spot Price history data.&lt;/p&gt;</Abstract>
			<DeclaredIn>AWSEC2Model.h</DeclaredIn>
			
			<Declaration>@property (nonatomic, strong) NSDate *startTime</Declaration>
			
			
			<Anchor>//api/name/startTime</Anchor>
            <NodeRef refid="429"/>
		</Token>
		
		<Token>
			<TokenIdentifier>//apple_ref/occ/instp/AWSEC2DescribeSpotPriceHistoryRequest/startTime</TokenIdentifier>
			<Abstract type="html">&lt;p&gt;The start date and time of the Spot Price history data.&lt;/p&gt;</Abstract>
			<DeclaredIn>AWSEC2Model.h</DeclaredIn>
			
			<Declaration>@property (nonatomic, strong) NSDate *startTime</Declaration>
			
			
			<Anchor>//api/name/startTime</Anchor>
            <NodeRef refid="429"/>
		</Token>
		
        
        
	</File>
</Tokens>