<?xml version="1.0" encoding="UTF-8"?>
<Tokens version="1.0">
	<File path="Categories/NSString+AWS.html">
		
		<Token>
			<TokenIdentifier>//apple_ref/occ/cat/NSString(AWS)</TokenIdentifier>
			<Abstract type="html">If it&apos;s not a readonly property
Ref. https://developer.apple.com/library/ios/documentation/Cocoa/Conceptual/ObjCRuntimeGuide/Articles/ocrtPropertyIntrospection.html#//apple_ref/doc/uid/TP40008048-CH101-SW1
             </Abstract>
			<DeclaredIn>AWSCategory.h</DeclaredIn>
            
			
			<NodeRef refid="1113"/>
		</Token>
		
		
        
        
	</File>
</Tokens>