<?xml version="1.0" encoding="UTF-8"?>
<Tokens version="1.0">
	<File path="Classes/AWSS3LoggingEnabled.html">
		
		<Token>
			<TokenIdentifier>//apple_ref/occ/cl/AWSS3LoggingEnabled</TokenIdentifier>
			<Abstract type="html"></Abstract>
			<DeclaredIn>AWSS3Model.h</DeclaredIn>
            
			
			<NodeRef refid="889"/>
		</Token>
		
		
		<Token>
			<TokenIdentifier>//apple_ref/occ/instm/AWSS3LoggingEnabled/setTargetBucket:</TokenIdentifier>
			<Abstract type="html">Specifies the bucket where you want Amazon S3 to store server access logs. You can have your logs delivered to any bucket that you own, including the same bucket that is being logged. You can also configure multiple buckets to deliver their logs to the same target bucket. In this case you should choose a different TargetPrefix for each source bucket so that the delivered log files can be distinguished by key.</Abstract>
			<DeclaredIn>AWSS3Model.h</DeclaredIn>
			
			<Declaration>@property (nonatomic, strong) NSString *targetBucket</Declaration>
			
			
			<Anchor>//api/name/targetBucket</Anchor>
            <NodeRef refid="889"/>
		</Token>
		
		<Token>
			<TokenIdentifier>//apple_ref/occ/instm/AWSS3LoggingEnabled/targetBucket</TokenIdentifier>
			<Abstract type="html">Specifies the bucket where you want Amazon S3 to store server access logs. You can have your logs delivered to any bucket that you own, including the same bucket that is being logged. You can also configure multiple buckets to deliver their logs to the same target bucket. In this case you should choose a different TargetPrefix for each source bucket so that the delivered log files can be distinguished by key.</Abstract>
			<DeclaredIn>AWSS3Model.h</DeclaredIn>
			
			<Declaration>@property (nonatomic, strong) NSString *targetBucket</Declaration>
			
			
			<Anchor>//api/name/targetBucket</Anchor>
            <NodeRef refid="889"/>
		</Token>
		
		<Token>
			<TokenIdentifier>//apple_ref/occ/instp/AWSS3LoggingEnabled/targetBucket</TokenIdentifier>
			<Abstract type="html">Specifies the bucket where you want Amazon S3 to store server access logs. You can have your logs delivered to any bucket that you own, including the same bucket that is being logged. You can also configure multiple buckets to deliver their logs to the same target bucket. In this case you should choose a different TargetPrefix for each source bucket so that the delivered log files can be distinguished by key.</Abstract>
			<DeclaredIn>AWSS3Model.h</DeclaredIn>
			
			<Declaration>@property (nonatomic, strong) NSString *targetBucket</Declaration>
			
			
			<Anchor>//api/name/targetBucket</Anchor>
            <NodeRef refid="889"/>
		</Token>
		
		<Token>
			<TokenIdentifier>//apple_ref/occ/instm/AWSS3LoggingEnabled/setTargetGrants:</TokenIdentifier>
			<Abstract type="html"></Abstract>
			<DeclaredIn>AWSS3Model.h</DeclaredIn>
			
			<Declaration>@property (nonatomic, strong) NSArray *targetGrants</Declaration>
			
			
			<Anchor>//api/name/targetGrants</Anchor>
            <NodeRef refid="889"/>
		</Token>
		
		<Token>
			<TokenIdentifier>//apple_ref/occ/instm/AWSS3LoggingEnabled/targetGrants</TokenIdentifier>
			<Abstract type="html"></Abstract>
			<DeclaredIn>AWSS3Model.h</DeclaredIn>
			
			<Declaration>@property (nonatomic, strong) NSArray *targetGrants</Declaration>
			
			
			<Anchor>//api/name/targetGrants</Anchor>
            <NodeRef refid="889"/>
		</Token>
		
		<Token>
			<TokenIdentifier>//apple_ref/occ/instp/AWSS3LoggingEnabled/targetGrants</TokenIdentifier>
			<Abstract type="html"></Abstract>
			<DeclaredIn>AWSS3Model.h</DeclaredIn>
			
			<Declaration>@property (nonatomic, strong) NSArray *targetGrants</Declaration>
			
			
			<Anchor>//api/name/targetGrants</Anchor>
            <NodeRef refid="889"/>
		</Token>
		
		<Token>
			<TokenIdentifier>//apple_ref/occ/instm/AWSS3LoggingEnabled/setTargetPrefix:</TokenIdentifier>
			<Abstract type="html">This element lets you specify a prefix for the keys that the log files will be stored under.</Abstract>
			<DeclaredIn>AWSS3Model.h</DeclaredIn>
			
			<Declaration>@property (nonatomic, strong) NSString *targetPrefix</Declaration>
			
			
			<Anchor>//api/name/targetPrefix</Anchor>
            <NodeRef refid="889"/>
		</Token>
		
		<Token>
			<TokenIdentifier>//apple_ref/occ/instm/AWSS3LoggingEnabled/targetPrefix</TokenIdentifier>
			<Abstract type="html">This element lets you specify a prefix for the keys that the log files will be stored under.</Abstract>
			<DeclaredIn>AWSS3Model.h</DeclaredIn>
			
			<Declaration>@property (nonatomic, strong) NSString *targetPrefix</Declaration>
			
			
			<Anchor>//api/name/targetPrefix</Anchor>
            <NodeRef refid="889"/>
		</Token>
		
		<Token>
			<TokenIdentifier>//apple_ref/occ/instp/AWSS3LoggingEnabled/targetPrefix</TokenIdentifier>
			<Abstract type="html">This element lets you specify a prefix for the keys that the log files will be stored under.</Abstract>
			<DeclaredIn>AWSS3Model.h</DeclaredIn>
			
			<Declaration>@property (nonatomic, strong) NSString *targetPrefix</Declaration>
			
			
			<Anchor>//api/name/targetPrefix</Anchor>
            <NodeRef refid="889"/>
		</Token>
		
        
        
	</File>
</Tokens>