<?xml version="1.0" encoding="UTF-8"?>
<Tokens version="1.0">
	<File path="Classes/AWSS3GetBucketRequestPaymentRequest.html">
		
		<Token>
			<TokenIdentifier>//apple_ref/occ/cl/AWSS3GetBucketRequestPaymentRequest</TokenIdentifier>
			<Abstract type="html"></Abstract>
			<DeclaredIn>AWSS3Model.h</DeclaredIn>
            
			
			<NodeRef refid="857"/>
		</Token>
		
		
		<Token>
			<TokenIdentifier>//apple_ref/occ/instm/AWSS3GetBucketRequestPaymentRequest/setBucket:</TokenIdentifier>
			<Abstract type="html"></Abstract>
			<DeclaredIn>AWSS3Model.h</DeclaredIn>
			
			<Declaration>@property (nonatomic, strong) NSString *bucket</Declaration>
			
			
			<Anchor>//api/name/bucket</Anchor>
            <NodeRef refid="857"/>
		</Token>
		
		<Token>
			<TokenIdentifier>//apple_ref/occ/instm/AWSS3GetBucketRequestPaymentRequest/bucket</TokenIdentifier>
			<Abstract type="html"></Abstract>
			<DeclaredIn>AWSS3Model.h</DeclaredIn>
			
			<Declaration>@property (nonatomic, strong) NSString *bucket</Declaration>
			
			
			<Anchor>//api/name/bucket</Anchor>
            <NodeRef refid="857"/>
		</Token>
		
		<Token>
			<TokenIdentifier>//apple_ref/occ/instp/AWSS3GetBucketRequestPaymentRequest/bucket</TokenIdentifier>
			<Abstract type="html"></Abstract>
			<DeclaredIn>AWSS3Model.h</DeclaredIn>
			
			<Declaration>@property (nonatomic, strong) NSString *bucket</Declaration>
			
			
			<Anchor>//api/name/bucket</Anchor>
            <NodeRef refid="857"/>
		</Token>
		
        
        
	</File>
</Tokens>