<?xml version="1.0" encoding="UTF-8"?>
<Tokens version="1.0">
	<File path="Classes/AWSS3ListPartsRequest.html">
		
		<Token>
			<TokenIdentifier>//apple_ref/occ/cl/AWSS3ListPartsRequest</TokenIdentifier>
			<Abstract type="html"></Abstract>
			<DeclaredIn>AWSS3Model.h</DeclaredIn>
            
			
			<NodeRef refid="888"/>
		</Token>
		
		
		<Token>
			<TokenIdentifier>//apple_ref/occ/instm/AWSS3ListPartsRequest/setBucket:</TokenIdentifier>
			<Abstract type="html"></Abstract>
			<DeclaredIn>AWSS3Model.h</DeclaredIn>
			
			<Declaration>@property (nonatomic, strong) NSString *bucket</Declaration>
			
			
			<Anchor>//api/name/bucket</Anchor>
            <NodeRef refid="888"/>
		</Token>
		
		<Token>
			<TokenIdentifier>//apple_ref/occ/instm/AWSS3ListPartsRequest/bucket</TokenIdentifier>
			<Abstract type="html"></Abstract>
			<DeclaredIn>AWSS3Model.h</DeclaredIn>
			
			<Declaration>@property (nonatomic, strong) NSString *bucket</Declaration>
			
			
			<Anchor>//api/name/bucket</Anchor>
            <NodeRef refid="888"/>
		</Token>
		
		<Token>
			<TokenIdentifier>//apple_ref/occ/instp/AWSS3ListPartsRequest/bucket</TokenIdentifier>
			<Abstract type="html"></Abstract>
			<DeclaredIn>AWSS3Model.h</DeclaredIn>
			
			<Declaration>@property (nonatomic, strong) NSString *bucket</Declaration>
			
			
			<Anchor>//api/name/bucket</Anchor>
            <NodeRef refid="888"/>
		</Token>
		
		<Token>
			<TokenIdentifier>//apple_ref/occ/instm/AWSS3ListPartsRequest/setKey:</TokenIdentifier>
			<Abstract type="html"></Abstract>
			<DeclaredIn>AWSS3Model.h</DeclaredIn>
			
			<Declaration>@property (nonatomic, strong) NSString *key</Declaration>
			
			
			<Anchor>//api/name/key</Anchor>
            <NodeRef refid="888"/>
		</Token>
		
		<Token>
			<TokenIdentifier>//apple_ref/occ/instm/AWSS3ListPartsRequest/key</TokenIdentifier>
			<Abstract type="html"></Abstract>
			<DeclaredIn>AWSS3Model.h</DeclaredIn>
			
			<Declaration>@property (nonatomic, strong) NSString *key</Declaration>
			
			
			<Anchor>//api/name/key</Anchor>
            <NodeRef refid="888"/>
		</Token>
		
		<Token>
			<TokenIdentifier>//apple_ref/occ/instp/AWSS3ListPartsRequest/key</TokenIdentifier>
			<Abstract type="html"></Abstract>
			<DeclaredIn>AWSS3Model.h</DeclaredIn>
			
			<Declaration>@property (nonatomic, strong) NSString *key</Declaration>
			
			
			<Anchor>//api/name/key</Anchor>
            <NodeRef refid="888"/>
		</Token>
		
		<Token>
			<TokenIdentifier>//apple_ref/occ/instm/AWSS3ListPartsRequest/setMaxParts:</TokenIdentifier>
			<Abstract type="html">Sets the maximum number of parts to return.</Abstract>
			<DeclaredIn>AWSS3Model.h</DeclaredIn>
			
			<Declaration>@property (nonatomic, strong) NSNumber *maxParts</Declaration>
			
			
			<Anchor>//api/name/maxParts</Anchor>
            <NodeRef refid="888"/>
		</Token>
		
		<Token>
			<TokenIdentifier>//apple_ref/occ/instm/AWSS3ListPartsRequest/maxParts</TokenIdentifier>
			<Abstract type="html">Sets the maximum number of parts to return.</Abstract>
			<DeclaredIn>AWSS3Model.h</DeclaredIn>
			
			<Declaration>@property (nonatomic, strong) NSNumber *maxParts</Declaration>
			
			
			<Anchor>//api/name/maxParts</Anchor>
            <NodeRef refid="888"/>
		</Token>
		
		<Token>
			<TokenIdentifier>//apple_ref/occ/instp/AWSS3ListPartsRequest/maxParts</TokenIdentifier>
			<Abstract type="html">Sets the maximum number of parts to return.</Abstract>
			<DeclaredIn>AWSS3Model.h</DeclaredIn>
			
			<Declaration>@property (nonatomic, strong) NSNumber *maxParts</Declaration>
			
			
			<Anchor>//api/name/maxParts</Anchor>
            <NodeRef refid="888"/>
		</Token>
		
		<Token>
			<TokenIdentifier>//apple_ref/occ/instm/AWSS3ListPartsRequest/setPartNumberMarker:</TokenIdentifier>
			<Abstract type="html">Specifies the part after which listing should begin. Only parts with higher part numbers will be listed.</Abstract>
			<DeclaredIn>AWSS3Model.h</DeclaredIn>
			
			<Declaration>@property (nonatomic, strong) NSNumber *partNumberMarker</Declaration>
			
			
			<Anchor>//api/name/partNumberMarker</Anchor>
            <NodeRef refid="888"/>
		</Token>
		
		<Token>
			<TokenIdentifier>//apple_ref/occ/instm/AWSS3ListPartsRequest/partNumberMarker</TokenIdentifier>
			<Abstract type="html">Specifies the part after which listing should begin. Only parts with higher part numbers will be listed.</Abstract>
			<DeclaredIn>AWSS3Model.h</DeclaredIn>
			
			<Declaration>@property (nonatomic, strong) NSNumber *partNumberMarker</Declaration>
			
			
			<Anchor>//api/name/partNumberMarker</Anchor>
            <NodeRef refid="888"/>
		</Token>
		
		<Token>
			<TokenIdentifier>//apple_ref/occ/instp/AWSS3ListPartsRequest/partNumberMarker</TokenIdentifier>
			<Abstract type="html">Specifies the part after which listing should begin. Only parts with higher part numbers will be listed.</Abstract>
			<DeclaredIn>AWSS3Model.h</DeclaredIn>
			
			<Declaration>@property (nonatomic, strong) NSNumber *partNumberMarker</Declaration>
			
			
			<Anchor>//api/name/partNumberMarker</Anchor>
            <NodeRef refid="888"/>
		</Token>
		
		<Token>
			<TokenIdentifier>//apple_ref/occ/instm/AWSS3ListPartsRequest/setUploadId:</TokenIdentifier>
			<Abstract type="html">Upload ID identifying the multipart upload whose parts are being listed.</Abstract>
			<DeclaredIn>AWSS3Model.h</DeclaredIn>
			
			<Declaration>@property (nonatomic, strong) NSString *uploadId</Declaration>
			
			
			<Anchor>//api/name/uploadId</Anchor>
            <NodeRef refid="888"/>
		</Token>
		
		<Token>
			<TokenIdentifier>//apple_ref/occ/instm/AWSS3ListPartsRequest/uploadId</TokenIdentifier>
			<Abstract type="html">Upload ID identifying the multipart upload whose parts are being listed.</Abstract>
			<DeclaredIn>AWSS3Model.h</DeclaredIn>
			
			<Declaration>@property (nonatomic, strong) NSString *uploadId</Declaration>
			
			
			<Anchor>//api/name/uploadId</Anchor>
            <NodeRef refid="888"/>
		</Token>
		
		<Token>
			<TokenIdentifier>//apple_ref/occ/instp/AWSS3ListPartsRequest/uploadId</TokenIdentifier>
			<Abstract type="html">Upload ID identifying the multipart upload whose parts are being listed.</Abstract>
			<DeclaredIn>AWSS3Model.h</DeclaredIn>
			
			<Declaration>@property (nonatomic, strong) NSString *uploadId</Declaration>
			
			
			<Anchor>//api/name/uploadId</Anchor>
            <NodeRef refid="888"/>
		</Token>
		
        
        
	</File>
</Tokens>