<?xml version="1.0" encoding="UTF-8"?>
<Tokens version="1.0">
	<File path="Classes/AWSEC2VolumeDetail.html">
		
		<Token>
			<TokenIdentifier>//apple_ref/occ/cl/AWSEC2VolumeDetail</TokenIdentifier>
			<Abstract type="html">&lt;p&gt;Describes an Amazon EBS volume.&lt;/p&gt;
Required parameters: [Size]</Abstract>
			<DeclaredIn>AWSEC2Model.h</DeclaredIn>
            
			
			<NodeRef refid="630"/>
		</Token>
		
		
		<Token>
			<TokenIdentifier>//apple_ref/occ/instm/AWSEC2VolumeDetail/setSize:</TokenIdentifier>
			<Abstract type="html">&lt;p&gt;The size of the volume, in GiB.&lt;/p&gt;</Abstract>
			<DeclaredIn>AWSEC2Model.h</DeclaredIn>
			
			<Declaration>@property (nonatomic, strong) NSNumber *size</Declaration>
			
			
			<Anchor>//api/name/size</Anchor>
            <NodeRef refid="630"/>
		</Token>
		
		<Token>
			<TokenIdentifier>//apple_ref/occ/instm/AWSEC2VolumeDetail/size</TokenIdentifier>
			<Abstract type="html">&lt;p&gt;The size of the volume, in GiB.&lt;/p&gt;</Abstract>
			<DeclaredIn>AWSEC2Model.h</DeclaredIn>
			
			<Declaration>@property (nonatomic, strong) NSNumber *size</Declaration>
			
			
			<Anchor>//api/name/size</Anchor>
            <NodeRef refid="630"/>
		</Token>
		
		<Token>
			<TokenIdentifier>//apple_ref/occ/instp/AWSEC2VolumeDetail/size</TokenIdentifier>
			<Abstract type="html">&lt;p&gt;The size of the volume, in GiB.&lt;/p&gt;</Abstract>
			<DeclaredIn>AWSEC2Model.h</DeclaredIn>
			
			<Declaration>@property (nonatomic, strong) NSNumber *size</Declaration>
			
			
			<Anchor>//api/name/size</Anchor>
            <NodeRef refid="630"/>
		</Token>
		
        
        
	</File>
</Tokens>