<?xml version="1.0" encoding="UTF-8"?>
<Tokens version="1.0">
	<File path="Classes/AWSEC2InstanceState.html">
		
		<Token>
			<TokenIdentifier>//apple_ref/occ/cl/AWSEC2InstanceState</TokenIdentifier>
			<Abstract type="html">&lt;p&gt;Describes the current state of the instance.&lt;/p&gt;</Abstract>
			<DeclaredIn>AWSEC2Model.h</DeclaredIn>
            
			
			<NodeRef refid="513"/>
		</Token>
		
		
		<Token>
			<TokenIdentifier>//apple_ref/occ/instm/AWSEC2InstanceState/setCode:</TokenIdentifier>
			<Abstract type="html">&lt;p&gt;The low byte represents the state. The high byte is an opaque internal value and should be ignored.&lt;/p&gt;&lt;ul&gt;&lt;li&gt;&lt;p&gt;&lt;code&gt;0&lt;/code&gt; : &lt;code&gt;pending&lt;/code&gt;&lt;/p&gt;&lt;/li&gt;&lt;li&gt;&lt;p&gt;&lt;code&gt;16&lt;/code&gt; : &lt;code&gt;running&lt;/code&gt;&lt;/p&gt;&lt;/li&gt;&lt;li&gt;&lt;p&gt;&lt;code&gt;32&lt;/code&gt; : &lt;code&gt;shutting-down&lt;/code&gt;&lt;/p&gt;&lt;/li&gt;&lt;li&gt;&lt;p&gt;&lt;code&gt;48&lt;/code&gt; : &lt;code&gt;terminated&lt;/code&gt;&lt;/p&gt;&lt;/li&gt;&lt;li&gt;&lt;p&gt;&lt;code&gt;64&lt;/code&gt; : &lt;code&gt;stopping&lt;/code&gt;&lt;/p&gt;&lt;/li&gt;&lt;li&gt;&lt;p&gt;&lt;code&gt;80&lt;/code&gt; : &lt;code&gt;stopped&lt;/code&gt;&lt;/p&gt;&lt;/li&gt;&lt;/ul&gt;</Abstract>
			<DeclaredIn>AWSEC2Model.h</DeclaredIn>
			
			<Declaration>@property (nonatomic, strong) NSNumber *code</Declaration>
			
			
			<Anchor>//api/name/code</Anchor>
            <NodeRef refid="513"/>
		</Token>
		
		<Token>
			<TokenIdentifier>//apple_ref/occ/instm/AWSEC2InstanceState/code</TokenIdentifier>
			<Abstract type="html">&lt;p&gt;The low byte represents the state. The high byte is an opaque internal value and should be ignored.&lt;/p&gt;&lt;ul&gt;&lt;li&gt;&lt;p&gt;&lt;code&gt;0&lt;/code&gt; : &lt;code&gt;pending&lt;/code&gt;&lt;/p&gt;&lt;/li&gt;&lt;li&gt;&lt;p&gt;&lt;code&gt;16&lt;/code&gt; : &lt;code&gt;running&lt;/code&gt;&lt;/p&gt;&lt;/li&gt;&lt;li&gt;&lt;p&gt;&lt;code&gt;32&lt;/code&gt; : &lt;code&gt;shutting-down&lt;/code&gt;&lt;/p&gt;&lt;/li&gt;&lt;li&gt;&lt;p&gt;&lt;code&gt;48&lt;/code&gt; : &lt;code&gt;terminated&lt;/code&gt;&lt;/p&gt;&lt;/li&gt;&lt;li&gt;&lt;p&gt;&lt;code&gt;64&lt;/code&gt; : &lt;code&gt;stopping&lt;/code&gt;&lt;/p&gt;&lt;/li&gt;&lt;li&gt;&lt;p&gt;&lt;code&gt;80&lt;/code&gt; : &lt;code&gt;stopped&lt;/code&gt;&lt;/p&gt;&lt;/li&gt;&lt;/ul&gt;</Abstract>
			<DeclaredIn>AWSEC2Model.h</DeclaredIn>
			
			<Declaration>@property (nonatomic, strong) NSNumber *code</Declaration>
			
			
			<Anchor>//api/name/code</Anchor>
            <NodeRef refid="513"/>
		</Token>
		
		<Token>
			<TokenIdentifier>//apple_ref/occ/instp/AWSEC2InstanceState/code</TokenIdentifier>
			<Abstract type="html">&lt;p&gt;The low byte represents the state. The high byte is an opaque internal value and should be ignored.&lt;/p&gt;&lt;ul&gt;&lt;li&gt;&lt;p&gt;&lt;code&gt;0&lt;/code&gt; : &lt;code&gt;pending&lt;/code&gt;&lt;/p&gt;&lt;/li&gt;&lt;li&gt;&lt;p&gt;&lt;code&gt;16&lt;/code&gt; : &lt;code&gt;running&lt;/code&gt;&lt;/p&gt;&lt;/li&gt;&lt;li&gt;&lt;p&gt;&lt;code&gt;32&lt;/code&gt; : &lt;code&gt;shutting-down&lt;/code&gt;&lt;/p&gt;&lt;/li&gt;&lt;li&gt;&lt;p&gt;&lt;code&gt;48&lt;/code&gt; : &lt;code&gt;terminated&lt;/code&gt;&lt;/p&gt;&lt;/li&gt;&lt;li&gt;&lt;p&gt;&lt;code&gt;64&lt;/code&gt; : &lt;code&gt;stopping&lt;/code&gt;&lt;/p&gt;&lt;/li&gt;&lt;li&gt;&lt;p&gt;&lt;code&gt;80&lt;/code&gt; : &lt;code&gt;stopped&lt;/code&gt;&lt;/p&gt;&lt;/li&gt;&lt;/ul&gt;</Abstract>
			<DeclaredIn>AWSEC2Model.h</DeclaredIn>
			
			<Declaration>@property (nonatomic, strong) NSNumber *code</Declaration>
			
			
			<Anchor>//api/name/code</Anchor>
            <NodeRef refid="513"/>
		</Token>
		
		<Token>
			<TokenIdentifier>//apple_ref/occ/instm/AWSEC2InstanceState/setName:</TokenIdentifier>
			<Abstract type="html">&lt;p&gt;The current state of the instance.&lt;/p&gt;</Abstract>
			<DeclaredIn>AWSEC2Model.h</DeclaredIn>
			
			<Declaration>@property (nonatomic, assign) AWSEC2InstanceStateName name</Declaration>
			
			
			<Anchor>//api/name/name</Anchor>
            <NodeRef refid="513"/>
		</Token>
		
		<Token>
			<TokenIdentifier>//apple_ref/occ/instm/AWSEC2InstanceState/name</TokenIdentifier>
			<Abstract type="html">&lt;p&gt;The current state of the instance.&lt;/p&gt;</Abstract>
			<DeclaredIn>AWSEC2Model.h</DeclaredIn>
			
			<Declaration>@property (nonatomic, assign) AWSEC2InstanceStateName name</Declaration>
			
			
			<Anchor>//api/name/name</Anchor>
            <NodeRef refid="513"/>
		</Token>
		
		<Token>
			<TokenIdentifier>//apple_ref/occ/instp/AWSEC2InstanceState/name</TokenIdentifier>
			<Abstract type="html">&lt;p&gt;The current state of the instance.&lt;/p&gt;</Abstract>
			<DeclaredIn>AWSEC2Model.h</DeclaredIn>
			
			<Declaration>@property (nonatomic, assign) AWSEC2InstanceStateName name</Declaration>
			
			
			<Anchor>//api/name/name</Anchor>
            <NodeRef refid="513"/>
		</Token>
		
        
        
	</File>
</Tokens>