<?xml version="1.0" encoding="UTF-8"?>
<Tokens version="1.0">
	<File path="Classes/AWSKinesisPutRecordInput.html">
		
		<Token>
			<TokenIdentifier>//apple_ref/occ/cl/AWSKinesisPutRecordInput</TokenIdentifier>
			<Abstract type="html">&lt;p&gt;Represents the input for &lt;code&gt;PutRecord&lt;/code&gt;.&lt;/p&gt;
Required parameters: [StreamName, Data, PartitionKey]</Abstract>
			<DeclaredIn>AWSKinesisModel.h</DeclaredIn>
            
			
			<NodeRef refid="745"/>
		</Token>
		
		
		<Token>
			<TokenIdentifier>//apple_ref/occ/instm/AWSKinesisPutRecordInput/setData:</TokenIdentifier>
			<Abstract type="html">&lt;p&gt;The data blob to put into the record, which is base64-encoded when the blob is serialized. The maximum size of the data blob (the payload before base64-encoding) is 50 kilobytes (KB) &lt;/p&gt;</Abstract>
			<DeclaredIn>AWSKinesisModel.h</DeclaredIn>
			
			<Declaration>@property (nonatomic, strong) NSData *data</Declaration>
			
			
			<Anchor>//api/name/data</Anchor>
            <NodeRef refid="745"/>
		</Token>
		
		<Token>
			<TokenIdentifier>//apple_ref/occ/instm/AWSKinesisPutRecordInput/data</TokenIdentifier>
			<Abstract type="html">&lt;p&gt;The data blob to put into the record, which is base64-encoded when the blob is serialized. The maximum size of the data blob (the payload before base64-encoding) is 50 kilobytes (KB) &lt;/p&gt;</Abstract>
			<DeclaredIn>AWSKinesisModel.h</DeclaredIn>
			
			<Declaration>@property (nonatomic, strong) NSData *data</Declaration>
			
			
			<Anchor>//api/name/data</Anchor>
            <NodeRef refid="745"/>
		</Token>
		
		<Token>
			<TokenIdentifier>//apple_ref/occ/instp/AWSKinesisPutRecordInput/data</TokenIdentifier>
			<Abstract type="html">&lt;p&gt;The data blob to put into the record, which is base64-encoded when the blob is serialized. The maximum size of the data blob (the payload before base64-encoding) is 50 kilobytes (KB) &lt;/p&gt;</Abstract>
			<DeclaredIn>AWSKinesisModel.h</DeclaredIn>
			
			<Declaration>@property (nonatomic, strong) NSData *data</Declaration>
			
			
			<Anchor>//api/name/data</Anchor>
            <NodeRef refid="745"/>
		</Token>
		
		<Token>
			<TokenIdentifier>//apple_ref/occ/instm/AWSKinesisPutRecordInput/setExplicitHashKey:</TokenIdentifier>
			<Abstract type="html">&lt;p&gt;The hash value used to explicitly determine the shard the data record is assigned to by overriding the partition key hash.&lt;/p&gt;</Abstract>
			<DeclaredIn>AWSKinesisModel.h</DeclaredIn>
			
			<Declaration>@property (nonatomic, strong) NSString *explicitHashKey</Declaration>
			
			
			<Anchor>//api/name/explicitHashKey</Anchor>
            <NodeRef refid="745"/>
		</Token>
		
		<Token>
			<TokenIdentifier>//apple_ref/occ/instm/AWSKinesisPutRecordInput/explicitHashKey</TokenIdentifier>
			<Abstract type="html">&lt;p&gt;The hash value used to explicitly determine the shard the data record is assigned to by overriding the partition key hash.&lt;/p&gt;</Abstract>
			<DeclaredIn>AWSKinesisModel.h</DeclaredIn>
			
			<Declaration>@property (nonatomic, strong) NSString *explicitHashKey</Declaration>
			
			
			<Anchor>//api/name/explicitHashKey</Anchor>
            <NodeRef refid="745"/>
		</Token>
		
		<Token>
			<TokenIdentifier>//apple_ref/occ/instp/AWSKinesisPutRecordInput/explicitHashKey</TokenIdentifier>
			<Abstract type="html">&lt;p&gt;The hash value used to explicitly determine the shard the data record is assigned to by overriding the partition key hash.&lt;/p&gt;</Abstract>
			<DeclaredIn>AWSKinesisModel.h</DeclaredIn>
			
			<Declaration>@property (nonatomic, strong) NSString *explicitHashKey</Declaration>
			
			
			<Anchor>//api/name/explicitHashKey</Anchor>
            <NodeRef refid="745"/>
		</Token>
		
		<Token>
			<TokenIdentifier>//apple_ref/occ/instm/AWSKinesisPutRecordInput/setPartitionKey:</TokenIdentifier>
			<Abstract type="html">&lt;p&gt;Determines which shard in the stream the data record is assigned to. Partition keys are Unicode strings with a maximum length limit of 256 bytes. Amazon Kinesis uses the partition key as input to a hash function that maps the partition key and associated data to a specific shard. Specifically, an MD5 hash function is used to map partition keys to 128-bit integer values and to map associated data records to shards. As a result of this hashing mechanism, all data records with the same partition key will map to the same shard within the stream.&lt;/p&gt;</Abstract>
			<DeclaredIn>AWSKinesisModel.h</DeclaredIn>
			
			<Declaration>@property (nonatomic, strong) NSString *partitionKey</Declaration>
			
			
			<Anchor>//api/name/partitionKey</Anchor>
            <NodeRef refid="745"/>
		</Token>
		
		<Token>
			<TokenIdentifier>//apple_ref/occ/instm/AWSKinesisPutRecordInput/partitionKey</TokenIdentifier>
			<Abstract type="html">&lt;p&gt;Determines which shard in the stream the data record is assigned to. Partition keys are Unicode strings with a maximum length limit of 256 bytes. Amazon Kinesis uses the partition key as input to a hash function that maps the partition key and associated data to a specific shard. Specifically, an MD5 hash function is used to map partition keys to 128-bit integer values and to map associated data records to shards. As a result of this hashing mechanism, all data records with the same partition key will map to the same shard within the stream.&lt;/p&gt;</Abstract>
			<DeclaredIn>AWSKinesisModel.h</DeclaredIn>
			
			<Declaration>@property (nonatomic, strong) NSString *partitionKey</Declaration>
			
			
			<Anchor>//api/name/partitionKey</Anchor>
            <NodeRef refid="745"/>
		</Token>
		
		<Token>
			<TokenIdentifier>//apple_ref/occ/instp/AWSKinesisPutRecordInput/partitionKey</TokenIdentifier>
			<Abstract type="html">&lt;p&gt;Determines which shard in the stream the data record is assigned to. Partition keys are Unicode strings with a maximum length limit of 256 bytes. Amazon Kinesis uses the partition key as input to a hash function that maps the partition key and associated data to a specific shard. Specifically, an MD5 hash function is used to map partition keys to 128-bit integer values and to map associated data records to shards. As a result of this hashing mechanism, all data records with the same partition key will map to the same shard within the stream.&lt;/p&gt;</Abstract>
			<DeclaredIn>AWSKinesisModel.h</DeclaredIn>
			
			<Declaration>@property (nonatomic, strong) NSString *partitionKey</Declaration>
			
			
			<Anchor>//api/name/partitionKey</Anchor>
            <NodeRef refid="745"/>
		</Token>
		
		<Token>
			<TokenIdentifier>//apple_ref/occ/instm/AWSKinesisPutRecordInput/setSequenceNumberForOrdering:</TokenIdentifier>
			<Abstract type="html">&lt;p&gt;Guarantees strictly increasing sequence numbers, for puts from the same client and to the same partition key. Usage: set the &lt;code&gt;SequenceNumberForOrdering&lt;/code&gt; of record &lt;i&gt;n&lt;/i&gt; to the sequence number of record &lt;i&gt;n-1&lt;/i&gt; (as returned in the &lt;a&gt;PutRecordResult&lt;/a&gt; when putting record &lt;i&gt;n-1&lt;/i&gt;). If this parameter is not set, records will be coarsely ordered based on arrival time.&lt;/p&gt;</Abstract>
			<DeclaredIn>AWSKinesisModel.h</DeclaredIn>
			
			<Declaration>@property (nonatomic, strong) NSString *sequenceNumberForOrdering</Declaration>
			
			
			<Anchor>//api/name/sequenceNumberForOrdering</Anchor>
            <NodeRef refid="745"/>
		</Token>
		
		<Token>
			<TokenIdentifier>//apple_ref/occ/instm/AWSKinesisPutRecordInput/sequenceNumberForOrdering</TokenIdentifier>
			<Abstract type="html">&lt;p&gt;Guarantees strictly increasing sequence numbers, for puts from the same client and to the same partition key. Usage: set the &lt;code&gt;SequenceNumberForOrdering&lt;/code&gt; of record &lt;i&gt;n&lt;/i&gt; to the sequence number of record &lt;i&gt;n-1&lt;/i&gt; (as returned in the &lt;a&gt;PutRecordResult&lt;/a&gt; when putting record &lt;i&gt;n-1&lt;/i&gt;). If this parameter is not set, records will be coarsely ordered based on arrival time.&lt;/p&gt;</Abstract>
			<DeclaredIn>AWSKinesisModel.h</DeclaredIn>
			
			<Declaration>@property (nonatomic, strong) NSString *sequenceNumberForOrdering</Declaration>
			
			
			<Anchor>//api/name/sequenceNumberForOrdering</Anchor>
            <NodeRef refid="745"/>
		</Token>
		
		<Token>
			<TokenIdentifier>//apple_ref/occ/instp/AWSKinesisPutRecordInput/sequenceNumberForOrdering</TokenIdentifier>
			<Abstract type="html">&lt;p&gt;Guarantees strictly increasing sequence numbers, for puts from the same client and to the same partition key. Usage: set the &lt;code&gt;SequenceNumberForOrdering&lt;/code&gt; of record &lt;i&gt;n&lt;/i&gt; to the sequence number of record &lt;i&gt;n-1&lt;/i&gt; (as returned in the &lt;a&gt;PutRecordResult&lt;/a&gt; when putting record &lt;i&gt;n-1&lt;/i&gt;). If this parameter is not set, records will be coarsely ordered based on arrival time.&lt;/p&gt;</Abstract>
			<DeclaredIn>AWSKinesisModel.h</DeclaredIn>
			
			<Declaration>@property (nonatomic, strong) NSString *sequenceNumberForOrdering</Declaration>
			
			
			<Anchor>//api/name/sequenceNumberForOrdering</Anchor>
            <NodeRef refid="745"/>
		</Token>
		
		<Token>
			<TokenIdentifier>//apple_ref/occ/instm/AWSKinesisPutRecordInput/setStreamName:</TokenIdentifier>
			<Abstract type="html">&lt;p&gt;The name of the stream to put the data record into.&lt;/p&gt;</Abstract>
			<DeclaredIn>AWSKinesisModel.h</DeclaredIn>
			
			<Declaration>@property (nonatomic, strong) NSString *streamName</Declaration>
			
			
			<Anchor>//api/name/streamName</Anchor>
            <NodeRef refid="745"/>
		</Token>
		
		<Token>
			<TokenIdentifier>//apple_ref/occ/instm/AWSKinesisPutRecordInput/streamName</TokenIdentifier>
			<Abstract type="html">&lt;p&gt;The name of the stream to put the data record into.&lt;/p&gt;</Abstract>
			<DeclaredIn>AWSKinesisModel.h</DeclaredIn>
			
			<Declaration>@property (nonatomic, strong) NSString *streamName</Declaration>
			
			
			<Anchor>//api/name/streamName</Anchor>
            <NodeRef refid="745"/>
		</Token>
		
		<Token>
			<TokenIdentifier>//apple_ref/occ/instp/AWSKinesisPutRecordInput/streamName</TokenIdentifier>
			<Abstract type="html">&lt;p&gt;The name of the stream to put the data record into.&lt;/p&gt;</Abstract>
			<DeclaredIn>AWSKinesisModel.h</DeclaredIn>
			
			<Declaration>@property (nonatomic, strong) NSString *streamName</Declaration>
			
			
			<Anchor>//api/name/streamName</Anchor>
            <NodeRef refid="745"/>
		</Token>
		
        
        
	</File>
</Tokens>