<?xml version="1.0" encoding="UTF-8"?>
<Tokens version="1.0">
	<File path="Classes/AWSEC2BlobAttributeValue.html">
		
		<Token>
			<TokenIdentifier>//apple_ref/occ/cl/AWSEC2BlobAttributeValue</TokenIdentifier>
			<Abstract type="html"></Abstract>
			<DeclaredIn>AWSEC2Model.h</DeclaredIn>
            
			
			<NodeRef refid="284"/>
		</Token>
		
		
		<Token>
			<TokenIdentifier>//apple_ref/occ/instm/AWSEC2BlobAttributeValue/setValue:</TokenIdentifier>
			<Abstract type="html"></Abstract>
			<DeclaredIn>AWSEC2Model.h</DeclaredIn>
			
			<Declaration>@property (nonatomic, strong) NSData *value</Declaration>
			
			
			<Anchor>//api/name/value</Anchor>
            <NodeRef refid="284"/>
		</Token>
		
		<Token>
			<TokenIdentifier>//apple_ref/occ/instm/AWSEC2BlobAttributeValue/value</TokenIdentifier>
			<Abstract type="html"></Abstract>
			<DeclaredIn>AWSEC2Model.h</DeclaredIn>
			
			<Declaration>@property (nonatomic, strong) NSData *value</Declaration>
			
			
			<Anchor>//api/name/value</Anchor>
            <NodeRef refid="284"/>
		</Token>
		
		<Token>
			<TokenIdentifier>//apple_ref/occ/instp/AWSEC2BlobAttributeValue/value</TokenIdentifier>
			<Abstract type="html"></Abstract>
			<DeclaredIn>AWSEC2Model.h</DeclaredIn>
			
			<Declaration>@property (nonatomic, strong) NSData *value</Declaration>
			
			
			<Anchor>//api/name/value</Anchor>
            <NodeRef refid="284"/>
		</Token>
		
        
        
	</File>
</Tokens>