<?xml version="1.0" encoding="UTF-8"?>
<Tokens version="1.0">
	<File path="Classes/AWSS3AbortMultipartUploadRequest.html">
		
		<Token>
			<TokenIdentifier>//apple_ref/occ/cl/AWSS3AbortMultipartUploadRequest</TokenIdentifier>
			<Abstract type="html"></Abstract>
			<DeclaredIn>AWSS3Model.h</DeclaredIn>
            
			
			<NodeRef refid="809"/>
		</Token>
		
		
		<Token>
			<TokenIdentifier>//apple_ref/occ/instm/AWSS3AbortMultipartUploadRequest/setBucket:</TokenIdentifier>
			<Abstract type="html"></Abstract>
			<DeclaredIn>AWSS3Model.h</DeclaredIn>
			
			<Declaration>@property (nonatomic, strong) NSString *bucket</Declaration>
			
			
			<Anchor>//api/name/bucket</Anchor>
            <NodeRef refid="809"/>
		</Token>
		
		<Token>
			<TokenIdentifier>//apple_ref/occ/instm/AWSS3AbortMultipartUploadRequest/bucket</TokenIdentifier>
			<Abstract type="html"></Abstract>
			<DeclaredIn>AWSS3Model.h</DeclaredIn>
			
			<Declaration>@property (nonatomic, strong) NSString *bucket</Declaration>
			
			
			<Anchor>//api/name/bucket</Anchor>
            <NodeRef refid="809"/>
		</Token>
		
		<Token>
			<TokenIdentifier>//apple_ref/occ/instp/AWSS3AbortMultipartUploadRequest/bucket</TokenIdentifier>
			<Abstract type="html"></Abstract>
			<DeclaredIn>AWSS3Model.h</DeclaredIn>
			
			<Declaration>@property (nonatomic, strong) NSString *bucket</Declaration>
			
			
			<Anchor>//api/name/bucket</Anchor>
            <NodeRef refid="809"/>
		</Token>
		
		<Token>
			<TokenIdentifier>//apple_ref/occ/instm/AWSS3AbortMultipartUploadRequest/setKey:</TokenIdentifier>
			<Abstract type="html"></Abstract>
			<DeclaredIn>AWSS3Model.h</DeclaredIn>
			
			<Declaration>@property (nonatomic, strong) NSString *key</Declaration>
			
			
			<Anchor>//api/name/key</Anchor>
            <NodeRef refid="809"/>
		</Token>
		
		<Token>
			<TokenIdentifier>//apple_ref/occ/instm/AWSS3AbortMultipartUploadRequest/key</TokenIdentifier>
			<Abstract type="html"></Abstract>
			<DeclaredIn>AWSS3Model.h</DeclaredIn>
			
			<Declaration>@property (nonatomic, strong) NSString *key</Declaration>
			
			
			<Anchor>//api/name/key</Anchor>
            <NodeRef refid="809"/>
		</Token>
		
		<Token>
			<TokenIdentifier>//apple_ref/occ/instp/AWSS3AbortMultipartUploadRequest/key</TokenIdentifier>
			<Abstract type="html"></Abstract>
			<DeclaredIn>AWSS3Model.h</DeclaredIn>
			
			<Declaration>@property (nonatomic, strong) NSString *key</Declaration>
			
			
			<Anchor>//api/name/key</Anchor>
            <NodeRef refid="809"/>
		</Token>
		
		<Token>
			<TokenIdentifier>//apple_ref/occ/instm/AWSS3AbortMultipartUploadRequest/setUploadId:</TokenIdentifier>
			<Abstract type="html"></Abstract>
			<DeclaredIn>AWSS3Model.h</DeclaredIn>
			
			<Declaration>@property (nonatomic, strong) NSString *uploadId</Declaration>
			
			
			<Anchor>//api/name/uploadId</Anchor>
            <NodeRef refid="809"/>
		</Token>
		
		<Token>
			<TokenIdentifier>//apple_ref/occ/instm/AWSS3AbortMultipartUploadRequest/uploadId</TokenIdentifier>
			<Abstract type="html"></Abstract>
			<DeclaredIn>AWSS3Model.h</DeclaredIn>
			
			<Declaration>@property (nonatomic, strong) NSString *uploadId</Declaration>
			
			
			<Anchor>//api/name/uploadId</Anchor>
            <NodeRef refid="809"/>
		</Token>
		
		<Token>
			<TokenIdentifier>//apple_ref/occ/instp/AWSS3AbortMultipartUploadRequest/uploadId</TokenIdentifier>
			<Abstract type="html"></Abstract>
			<DeclaredIn>AWSS3Model.h</DeclaredIn>
			
			<Declaration>@property (nonatomic, strong) NSString *uploadId</Declaration>
			
			
			<Anchor>//api/name/uploadId</Anchor>
            <NodeRef refid="809"/>
		</Token>
		
        
        
	</File>
</Tokens>