<?xml version="1.0" encoding="UTF-8"?>
<Tokens version="1.0">
	<File path="Classes/AWSCloudWatchListMetricsOutput.html">
		
		<Token>
			<TokenIdentifier>//apple_ref/occ/cl/AWSCloudWatchListMetricsOutput</TokenIdentifier>
			<Abstract type="html">&lt;p&gt; The output for the &lt;a&gt;ListMetrics&lt;/a&gt; action. &lt;/p&gt;</Abstract>
			<DeclaredIn>AWSCloudWatchModel.h</DeclaredIn>
            
			
			<NodeRef refid="107"/>
		</Token>
		
		
		<Token>
			<TokenIdentifier>//apple_ref/occ/instm/AWSCloudWatchListMetricsOutput/setMetrics:</TokenIdentifier>
			<Abstract type="html">&lt;p&gt; A list of metrics used to generate statistics for an AWS account. &lt;/p&gt;</Abstract>
			<DeclaredIn>AWSCloudWatchModel.h</DeclaredIn>
			
			<Declaration>@property (nonatomic, strong) NSArray *metrics</Declaration>
			
			
			<Anchor>//api/name/metrics</Anchor>
            <NodeRef refid="107"/>
		</Token>
		
		<Token>
			<TokenIdentifier>//apple_ref/occ/instm/AWSCloudWatchListMetricsOutput/metrics</TokenIdentifier>
			<Abstract type="html">&lt;p&gt; A list of metrics used to generate statistics for an AWS account. &lt;/p&gt;</Abstract>
			<DeclaredIn>AWSCloudWatchModel.h</DeclaredIn>
			
			<Declaration>@property (nonatomic, strong) NSArray *metrics</Declaration>
			
			
			<Anchor>//api/name/metrics</Anchor>
            <NodeRef refid="107"/>
		</Token>
		
		<Token>
			<TokenIdentifier>//apple_ref/occ/instp/AWSCloudWatchListMetricsOutput/metrics</TokenIdentifier>
			<Abstract type="html">&lt;p&gt; A list of metrics used to generate statistics for an AWS account. &lt;/p&gt;</Abstract>
			<DeclaredIn>AWSCloudWatchModel.h</DeclaredIn>
			
			<Declaration>@property (nonatomic, strong) NSArray *metrics</Declaration>
			
			
			<Anchor>//api/name/metrics</Anchor>
            <NodeRef refid="107"/>
		</Token>
		
		<Token>
			<TokenIdentifier>//apple_ref/occ/instm/AWSCloudWatchListMetricsOutput/setNextToken:</TokenIdentifier>
			<Abstract type="html">&lt;p&gt; A string that marks the start of the next batch of returned results. &lt;/p&gt;</Abstract>
			<DeclaredIn>AWSCloudWatchModel.h</DeclaredIn>
			
			<Declaration>@property (nonatomic, strong) NSString *nextToken</Declaration>
			
			
			<Anchor>//api/name/nextToken</Anchor>
            <NodeRef refid="107"/>
		</Token>
		
		<Token>
			<TokenIdentifier>//apple_ref/occ/instm/AWSCloudWatchListMetricsOutput/nextToken</TokenIdentifier>
			<Abstract type="html">&lt;p&gt; A string that marks the start of the next batch of returned results. &lt;/p&gt;</Abstract>
			<DeclaredIn>AWSCloudWatchModel.h</DeclaredIn>
			
			<Declaration>@property (nonatomic, strong) NSString *nextToken</Declaration>
			
			
			<Anchor>//api/name/nextToken</Anchor>
            <NodeRef refid="107"/>
		</Token>
		
		<Token>
			<TokenIdentifier>//apple_ref/occ/instp/AWSCloudWatchListMetricsOutput/nextToken</TokenIdentifier>
			<Abstract type="html">&lt;p&gt; A string that marks the start of the next batch of returned results. &lt;/p&gt;</Abstract>
			<DeclaredIn>AWSCloudWatchModel.h</DeclaredIn>
			
			<Declaration>@property (nonatomic, strong) NSString *nextToken</Declaration>
			
			
			<Anchor>//api/name/nextToken</Anchor>
            <NodeRef refid="107"/>
		</Token>
		
        
        
	</File>
</Tokens>