<?xml version="1.0" encoding="UTF-8"?>
<Tokens version="1.0">
	<File path="Classes/AWSSNSListEndpointsByPlatformApplicationInput.html">
		
		<Token>
			<TokenIdentifier>//apple_ref/occ/cl/AWSSNSListEndpointsByPlatformApplicationInput</TokenIdentifier>
			<Abstract type="html">&lt;p&gt;Input for ListEndpointsByPlatformApplication action.&lt;/p&gt;
Required parameters: [PlatformApplicationArn]</Abstract>
			<DeclaredIn>AWSSNSModel.h</DeclaredIn>
            
			
			<NodeRef refid="1009"/>
		</Token>
		
		
		<Token>
			<TokenIdentifier>//apple_ref/occ/instm/AWSSNSListEndpointsByPlatformApplicationInput/setNextToken:</TokenIdentifier>
			<Abstract type="html">&lt;p&gt;NextToken string is used when calling ListEndpointsByPlatformApplication action to retrieve additional records that are available after the first page results.&lt;/p&gt;</Abstract>
			<DeclaredIn>AWSSNSModel.h</DeclaredIn>
			
			<Declaration>@property (nonatomic, strong) NSString *nextToken</Declaration>
			
			
			<Anchor>//api/name/nextToken</Anchor>
            <NodeRef refid="1009"/>
		</Token>
		
		<Token>
			<TokenIdentifier>//apple_ref/occ/instm/AWSSNSListEndpointsByPlatformApplicationInput/nextToken</TokenIdentifier>
			<Abstract type="html">&lt;p&gt;NextToken string is used when calling ListEndpointsByPlatformApplication action to retrieve additional records that are available after the first page results.&lt;/p&gt;</Abstract>
			<DeclaredIn>AWSSNSModel.h</DeclaredIn>
			
			<Declaration>@property (nonatomic, strong) NSString *nextToken</Declaration>
			
			
			<Anchor>//api/name/nextToken</Anchor>
            <NodeRef refid="1009"/>
		</Token>
		
		<Token>
			<TokenIdentifier>//apple_ref/occ/instp/AWSSNSListEndpointsByPlatformApplicationInput/nextToken</TokenIdentifier>
			<Abstract type="html">&lt;p&gt;NextToken string is used when calling ListEndpointsByPlatformApplication action to retrieve additional records that are available after the first page results.&lt;/p&gt;</Abstract>
			<DeclaredIn>AWSSNSModel.h</DeclaredIn>
			
			<Declaration>@property (nonatomic, strong) NSString *nextToken</Declaration>
			
			
			<Anchor>//api/name/nextToken</Anchor>
            <NodeRef refid="1009"/>
		</Token>
		
		<Token>
			<TokenIdentifier>//apple_ref/occ/instm/AWSSNSListEndpointsByPlatformApplicationInput/setPlatformApplicationArn:</TokenIdentifier>
			<Abstract type="html">&lt;p&gt;PlatformApplicationArn for ListEndpointsByPlatformApplicationInput action.&lt;/p&gt;</Abstract>
			<DeclaredIn>AWSSNSModel.h</DeclaredIn>
			
			<Declaration>@property (nonatomic, strong) NSString *platformApplicationArn</Declaration>
			
			
			<Anchor>//api/name/platformApplicationArn</Anchor>
            <NodeRef refid="1009"/>
		</Token>
		
		<Token>
			<TokenIdentifier>//apple_ref/occ/instm/AWSSNSListEndpointsByPlatformApplicationInput/platformApplicationArn</TokenIdentifier>
			<Abstract type="html">&lt;p&gt;PlatformApplicationArn for ListEndpointsByPlatformApplicationInput action.&lt;/p&gt;</Abstract>
			<DeclaredIn>AWSSNSModel.h</DeclaredIn>
			
			<Declaration>@property (nonatomic, strong) NSString *platformApplicationArn</Declaration>
			
			
			<Anchor>//api/name/platformApplicationArn</Anchor>
            <NodeRef refid="1009"/>
		</Token>
		
		<Token>
			<TokenIdentifier>//apple_ref/occ/instp/AWSSNSListEndpointsByPlatformApplicationInput/platformApplicationArn</TokenIdentifier>
			<Abstract type="html">&lt;p&gt;PlatformApplicationArn for ListEndpointsByPlatformApplicationInput action.&lt;/p&gt;</Abstract>
			<DeclaredIn>AWSSNSModel.h</DeclaredIn>
			
			<Declaration>@property (nonatomic, strong) NSString *platformApplicationArn</Declaration>
			
			
			<Anchor>//api/name/platformApplicationArn</Anchor>
            <NodeRef refid="1009"/>
		</Token>
		
        
        
	</File>
</Tokens>