<?xml version="1.0" encoding="UTF-8"?>
<Tokens version="1.0">
	<File path="Classes/AWSEC2DescribeCustomerGatewaysRequest.html">
		
		<Token>
			<TokenIdentifier>//apple_ref/occ/cl/AWSEC2DescribeCustomerGatewaysRequest</TokenIdentifier>
			<Abstract type="html"></Abstract>
			<DeclaredIn>AWSEC2Model.h</DeclaredIn>
            
			
			<NodeRef refid="381"/>
		</Token>
		
		
		<Token>
			<TokenIdentifier>//apple_ref/occ/instm/AWSEC2DescribeCustomerGatewaysRequest/setCustomerGatewayIds:</TokenIdentifier>
			<Abstract type="html">&lt;p&gt;One or more customer gateway IDs.&lt;/p&gt;&lt;p&gt;Default: Describes all your customer gateways.&lt;/p&gt;</Abstract>
			<DeclaredIn>AWSEC2Model.h</DeclaredIn>
			
			<Declaration>@property (nonatomic, strong) NSArray *customerGatewayIds</Declaration>
			
			
			<Anchor>//api/name/customerGatewayIds</Anchor>
            <NodeRef refid="381"/>
		</Token>
		
		<Token>
			<TokenIdentifier>//apple_ref/occ/instm/AWSEC2DescribeCustomerGatewaysRequest/customerGatewayIds</TokenIdentifier>
			<Abstract type="html">&lt;p&gt;One or more customer gateway IDs.&lt;/p&gt;&lt;p&gt;Default: Describes all your customer gateways.&lt;/p&gt;</Abstract>
			<DeclaredIn>AWSEC2Model.h</DeclaredIn>
			
			<Declaration>@property (nonatomic, strong) NSArray *customerGatewayIds</Declaration>
			
			
			<Anchor>//api/name/customerGatewayIds</Anchor>
            <NodeRef refid="381"/>
		</Token>
		
		<Token>
			<TokenIdentifier>//apple_ref/occ/instp/AWSEC2DescribeCustomerGatewaysRequest/customerGatewayIds</TokenIdentifier>
			<Abstract type="html">&lt;p&gt;One or more customer gateway IDs.&lt;/p&gt;&lt;p&gt;Default: Describes all your customer gateways.&lt;/p&gt;</Abstract>
			<DeclaredIn>AWSEC2Model.h</DeclaredIn>
			
			<Declaration>@property (nonatomic, strong) NSArray *customerGatewayIds</Declaration>
			
			
			<Anchor>//api/name/customerGatewayIds</Anchor>
            <NodeRef refid="381"/>
		</Token>
		
		<Token>
			<TokenIdentifier>//apple_ref/occ/instm/AWSEC2DescribeCustomerGatewaysRequest/setDryRun:</TokenIdentifier>
			<Abstract type="html"></Abstract>
			<DeclaredIn>AWSEC2Model.h</DeclaredIn>
			
			<Declaration>@property (nonatomic, strong) NSNumber *dryRun</Declaration>
			
			
			<Anchor>//api/name/dryRun</Anchor>
            <NodeRef refid="381"/>
		</Token>
		
		<Token>
			<TokenIdentifier>//apple_ref/occ/instm/AWSEC2DescribeCustomerGatewaysRequest/dryRun</TokenIdentifier>
			<Abstract type="html"></Abstract>
			<DeclaredIn>AWSEC2Model.h</DeclaredIn>
			
			<Declaration>@property (nonatomic, strong) NSNumber *dryRun</Declaration>
			
			
			<Anchor>//api/name/dryRun</Anchor>
            <NodeRef refid="381"/>
		</Token>
		
		<Token>
			<TokenIdentifier>//apple_ref/occ/instp/AWSEC2DescribeCustomerGatewaysRequest/dryRun</TokenIdentifier>
			<Abstract type="html"></Abstract>
			<DeclaredIn>AWSEC2Model.h</DeclaredIn>
			
			<Declaration>@property (nonatomic, strong) NSNumber *dryRun</Declaration>
			
			
			<Anchor>//api/name/dryRun</Anchor>
            <NodeRef refid="381"/>
		</Token>
		
		<Token>
			<TokenIdentifier>//apple_ref/occ/instm/AWSEC2DescribeCustomerGatewaysRequest/setFilters:</TokenIdentifier>
			<Abstract type="html">&lt;p&gt;One or more filters.&lt;/p&gt;&lt;ul&gt;&lt;li&gt;&lt;p&gt;&lt;code&gt;bgp-asn&lt;/code&gt; - The customer gateway&apos;s Border Gateway Protocol (BGP) Autonomous System Number (ASN).&lt;/p&gt;&lt;/li&gt;&lt;li&gt;&lt;p&gt;&lt;code&gt;customer-gateway-id&lt;/code&gt; - The ID of the customer gateway.&lt;/p&gt;&lt;/li&gt;&lt;li&gt;&lt;p&gt;&lt;code&gt;ip-address&lt;/code&gt; - The IP address of the customer gateway&apos;s Internet-routable external interface.&lt;/p&gt;&lt;/li&gt;&lt;li&gt;&lt;p&gt;&lt;code&gt;state&lt;/code&gt; - The state of the customer gateway (&lt;code&gt;pending&lt;/code&gt; | &lt;code&gt;available&lt;/code&gt; | &lt;code&gt;deleting&lt;/code&gt; | &lt;code&gt;deleted&lt;/code&gt;).&lt;/p&gt;&lt;/li&gt;&lt;li&gt;&lt;p&gt;&lt;code&gt;type&lt;/code&gt; - The type of customer gateway. Currently, the only supported type is &lt;code&gt;ipsec.1&lt;/code&gt;.&lt;/p&gt;&lt;/li&gt;&lt;li&gt;&lt;p&gt;&lt;code&gt;tag&lt;/code&gt;:&lt;i&gt;key&lt;/i&gt;=&lt;i&gt;value&lt;/i&gt; - The key/value combination of a tag assigned to the resource.&lt;/p&gt;&lt;/li&gt;&lt;li&gt;&lt;p&gt;&lt;code&gt;tag-key&lt;/code&gt; - The key of a tag assigned to the resource. This filter is independent of the &lt;code&gt;tag-value&lt;/code&gt; filter. For example, if you use both the filter &quot;tag-key=Purpose&quot; and the filter &quot;tag-value=X&quot;, you get any resources assigned both the tag key Purpose (regardless of what the tag&apos;s value is), and the tag value X (regardless of what the tag&apos;s key is). If you want to list only resources where Purpose is X, see the &lt;code&gt;tag&lt;/code&gt;:&lt;i&gt;key&lt;/i&gt;=&lt;i&gt;value&lt;/i&gt; filter.&lt;/p&gt;&lt;/li&gt;&lt;li&gt;&lt;p&gt;&lt;code&gt;tag-value&lt;/code&gt; - The value of a tag assigned to the resource. This filter is independent of the &lt;code&gt;tag-key&lt;/code&gt; filter.&lt;/p&gt;&lt;/li&gt;&lt;/ul&gt;</Abstract>
			<DeclaredIn>AWSEC2Model.h</DeclaredIn>
			
			<Declaration>@property (nonatomic, strong) NSArray *filters</Declaration>
			
			
			<Anchor>//api/name/filters</Anchor>
            <NodeRef refid="381"/>
		</Token>
		
		<Token>
			<TokenIdentifier>//apple_ref/occ/instm/AWSEC2DescribeCustomerGatewaysRequest/filters</TokenIdentifier>
			<Abstract type="html">&lt;p&gt;One or more filters.&lt;/p&gt;&lt;ul&gt;&lt;li&gt;&lt;p&gt;&lt;code&gt;bgp-asn&lt;/code&gt; - The customer gateway&apos;s Border Gateway Protocol (BGP) Autonomous System Number (ASN).&lt;/p&gt;&lt;/li&gt;&lt;li&gt;&lt;p&gt;&lt;code&gt;customer-gateway-id&lt;/code&gt; - The ID of the customer gateway.&lt;/p&gt;&lt;/li&gt;&lt;li&gt;&lt;p&gt;&lt;code&gt;ip-address&lt;/code&gt; - The IP address of the customer gateway&apos;s Internet-routable external interface.&lt;/p&gt;&lt;/li&gt;&lt;li&gt;&lt;p&gt;&lt;code&gt;state&lt;/code&gt; - The state of the customer gateway (&lt;code&gt;pending&lt;/code&gt; | &lt;code&gt;available&lt;/code&gt; | &lt;code&gt;deleting&lt;/code&gt; | &lt;code&gt;deleted&lt;/code&gt;).&lt;/p&gt;&lt;/li&gt;&lt;li&gt;&lt;p&gt;&lt;code&gt;type&lt;/code&gt; - The type of customer gateway. Currently, the only supported type is &lt;code&gt;ipsec.1&lt;/code&gt;.&lt;/p&gt;&lt;/li&gt;&lt;li&gt;&lt;p&gt;&lt;code&gt;tag&lt;/code&gt;:&lt;i&gt;key&lt;/i&gt;=&lt;i&gt;value&lt;/i&gt; - The key/value combination of a tag assigned to the resource.&lt;/p&gt;&lt;/li&gt;&lt;li&gt;&lt;p&gt;&lt;code&gt;tag-key&lt;/code&gt; - The key of a tag assigned to the resource. This filter is independent of the &lt;code&gt;tag-value&lt;/code&gt; filter. For example, if you use both the filter &quot;tag-key=Purpose&quot; and the filter &quot;tag-value=X&quot;, you get any resources assigned both the tag key Purpose (regardless of what the tag&apos;s value is), and the tag value X (regardless of what the tag&apos;s key is). If you want to list only resources where Purpose is X, see the &lt;code&gt;tag&lt;/code&gt;:&lt;i&gt;key&lt;/i&gt;=&lt;i&gt;value&lt;/i&gt; filter.&lt;/p&gt;&lt;/li&gt;&lt;li&gt;&lt;p&gt;&lt;code&gt;tag-value&lt;/code&gt; - The value of a tag assigned to the resource. This filter is independent of the &lt;code&gt;tag-key&lt;/code&gt; filter.&lt;/p&gt;&lt;/li&gt;&lt;/ul&gt;</Abstract>
			<DeclaredIn>AWSEC2Model.h</DeclaredIn>
			
			<Declaration>@property (nonatomic, strong) NSArray *filters</Declaration>
			
			
			<Anchor>//api/name/filters</Anchor>
            <NodeRef refid="381"/>
		</Token>
		
		<Token>
			<TokenIdentifier>//apple_ref/occ/instp/AWSEC2DescribeCustomerGatewaysRequest/filters</TokenIdentifier>
			<Abstract type="html">&lt;p&gt;One or more filters.&lt;/p&gt;&lt;ul&gt;&lt;li&gt;&lt;p&gt;&lt;code&gt;bgp-asn&lt;/code&gt; - The customer gateway&apos;s Border Gateway Protocol (BGP) Autonomous System Number (ASN).&lt;/p&gt;&lt;/li&gt;&lt;li&gt;&lt;p&gt;&lt;code&gt;customer-gateway-id&lt;/code&gt; - The ID of the customer gateway.&lt;/p&gt;&lt;/li&gt;&lt;li&gt;&lt;p&gt;&lt;code&gt;ip-address&lt;/code&gt; - The IP address of the customer gateway&apos;s Internet-routable external interface.&lt;/p&gt;&lt;/li&gt;&lt;li&gt;&lt;p&gt;&lt;code&gt;state&lt;/code&gt; - The state of the customer gateway (&lt;code&gt;pending&lt;/code&gt; | &lt;code&gt;available&lt;/code&gt; | &lt;code&gt;deleting&lt;/code&gt; | &lt;code&gt;deleted&lt;/code&gt;).&lt;/p&gt;&lt;/li&gt;&lt;li&gt;&lt;p&gt;&lt;code&gt;type&lt;/code&gt; - The type of customer gateway. Currently, the only supported type is &lt;code&gt;ipsec.1&lt;/code&gt;.&lt;/p&gt;&lt;/li&gt;&lt;li&gt;&lt;p&gt;&lt;code&gt;tag&lt;/code&gt;:&lt;i&gt;key&lt;/i&gt;=&lt;i&gt;value&lt;/i&gt; - The key/value combination of a tag assigned to the resource.&lt;/p&gt;&lt;/li&gt;&lt;li&gt;&lt;p&gt;&lt;code&gt;tag-key&lt;/code&gt; - The key of a tag assigned to the resource. This filter is independent of the &lt;code&gt;tag-value&lt;/code&gt; filter. For example, if you use both the filter &quot;tag-key=Purpose&quot; and the filter &quot;tag-value=X&quot;, you get any resources assigned both the tag key Purpose (regardless of what the tag&apos;s value is), and the tag value X (regardless of what the tag&apos;s key is). If you want to list only resources where Purpose is X, see the &lt;code&gt;tag&lt;/code&gt;:&lt;i&gt;key&lt;/i&gt;=&lt;i&gt;value&lt;/i&gt; filter.&lt;/p&gt;&lt;/li&gt;&lt;li&gt;&lt;p&gt;&lt;code&gt;tag-value&lt;/code&gt; - The value of a tag assigned to the resource. This filter is independent of the &lt;code&gt;tag-key&lt;/code&gt; filter.&lt;/p&gt;&lt;/li&gt;&lt;/ul&gt;</Abstract>
			<DeclaredIn>AWSEC2Model.h</DeclaredIn>
			
			<Declaration>@property (nonatomic, strong) NSArray *filters</Declaration>
			
			
			<Anchor>//api/name/filters</Anchor>
            <NodeRef refid="381"/>
		</Token>
		
        
        
	</File>
</Tokens>