<?xml version="1.0" encoding="UTF-8"?>
<Tokens version="1.0">
	<File path="Classes/AWSElasticLoadBalancingApplySecurityGroupsToLoadBalancerOutput.html">
		
		<Token>
			<TokenIdentifier>//apple_ref/occ/cl/AWSElasticLoadBalancingApplySecurityGroupsToLoadBalancerOutput</TokenIdentifier>
			<Abstract type="html"></Abstract>
			<DeclaredIn>AWSElasticLoadBalancingModel.h</DeclaredIn>
            
			
			<NodeRef refid="655"/>
		</Token>
		
		
		<Token>
			<TokenIdentifier>//apple_ref/occ/instm/AWSElasticLoadBalancingApplySecurityGroupsToLoadBalancerOutput/setSecurityGroups:</TokenIdentifier>
			<Abstract type="html"></Abstract>
			<DeclaredIn>AWSElasticLoadBalancingModel.h</DeclaredIn>
			
			<Declaration>@property (nonatomic, strong) NSArray *securityGroups</Declaration>
			
			
			<Anchor>//api/name/securityGroups</Anchor>
            <NodeRef refid="655"/>
		</Token>
		
		<Token>
			<TokenIdentifier>//apple_ref/occ/instm/AWSElasticLoadBalancingApplySecurityGroupsToLoadBalancerOutput/securityGroups</TokenIdentifier>
			<Abstract type="html"></Abstract>
			<DeclaredIn>AWSElasticLoadBalancingModel.h</DeclaredIn>
			
			<Declaration>@property (nonatomic, strong) NSArray *securityGroups</Declaration>
			
			
			<Anchor>//api/name/securityGroups</Anchor>
            <NodeRef refid="655"/>
		</Token>
		
		<Token>
			<TokenIdentifier>//apple_ref/occ/instp/AWSElasticLoadBalancingApplySecurityGroupsToLoadBalancerOutput/securityGroups</TokenIdentifier>
			<Abstract type="html"></Abstract>
			<DeclaredIn>AWSElasticLoadBalancingModel.h</DeclaredIn>
			
			<Declaration>@property (nonatomic, strong) NSArray *securityGroups</Declaration>
			
			
			<Anchor>//api/name/securityGroups</Anchor>
            <NodeRef refid="655"/>
		</Token>
		
        
        
	</File>
</Tokens>