<?xml version="1.0" encoding="UTF-8"?>
<Tokens version="1.0">
	<File path="Classes/AWSSQSDeleteQueueRequest.html">
		
		<Token>
			<TokenIdentifier>//apple_ref/occ/cl/AWSSQSDeleteQueueRequest</TokenIdentifier>
			<Abstract type="html"></Abstract>
			<DeclaredIn>AWSSQSModel.h</DeclaredIn>
            
			
			<NodeRef refid="1048"/>
		</Token>
		
		
		<Token>
			<TokenIdentifier>//apple_ref/occ/instm/AWSSQSDeleteQueueRequest/setQueueUrl:</TokenIdentifier>
			<Abstract type="html">&lt;p&gt;The URL of the Amazon SQS queue to take action on.&lt;/p&gt;</Abstract>
			<DeclaredIn>AWSSQSModel.h</DeclaredIn>
			
			<Declaration>@property (nonatomic, strong) NSString *queueUrl</Declaration>
			
			
			<Anchor>//api/name/queueUrl</Anchor>
            <NodeRef refid="1048"/>
		</Token>
		
		<Token>
			<TokenIdentifier>//apple_ref/occ/instm/AWSSQSDeleteQueueRequest/queueUrl</TokenIdentifier>
			<Abstract type="html">&lt;p&gt;The URL of the Amazon SQS queue to take action on.&lt;/p&gt;</Abstract>
			<DeclaredIn>AWSSQSModel.h</DeclaredIn>
			
			<Declaration>@property (nonatomic, strong) NSString *queueUrl</Declaration>
			
			
			<Anchor>//api/name/queueUrl</Anchor>
            <NodeRef refid="1048"/>
		</Token>
		
		<Token>
			<TokenIdentifier>//apple_ref/occ/instp/AWSSQSDeleteQueueRequest/queueUrl</TokenIdentifier>
			<Abstract type="html">&lt;p&gt;The URL of the Amazon SQS queue to take action on.&lt;/p&gt;</Abstract>
			<DeclaredIn>AWSSQSModel.h</DeclaredIn>
			
			<Declaration>@property (nonatomic, strong) NSString *queueUrl</Declaration>
			
			
			<Anchor>//api/name/queueUrl</Anchor>
            <NodeRef refid="1048"/>
		</Token>
		
        
        
	</File>
</Tokens>