<?xml version="1.0" encoding="UTF-8"?>
<Tokens version="1.0">
	<File path="Classes/AWSElasticLoadBalancingSetLoadBalancerListenerSSLCertificateInput.html">
		
		<Token>
			<TokenIdentifier>//apple_ref/occ/cl/AWSElasticLoadBalancingSetLoadBalancerListenerSSLCertificateInput</TokenIdentifier>
			<Abstract type="html"></Abstract>
			<DeclaredIn>AWSElasticLoadBalancingModel.h</DeclaredIn>
            
			
			<NodeRef refid="718"/>
		</Token>
		
		
		<Token>
			<TokenIdentifier>//apple_ref/occ/instm/AWSElasticLoadBalancingSetLoadBalancerListenerSSLCertificateInput/setLoadBalancerName:</TokenIdentifier>
			<Abstract type="html"></Abstract>
			<DeclaredIn>AWSElasticLoadBalancingModel.h</DeclaredIn>
			
			<Declaration>@property (nonatomic, strong) NSString *loadBalancerName</Declaration>
			
			
			<Anchor>//api/name/loadBalancerName</Anchor>
            <NodeRef refid="718"/>
		</Token>
		
		<Token>
			<TokenIdentifier>//apple_ref/occ/instm/AWSElasticLoadBalancingSetLoadBalancerListenerSSLCertificateInput/loadBalancerName</TokenIdentifier>
			<Abstract type="html"></Abstract>
			<DeclaredIn>AWSElasticLoadBalancingModel.h</DeclaredIn>
			
			<Declaration>@property (nonatomic, strong) NSString *loadBalancerName</Declaration>
			
			
			<Anchor>//api/name/loadBalancerName</Anchor>
            <NodeRef refid="718"/>
		</Token>
		
		<Token>
			<TokenIdentifier>//apple_ref/occ/instp/AWSElasticLoadBalancingSetLoadBalancerListenerSSLCertificateInput/loadBalancerName</TokenIdentifier>
			<Abstract type="html"></Abstract>
			<DeclaredIn>AWSElasticLoadBalancingModel.h</DeclaredIn>
			
			<Declaration>@property (nonatomic, strong) NSString *loadBalancerName</Declaration>
			
			
			<Anchor>//api/name/loadBalancerName</Anchor>
            <NodeRef refid="718"/>
		</Token>
		
		<Token>
			<TokenIdentifier>//apple_ref/occ/instm/AWSElasticLoadBalancingSetLoadBalancerListenerSSLCertificateInput/setLoadBalancerPort:</TokenIdentifier>
			<Abstract type="html"></Abstract>
			<DeclaredIn>AWSElasticLoadBalancingModel.h</DeclaredIn>
			
			<Declaration>@property (nonatomic, strong) NSNumber *loadBalancerPort</Declaration>
			
			
			<Anchor>//api/name/loadBalancerPort</Anchor>
            <NodeRef refid="718"/>
		</Token>
		
		<Token>
			<TokenIdentifier>//apple_ref/occ/instm/AWSElasticLoadBalancingSetLoadBalancerListenerSSLCertificateInput/loadBalancerPort</TokenIdentifier>
			<Abstract type="html"></Abstract>
			<DeclaredIn>AWSElasticLoadBalancingModel.h</DeclaredIn>
			
			<Declaration>@property (nonatomic, strong) NSNumber *loadBalancerPort</Declaration>
			
			
			<Anchor>//api/name/loadBalancerPort</Anchor>
            <NodeRef refid="718"/>
		</Token>
		
		<Token>
			<TokenIdentifier>//apple_ref/occ/instp/AWSElasticLoadBalancingSetLoadBalancerListenerSSLCertificateInput/loadBalancerPort</TokenIdentifier>
			<Abstract type="html"></Abstract>
			<DeclaredIn>AWSElasticLoadBalancingModel.h</DeclaredIn>
			
			<Declaration>@property (nonatomic, strong) NSNumber *loadBalancerPort</Declaration>
			
			
			<Anchor>//api/name/loadBalancerPort</Anchor>
            <NodeRef refid="718"/>
		</Token>
		
		<Token>
			<TokenIdentifier>//apple_ref/occ/instm/AWSElasticLoadBalancingSetLoadBalancerListenerSSLCertificateInput/setSSLCertificateId:</TokenIdentifier>
			<Abstract type="html"></Abstract>
			<DeclaredIn>AWSElasticLoadBalancingModel.h</DeclaredIn>
			
			<Declaration>@property (nonatomic, strong) NSString *SSLCertificateId</Declaration>
			
			
			<Anchor>//api/name/SSLCertificateId</Anchor>
            <NodeRef refid="718"/>
		</Token>
		
		<Token>
			<TokenIdentifier>//apple_ref/occ/instm/AWSElasticLoadBalancingSetLoadBalancerListenerSSLCertificateInput/SSLCertificateId</TokenIdentifier>
			<Abstract type="html"></Abstract>
			<DeclaredIn>AWSElasticLoadBalancingModel.h</DeclaredIn>
			
			<Declaration>@property (nonatomic, strong) NSString *SSLCertificateId</Declaration>
			
			
			<Anchor>//api/name/SSLCertificateId</Anchor>
            <NodeRef refid="718"/>
		</Token>
		
		<Token>
			<TokenIdentifier>//apple_ref/occ/instp/AWSElasticLoadBalancingSetLoadBalancerListenerSSLCertificateInput/SSLCertificateId</TokenIdentifier>
			<Abstract type="html"></Abstract>
			<DeclaredIn>AWSElasticLoadBalancingModel.h</DeclaredIn>
			
			<Declaration>@property (nonatomic, strong) NSString *SSLCertificateId</Declaration>
			
			
			<Anchor>//api/name/SSLCertificateId</Anchor>
            <NodeRef refid="718"/>
		</Token>
		
        
        
	</File>
</Tokens>