<?xml version="1.0" encoding="UTF-8"?>
<Tokens version="1.0">
	<File path="Constants/AWSKinesisRecorderErrorType.html">
		
		<Token>
			<TokenIdentifier>//apple_ref/c/tdef/AWSKinesisRecorderErrorType</TokenIdentifier>
			<Abstract type="html"></Abstract>
			<DeclaredIn>AWSKinesisRecorder.h</DeclaredIn>
            
			
			<NodeRef refid="1234"/>
		</Token>
		
		
        
        <Token>
            <TokenIdentifier>//apple_ref/c/econst/AWSKinesisRecorderErrorUnknown</TokenIdentifier>
            <Abstract type="html"></Abstract>
            <Declaration>AWSKinesisRecorderErrorUnknown</Declaration>
            
            <DeclaredIn>AWSKinesisRecorder.h</DeclaredIn>
            
            <NodeRef refid="1234"/>
        </Token>
        
        <Token>
            <TokenIdentifier>//apple_ref/c/econst/AWSKinesisRecorderErrorDataTooLarge</TokenIdentifier>
            <Abstract type="html"></Abstract>
            <Declaration>AWSKinesisRecorderErrorDataTooLarge</Declaration>
            
            <DeclaredIn>AWSKinesisRecorder.h</DeclaredIn>
            
            <NodeRef refid="1234"/>
        </Token>
        
        
	</File>
</Tokens>