<?xml version="1.0" encoding="UTF-8"?>
<Tokens version="1.0">
	<File path="Classes/AWSCognitoSyncBulkPublishRequest.html">
		
		<Token>
			<TokenIdentifier>//apple_ref/occ/cl/AWSCognitoSyncBulkPublishRequest</TokenIdentifier>
			<Abstract type="html">The input for the BulkPublish operation.
Required parameters: [IdentityPoolId]</Abstract>
			<DeclaredIn>AWSCognitoSyncModel.h</DeclaredIn>
            
			
			<NodeRef refid="156"/>
		</Token>
		
		
		<Token>
			<TokenIdentifier>//apple_ref/occ/instm/AWSCognitoSyncBulkPublishRequest/setIdentityPoolId:</TokenIdentifier>
			<Abstract type="html">A name-spaced GUID (for example, us-east-1:23EC4050-6AEA-7089-A2DD-08002EXAMPLE) created by Amazon Cognito. GUID generation is unique within a region.</Abstract>
			<DeclaredIn>AWSCognitoSyncModel.h</DeclaredIn>
			
			<Declaration>@property (nonatomic, strong) NSString *identityPoolId</Declaration>
			
			
			<Anchor>//api/name/identityPoolId</Anchor>
            <NodeRef refid="156"/>
		</Token>
		
		<Token>
			<TokenIdentifier>//apple_ref/occ/instm/AWSCognitoSyncBulkPublishRequest/identityPoolId</TokenIdentifier>
			<Abstract type="html">A name-spaced GUID (for example, us-east-1:23EC4050-6AEA-7089-A2DD-08002EXAMPLE) created by Amazon Cognito. GUID generation is unique within a region.</Abstract>
			<DeclaredIn>AWSCognitoSyncModel.h</DeclaredIn>
			
			<Declaration>@property (nonatomic, strong) NSString *identityPoolId</Declaration>
			
			
			<Anchor>//api/name/identityPoolId</Anchor>
            <NodeRef refid="156"/>
		</Token>
		
		<Token>
			<TokenIdentifier>//apple_ref/occ/instp/AWSCognitoSyncBulkPublishRequest/identityPoolId</TokenIdentifier>
			<Abstract type="html">A name-spaced GUID (for example, us-east-1:23EC4050-6AEA-7089-A2DD-08002EXAMPLE) created by Amazon Cognito. GUID generation is unique within a region.</Abstract>
			<DeclaredIn>AWSCognitoSyncModel.h</DeclaredIn>
			
			<Declaration>@property (nonatomic, strong) NSString *identityPoolId</Declaration>
			
			
			<Anchor>//api/name/identityPoolId</Anchor>
            <NodeRef refid="156"/>
		</Token>
		
        
        
	</File>
</Tokens>