<?xml version="1.0" encoding="UTF-8"?>
<Tokens version="1.0">
	<File path="Classes/AWSKinesisListTagsForStreamInput.html">
		
		<Token>
			<TokenIdentifier>//apple_ref/occ/cl/AWSKinesisListTagsForStreamInput</TokenIdentifier>
			<Abstract type="html">&lt;p&gt;Represents the input for &lt;code&gt;ListTagsForStream&lt;/code&gt;.&lt;/p&gt;
Required parameters: [StreamName]</Abstract>
			<DeclaredIn>AWSKinesisModel.h</DeclaredIn>
            
			
			<NodeRef refid="742"/>
		</Token>
		
		
		<Token>
			<TokenIdentifier>//apple_ref/occ/instm/AWSKinesisListTagsForStreamInput/setExclusiveStartTagKey:</TokenIdentifier>
			<Abstract type="html">&lt;p&gt;The key to use as the starting point for the list of tags. If this parameter is set, &lt;code&gt;ListTagsForStream&lt;/code&gt; gets all tags that occur after &lt;code&gt;ExclusiveStartTagKey&lt;/code&gt;. &lt;/p&gt;</Abstract>
			<DeclaredIn>AWSKinesisModel.h</DeclaredIn>
			
			<Declaration>@property (nonatomic, strong) NSString *exclusiveStartTagKey</Declaration>
			
			
			<Anchor>//api/name/exclusiveStartTagKey</Anchor>
            <NodeRef refid="742"/>
		</Token>
		
		<Token>
			<TokenIdentifier>//apple_ref/occ/instm/AWSKinesisListTagsForStreamInput/exclusiveStartTagKey</TokenIdentifier>
			<Abstract type="html">&lt;p&gt;The key to use as the starting point for the list of tags. If this parameter is set, &lt;code&gt;ListTagsForStream&lt;/code&gt; gets all tags that occur after &lt;code&gt;ExclusiveStartTagKey&lt;/code&gt;. &lt;/p&gt;</Abstract>
			<DeclaredIn>AWSKinesisModel.h</DeclaredIn>
			
			<Declaration>@property (nonatomic, strong) NSString *exclusiveStartTagKey</Declaration>
			
			
			<Anchor>//api/name/exclusiveStartTagKey</Anchor>
            <NodeRef refid="742"/>
		</Token>
		
		<Token>
			<TokenIdentifier>//apple_ref/occ/instp/AWSKinesisListTagsForStreamInput/exclusiveStartTagKey</TokenIdentifier>
			<Abstract type="html">&lt;p&gt;The key to use as the starting point for the list of tags. If this parameter is set, &lt;code&gt;ListTagsForStream&lt;/code&gt; gets all tags that occur after &lt;code&gt;ExclusiveStartTagKey&lt;/code&gt;. &lt;/p&gt;</Abstract>
			<DeclaredIn>AWSKinesisModel.h</DeclaredIn>
			
			<Declaration>@property (nonatomic, strong) NSString *exclusiveStartTagKey</Declaration>
			
			
			<Anchor>//api/name/exclusiveStartTagKey</Anchor>
            <NodeRef refid="742"/>
		</Token>
		
		<Token>
			<TokenIdentifier>//apple_ref/occ/instm/AWSKinesisListTagsForStreamInput/setLimit:</TokenIdentifier>
			<Abstract type="html">&lt;p&gt;The number of tags to return. If this number is less than the total number of tags associated with the stream, &lt;code&gt;HasMoreTags&lt;/code&gt; is set to &lt;code&gt;true&lt;/code&gt;. To list additional tags, set &lt;code&gt;ExclusiveStartTagKey&lt;/code&gt; to the last key in the response.&lt;/p&gt;</Abstract>
			<DeclaredIn>AWSKinesisModel.h</DeclaredIn>
			
			<Declaration>@property (nonatomic, strong) NSNumber *limit</Declaration>
			
			
			<Anchor>//api/name/limit</Anchor>
            <NodeRef refid="742"/>
		</Token>
		
		<Token>
			<TokenIdentifier>//apple_ref/occ/instm/AWSKinesisListTagsForStreamInput/limit</TokenIdentifier>
			<Abstract type="html">&lt;p&gt;The number of tags to return. If this number is less than the total number of tags associated with the stream, &lt;code&gt;HasMoreTags&lt;/code&gt; is set to &lt;code&gt;true&lt;/code&gt;. To list additional tags, set &lt;code&gt;ExclusiveStartTagKey&lt;/code&gt; to the last key in the response.&lt;/p&gt;</Abstract>
			<DeclaredIn>AWSKinesisModel.h</DeclaredIn>
			
			<Declaration>@property (nonatomic, strong) NSNumber *limit</Declaration>
			
			
			<Anchor>//api/name/limit</Anchor>
            <NodeRef refid="742"/>
		</Token>
		
		<Token>
			<TokenIdentifier>//apple_ref/occ/instp/AWSKinesisListTagsForStreamInput/limit</TokenIdentifier>
			<Abstract type="html">&lt;p&gt;The number of tags to return. If this number is less than the total number of tags associated with the stream, &lt;code&gt;HasMoreTags&lt;/code&gt; is set to &lt;code&gt;true&lt;/code&gt;. To list additional tags, set &lt;code&gt;ExclusiveStartTagKey&lt;/code&gt; to the last key in the response.&lt;/p&gt;</Abstract>
			<DeclaredIn>AWSKinesisModel.h</DeclaredIn>
			
			<Declaration>@property (nonatomic, strong) NSNumber *limit</Declaration>
			
			
			<Anchor>//api/name/limit</Anchor>
            <NodeRef refid="742"/>
		</Token>
		
		<Token>
			<TokenIdentifier>//apple_ref/occ/instm/AWSKinesisListTagsForStreamInput/setStreamName:</TokenIdentifier>
			<Abstract type="html">&lt;p&gt;The name of the stream.&lt;/p&gt;</Abstract>
			<DeclaredIn>AWSKinesisModel.h</DeclaredIn>
			
			<Declaration>@property (nonatomic, strong) NSString *streamName</Declaration>
			
			
			<Anchor>//api/name/streamName</Anchor>
            <NodeRef refid="742"/>
		</Token>
		
		<Token>
			<TokenIdentifier>//apple_ref/occ/instm/AWSKinesisListTagsForStreamInput/streamName</TokenIdentifier>
			<Abstract type="html">&lt;p&gt;The name of the stream.&lt;/p&gt;</Abstract>
			<DeclaredIn>AWSKinesisModel.h</DeclaredIn>
			
			<Declaration>@property (nonatomic, strong) NSString *streamName</Declaration>
			
			
			<Anchor>//api/name/streamName</Anchor>
            <NodeRef refid="742"/>
		</Token>
		
		<Token>
			<TokenIdentifier>//apple_ref/occ/instp/AWSKinesisListTagsForStreamInput/streamName</TokenIdentifier>
			<Abstract type="html">&lt;p&gt;The name of the stream.&lt;/p&gt;</Abstract>
			<DeclaredIn>AWSKinesisModel.h</DeclaredIn>
			
			<Declaration>@property (nonatomic, strong) NSString *streamName</Declaration>
			
			
			<Anchor>//api/name/streamName</Anchor>
            <NodeRef refid="742"/>
		</Token>
		
        
        
	</File>
</Tokens>