<?xml version="1.0" encoding="UTF-8"?>
<Tokens version="1.0">
	<File path="Constants/AWSS3Types.html">
		
		<Token>
			<TokenIdentifier>//apple_ref/c/tdef/AWSS3Types</TokenIdentifier>
			<Abstract type="html"></Abstract>
			<DeclaredIn>AWSS3Model.h</DeclaredIn>
            
			
			<NodeRef refid="1277"/>
		</Token>
		
		
        
        <Token>
            <TokenIdentifier>//apple_ref/c/econst/AWSS3TypesUnknown</TokenIdentifier>
            <Abstract type="html"></Abstract>
            <Declaration>AWSS3TypesUnknown</Declaration>
            
            <DeclaredIn>AWSS3Model.h</DeclaredIn>
            
            <NodeRef refid="1277"/>
        </Token>
        
        <Token>
            <TokenIdentifier>//apple_ref/c/econst/AWSS3TypesCanonicalUser</TokenIdentifier>
            <Abstract type="html"></Abstract>
            <Declaration>AWSS3TypesCanonicalUser</Declaration>
            
            <DeclaredIn>AWSS3Model.h</DeclaredIn>
            
            <NodeRef refid="1277"/>
        </Token>
        
        <Token>
            <TokenIdentifier>//apple_ref/c/econst/AWSS3TypesAmazonCustomerByEmail</TokenIdentifier>
            <Abstract type="html"></Abstract>
            <Declaration>AWSS3TypesAmazonCustomerByEmail</Declaration>
            
            <DeclaredIn>AWSS3Model.h</DeclaredIn>
            
            <NodeRef refid="1277"/>
        </Token>
        
        <Token>
            <TokenIdentifier>//apple_ref/c/econst/AWSS3TypesGroup</TokenIdentifier>
            <Abstract type="html"></Abstract>
            <Declaration>AWSS3TypesGroup</Declaration>
            
            <DeclaredIn>AWSS3Model.h</DeclaredIn>
            
            <NodeRef refid="1277"/>
        </Token>
        
        
	</File>
</Tokens>