<?xml version="1.0" encoding="UTF-8"?>
<Tokens version="1.0">
	<File path="Classes/AWSEC2CreateInstanceExportTaskResult.html">
		
		<Token>
			<TokenIdentifier>//apple_ref/occ/cl/AWSEC2CreateInstanceExportTaskResult</TokenIdentifier>
			<Abstract type="html"></Abstract>
			<DeclaredIn>AWSEC2Model.h</DeclaredIn>
            
			
			<NodeRef refid="310"/>
		</Token>
		
		
		<Token>
			<TokenIdentifier>//apple_ref/occ/instm/AWSEC2CreateInstanceExportTaskResult/setExportTask:</TokenIdentifier>
			<Abstract type="html">&lt;p&gt;Describes an export task.&lt;/p&gt;</Abstract>
			<DeclaredIn>AWSEC2Model.h</DeclaredIn>
			
			<Declaration>@property (nonatomic, strong) AWSEC2ExportTask *exportTask</Declaration>
			
			
			<Anchor>//api/name/exportTask</Anchor>
            <NodeRef refid="310"/>
		</Token>
		
		<Token>
			<TokenIdentifier>//apple_ref/occ/instm/AWSEC2CreateInstanceExportTaskResult/exportTask</TokenIdentifier>
			<Abstract type="html">&lt;p&gt;Describes an export task.&lt;/p&gt;</Abstract>
			<DeclaredIn>AWSEC2Model.h</DeclaredIn>
			
			<Declaration>@property (nonatomic, strong) AWSEC2ExportTask *exportTask</Declaration>
			
			
			<Anchor>//api/name/exportTask</Anchor>
            <NodeRef refid="310"/>
		</Token>
		
		<Token>
			<TokenIdentifier>//apple_ref/occ/instp/AWSEC2CreateInstanceExportTaskResult/exportTask</TokenIdentifier>
			<Abstract type="html">&lt;p&gt;Describes an export task.&lt;/p&gt;</Abstract>
			<DeclaredIn>AWSEC2Model.h</DeclaredIn>
			
			<Declaration>@property (nonatomic, strong) AWSEC2ExportTask *exportTask</Declaration>
			
			
			<Anchor>//api/name/exportTask</Anchor>
            <NodeRef refid="310"/>
		</Token>
		
        
        
	</File>
</Tokens>