<?xml version="1.0" encoding="UTF-8"?>
<Tokens version="1.0">
	<File path="Classes/AWSEC2GetPasswordDataResult.html">
		
		<Token>
			<TokenIdentifier>//apple_ref/occ/cl/AWSEC2GetPasswordDataResult</TokenIdentifier>
			<Abstract type="html"></Abstract>
			<DeclaredIn>AWSEC2Model.h</DeclaredIn>
            
			
			<NodeRef refid="484"/>
		</Token>
		
		
		<Token>
			<TokenIdentifier>//apple_ref/occ/instm/AWSEC2GetPasswordDataResult/setInstanceId:</TokenIdentifier>
			<Abstract type="html">&lt;p&gt;The ID of the Windows instance.&lt;/p&gt;</Abstract>
			<DeclaredIn>AWSEC2Model.h</DeclaredIn>
			
			<Declaration>@property (nonatomic, strong) NSString *instanceId</Declaration>
			
			
			<Anchor>//api/name/instanceId</Anchor>
            <NodeRef refid="484"/>
		</Token>
		
		<Token>
			<TokenIdentifier>//apple_ref/occ/instm/AWSEC2GetPasswordDataResult/instanceId</TokenIdentifier>
			<Abstract type="html">&lt;p&gt;The ID of the Windows instance.&lt;/p&gt;</Abstract>
			<DeclaredIn>AWSEC2Model.h</DeclaredIn>
			
			<Declaration>@property (nonatomic, strong) NSString *instanceId</Declaration>
			
			
			<Anchor>//api/name/instanceId</Anchor>
            <NodeRef refid="484"/>
		</Token>
		
		<Token>
			<TokenIdentifier>//apple_ref/occ/instp/AWSEC2GetPasswordDataResult/instanceId</TokenIdentifier>
			<Abstract type="html">&lt;p&gt;The ID of the Windows instance.&lt;/p&gt;</Abstract>
			<DeclaredIn>AWSEC2Model.h</DeclaredIn>
			
			<Declaration>@property (nonatomic, strong) NSString *instanceId</Declaration>
			
			
			<Anchor>//api/name/instanceId</Anchor>
            <NodeRef refid="484"/>
		</Token>
		
		<Token>
			<TokenIdentifier>//apple_ref/occ/instm/AWSEC2GetPasswordDataResult/setPasswordData:</TokenIdentifier>
			<Abstract type="html">&lt;p&gt;The password of the instance.&lt;/p&gt;</Abstract>
			<DeclaredIn>AWSEC2Model.h</DeclaredIn>
			
			<Declaration>@property (nonatomic, strong) NSString *passwordData</Declaration>
			
			
			<Anchor>//api/name/passwordData</Anchor>
            <NodeRef refid="484"/>
		</Token>
		
		<Token>
			<TokenIdentifier>//apple_ref/occ/instm/AWSEC2GetPasswordDataResult/passwordData</TokenIdentifier>
			<Abstract type="html">&lt;p&gt;The password of the instance.&lt;/p&gt;</Abstract>
			<DeclaredIn>AWSEC2Model.h</DeclaredIn>
			
			<Declaration>@property (nonatomic, strong) NSString *passwordData</Declaration>
			
			
			<Anchor>//api/name/passwordData</Anchor>
            <NodeRef refid="484"/>
		</Token>
		
		<Token>
			<TokenIdentifier>//apple_ref/occ/instp/AWSEC2GetPasswordDataResult/passwordData</TokenIdentifier>
			<Abstract type="html">&lt;p&gt;The password of the instance.&lt;/p&gt;</Abstract>
			<DeclaredIn>AWSEC2Model.h</DeclaredIn>
			
			<Declaration>@property (nonatomic, strong) NSString *passwordData</Declaration>
			
			
			<Anchor>//api/name/passwordData</Anchor>
            <NodeRef refid="484"/>
		</Token>
		
		<Token>
			<TokenIdentifier>//apple_ref/occ/instm/AWSEC2GetPasswordDataResult/setTimestamp:</TokenIdentifier>
			<Abstract type="html">&lt;p&gt;The time the data was last updated.&lt;/p&gt;</Abstract>
			<DeclaredIn>AWSEC2Model.h</DeclaredIn>
			
			<Declaration>@property (nonatomic, strong) NSDate *timestamp</Declaration>
			
			
			<Anchor>//api/name/timestamp</Anchor>
            <NodeRef refid="484"/>
		</Token>
		
		<Token>
			<TokenIdentifier>//apple_ref/occ/instm/AWSEC2GetPasswordDataResult/timestamp</TokenIdentifier>
			<Abstract type="html">&lt;p&gt;The time the data was last updated.&lt;/p&gt;</Abstract>
			<DeclaredIn>AWSEC2Model.h</DeclaredIn>
			
			<Declaration>@property (nonatomic, strong) NSDate *timestamp</Declaration>
			
			
			<Anchor>//api/name/timestamp</Anchor>
            <NodeRef refid="484"/>
		</Token>
		
		<Token>
			<TokenIdentifier>//apple_ref/occ/instp/AWSEC2GetPasswordDataResult/timestamp</TokenIdentifier>
			<Abstract type="html">&lt;p&gt;The time the data was last updated.&lt;/p&gt;</Abstract>
			<DeclaredIn>AWSEC2Model.h</DeclaredIn>
			
			<Declaration>@property (nonatomic, strong) NSDate *timestamp</Declaration>
			
			
			<Anchor>//api/name/timestamp</Anchor>
            <NodeRef refid="484"/>
		</Token>
		
        
        
	</File>
</Tokens>