<?xml version="1.0" encoding="UTF-8"?>
<Tokens version="1.0">
	<File path="Constants/AWSEC2AvailabilityZoneState.html">
		
		<Token>
			<TokenIdentifier>//apple_ref/c/tdef/AWSEC2AvailabilityZoneState</TokenIdentifier>
			<Abstract type="html"></Abstract>
			<DeclaredIn>AWSEC2Model.h</DeclaredIn>
            
			
			<NodeRef refid="1161"/>
		</Token>
		
		
        
        <Token>
            <TokenIdentifier>//apple_ref/c/econst/AWSEC2AvailabilityZoneStateUnknown</TokenIdentifier>
            <Abstract type="html"></Abstract>
            <Declaration>AWSEC2AvailabilityZoneStateUnknown</Declaration>
            
            <DeclaredIn>AWSEC2Model.h</DeclaredIn>
            
            <NodeRef refid="1161"/>
        </Token>
        
        <Token>
            <TokenIdentifier>//apple_ref/c/econst/AWSEC2AvailabilityZoneStateAvailable</TokenIdentifier>
            <Abstract type="html"></Abstract>
            <Declaration>AWSEC2AvailabilityZoneStateAvailable</Declaration>
            
            <DeclaredIn>AWSEC2Model.h</DeclaredIn>
            
            <NodeRef refid="1161"/>
        </Token>
        
        
	</File>
</Tokens>