<?xml version="1.0" encoding="UTF-8"?>
<Tokens version="1.0">
	<File path="Classes/AWSS3ReplicateObjectOutput.html">
		
		<Token>
			<TokenIdentifier>//apple_ref/occ/cl/AWSS3ReplicateObjectOutput</TokenIdentifier>
			<Abstract type="html"></Abstract>
			<DeclaredIn>AWSS3Model.h</DeclaredIn>
            
			
			<NodeRef refid="917"/>
		</Token>
		
		
		<Token>
			<TokenIdentifier>//apple_ref/occ/instm/AWSS3ReplicateObjectOutput/setExpiration:</TokenIdentifier>
			<Abstract type="html">If the object expiration is configured, the response includes this header.</Abstract>
			<DeclaredIn>AWSS3Model.h</DeclaredIn>
			
			<Declaration>@property (nonatomic, strong) NSString *expiration</Declaration>
			
			
			<Anchor>//api/name/expiration</Anchor>
            <NodeRef refid="917"/>
		</Token>
		
		<Token>
			<TokenIdentifier>//apple_ref/occ/instm/AWSS3ReplicateObjectOutput/expiration</TokenIdentifier>
			<Abstract type="html">If the object expiration is configured, the response includes this header.</Abstract>
			<DeclaredIn>AWSS3Model.h</DeclaredIn>
			
			<Declaration>@property (nonatomic, strong) NSString *expiration</Declaration>
			
			
			<Anchor>//api/name/expiration</Anchor>
            <NodeRef refid="917"/>
		</Token>
		
		<Token>
			<TokenIdentifier>//apple_ref/occ/instp/AWSS3ReplicateObjectOutput/expiration</TokenIdentifier>
			<Abstract type="html">If the object expiration is configured, the response includes this header.</Abstract>
			<DeclaredIn>AWSS3Model.h</DeclaredIn>
			
			<Declaration>@property (nonatomic, strong) NSString *expiration</Declaration>
			
			
			<Anchor>//api/name/expiration</Anchor>
            <NodeRef refid="917"/>
		</Token>
		
		<Token>
			<TokenIdentifier>//apple_ref/occ/instm/AWSS3ReplicateObjectOutput/setReplicateObjectResult:</TokenIdentifier>
			<Abstract type="html"></Abstract>
			<DeclaredIn>AWSS3Model.h</DeclaredIn>
			
			<Declaration>@property (nonatomic, strong) AWSS3ReplicateObjectResult *replicateObjectResult</Declaration>
			
			
			<Anchor>//api/name/replicateObjectResult</Anchor>
            <NodeRef refid="917"/>
		</Token>
		
		<Token>
			<TokenIdentifier>//apple_ref/occ/instm/AWSS3ReplicateObjectOutput/replicateObjectResult</TokenIdentifier>
			<Abstract type="html"></Abstract>
			<DeclaredIn>AWSS3Model.h</DeclaredIn>
			
			<Declaration>@property (nonatomic, strong) AWSS3ReplicateObjectResult *replicateObjectResult</Declaration>
			
			
			<Anchor>//api/name/replicateObjectResult</Anchor>
            <NodeRef refid="917"/>
		</Token>
		
		<Token>
			<TokenIdentifier>//apple_ref/occ/instp/AWSS3ReplicateObjectOutput/replicateObjectResult</TokenIdentifier>
			<Abstract type="html"></Abstract>
			<DeclaredIn>AWSS3Model.h</DeclaredIn>
			
			<Declaration>@property (nonatomic, strong) AWSS3ReplicateObjectResult *replicateObjectResult</Declaration>
			
			
			<Anchor>//api/name/replicateObjectResult</Anchor>
            <NodeRef refid="917"/>
		</Token>
		
		<Token>
			<TokenIdentifier>//apple_ref/occ/instm/AWSS3ReplicateObjectOutput/setReplicateSourceVersionId:</TokenIdentifier>
			<Abstract type="html"></Abstract>
			<DeclaredIn>AWSS3Model.h</DeclaredIn>
			
			<Declaration>@property (nonatomic, strong) NSString *replicateSourceVersionId</Declaration>
			
			
			<Anchor>//api/name/replicateSourceVersionId</Anchor>
            <NodeRef refid="917"/>
		</Token>
		
		<Token>
			<TokenIdentifier>//apple_ref/occ/instm/AWSS3ReplicateObjectOutput/replicateSourceVersionId</TokenIdentifier>
			<Abstract type="html"></Abstract>
			<DeclaredIn>AWSS3Model.h</DeclaredIn>
			
			<Declaration>@property (nonatomic, strong) NSString *replicateSourceVersionId</Declaration>
			
			
			<Anchor>//api/name/replicateSourceVersionId</Anchor>
            <NodeRef refid="917"/>
		</Token>
		
		<Token>
			<TokenIdentifier>//apple_ref/occ/instp/AWSS3ReplicateObjectOutput/replicateSourceVersionId</TokenIdentifier>
			<Abstract type="html"></Abstract>
			<DeclaredIn>AWSS3Model.h</DeclaredIn>
			
			<Declaration>@property (nonatomic, strong) NSString *replicateSourceVersionId</Declaration>
			
			
			<Anchor>//api/name/replicateSourceVersionId</Anchor>
            <NodeRef refid="917"/>
		</Token>
		
		<Token>
			<TokenIdentifier>//apple_ref/occ/instm/AWSS3ReplicateObjectOutput/setSSECustomerAlgorithm:</TokenIdentifier>
			<Abstract type="html">If server-side encryption with a customer-provided encryption key was requested, the response will include this header confirming the encryption algorithm used.</Abstract>
			<DeclaredIn>AWSS3Model.h</DeclaredIn>
			
			<Declaration>@property (nonatomic, strong) NSString *SSECustomerAlgorithm</Declaration>
			
			
			<Anchor>//api/name/SSECustomerAlgorithm</Anchor>
            <NodeRef refid="917"/>
		</Token>
		
		<Token>
			<TokenIdentifier>//apple_ref/occ/instm/AWSS3ReplicateObjectOutput/SSECustomerAlgorithm</TokenIdentifier>
			<Abstract type="html">If server-side encryption with a customer-provided encryption key was requested, the response will include this header confirming the encryption algorithm used.</Abstract>
			<DeclaredIn>AWSS3Model.h</DeclaredIn>
			
			<Declaration>@property (nonatomic, strong) NSString *SSECustomerAlgorithm</Declaration>
			
			
			<Anchor>//api/name/SSECustomerAlgorithm</Anchor>
            <NodeRef refid="917"/>
		</Token>
		
		<Token>
			<TokenIdentifier>//apple_ref/occ/instp/AWSS3ReplicateObjectOutput/SSECustomerAlgorithm</TokenIdentifier>
			<Abstract type="html">If server-side encryption with a customer-provided encryption key was requested, the response will include this header confirming the encryption algorithm used.</Abstract>
			<DeclaredIn>AWSS3Model.h</DeclaredIn>
			
			<Declaration>@property (nonatomic, strong) NSString *SSECustomerAlgorithm</Declaration>
			
			
			<Anchor>//api/name/SSECustomerAlgorithm</Anchor>
            <NodeRef refid="917"/>
		</Token>
		
		<Token>
			<TokenIdentifier>//apple_ref/occ/instm/AWSS3ReplicateObjectOutput/setSSECustomerKeyMD5:</TokenIdentifier>
			<Abstract type="html">If server-side encryption with a customer-provided encryption key was requested, the response will include this header to provide round trip message integrity verification of the customer-provided encryption key.</Abstract>
			<DeclaredIn>AWSS3Model.h</DeclaredIn>
			
			<Declaration>@property (nonatomic, strong) NSString *SSECustomerKeyMD5</Declaration>
			
			
			<Anchor>//api/name/SSECustomerKeyMD5</Anchor>
            <NodeRef refid="917"/>
		</Token>
		
		<Token>
			<TokenIdentifier>//apple_ref/occ/instm/AWSS3ReplicateObjectOutput/SSECustomerKeyMD5</TokenIdentifier>
			<Abstract type="html">If server-side encryption with a customer-provided encryption key was requested, the response will include this header to provide round trip message integrity verification of the customer-provided encryption key.</Abstract>
			<DeclaredIn>AWSS3Model.h</DeclaredIn>
			
			<Declaration>@property (nonatomic, strong) NSString *SSECustomerKeyMD5</Declaration>
			
			
			<Anchor>//api/name/SSECustomerKeyMD5</Anchor>
            <NodeRef refid="917"/>
		</Token>
		
		<Token>
			<TokenIdentifier>//apple_ref/occ/instp/AWSS3ReplicateObjectOutput/SSECustomerKeyMD5</TokenIdentifier>
			<Abstract type="html">If server-side encryption with a customer-provided encryption key was requested, the response will include this header to provide round trip message integrity verification of the customer-provided encryption key.</Abstract>
			<DeclaredIn>AWSS3Model.h</DeclaredIn>
			
			<Declaration>@property (nonatomic, strong) NSString *SSECustomerKeyMD5</Declaration>
			
			
			<Anchor>//api/name/SSECustomerKeyMD5</Anchor>
            <NodeRef refid="917"/>
		</Token>
		
		<Token>
			<TokenIdentifier>//apple_ref/occ/instm/AWSS3ReplicateObjectOutput/setSSEKMSKeyId:</TokenIdentifier>
			<Abstract type="html">If present, specifies the ID of the AWS Key Management Service (KMS) master encryption key that was used for the object.</Abstract>
			<DeclaredIn>AWSS3Model.h</DeclaredIn>
			
			<Declaration>@property (nonatomic, strong) NSString *SSEKMSKeyId</Declaration>
			
			
			<Anchor>//api/name/SSEKMSKeyId</Anchor>
            <NodeRef refid="917"/>
		</Token>
		
		<Token>
			<TokenIdentifier>//apple_ref/occ/instm/AWSS3ReplicateObjectOutput/SSEKMSKeyId</TokenIdentifier>
			<Abstract type="html">If present, specifies the ID of the AWS Key Management Service (KMS) master encryption key that was used for the object.</Abstract>
			<DeclaredIn>AWSS3Model.h</DeclaredIn>
			
			<Declaration>@property (nonatomic, strong) NSString *SSEKMSKeyId</Declaration>
			
			
			<Anchor>//api/name/SSEKMSKeyId</Anchor>
            <NodeRef refid="917"/>
		</Token>
		
		<Token>
			<TokenIdentifier>//apple_ref/occ/instp/AWSS3ReplicateObjectOutput/SSEKMSKeyId</TokenIdentifier>
			<Abstract type="html">If present, specifies the ID of the AWS Key Management Service (KMS) master encryption key that was used for the object.</Abstract>
			<DeclaredIn>AWSS3Model.h</DeclaredIn>
			
			<Declaration>@property (nonatomic, strong) NSString *SSEKMSKeyId</Declaration>
			
			
			<Anchor>//api/name/SSEKMSKeyId</Anchor>
            <NodeRef refid="917"/>
		</Token>
		
		<Token>
			<TokenIdentifier>//apple_ref/occ/instm/AWSS3ReplicateObjectOutput/setServerSideEncryption:</TokenIdentifier>
			<Abstract type="html">The Server-side encryption algorithm used when storing this object in S3 (e.g., AES256, aws:kms).</Abstract>
			<DeclaredIn>AWSS3Model.h</DeclaredIn>
			
			<Declaration>@property (nonatomic, assign) AWSS3ServerSideEncryption serverSideEncryption</Declaration>
			
			
			<Anchor>//api/name/serverSideEncryption</Anchor>
            <NodeRef refid="917"/>
		</Token>
		
		<Token>
			<TokenIdentifier>//apple_ref/occ/instm/AWSS3ReplicateObjectOutput/serverSideEncryption</TokenIdentifier>
			<Abstract type="html">The Server-side encryption algorithm used when storing this object in S3 (e.g., AES256, aws:kms).</Abstract>
			<DeclaredIn>AWSS3Model.h</DeclaredIn>
			
			<Declaration>@property (nonatomic, assign) AWSS3ServerSideEncryption serverSideEncryption</Declaration>
			
			
			<Anchor>//api/name/serverSideEncryption</Anchor>
            <NodeRef refid="917"/>
		</Token>
		
		<Token>
			<TokenIdentifier>//apple_ref/occ/instp/AWSS3ReplicateObjectOutput/serverSideEncryption</TokenIdentifier>
			<Abstract type="html">The Server-side encryption algorithm used when storing this object in S3 (e.g., AES256, aws:kms).</Abstract>
			<DeclaredIn>AWSS3Model.h</DeclaredIn>
			
			<Declaration>@property (nonatomic, assign) AWSS3ServerSideEncryption serverSideEncryption</Declaration>
			
			
			<Anchor>//api/name/serverSideEncryption</Anchor>
            <NodeRef refid="917"/>
		</Token>
		
        
        
	</File>
</Tokens>