<?xml version="1.0" encoding="UTF-8"?>
<Tokens version="1.0">
	<File path="Classes/AWSEC2ImportVolumeTaskDetails.html">
		
		<Token>
			<TokenIdentifier>//apple_ref/occ/cl/AWSEC2ImportVolumeTaskDetails</TokenIdentifier>
			<Abstract type="html">&lt;p&gt;Describes an import volume task.&lt;/p&gt;
Required parameters: [BytesConverted, AvailabilityZone, Image, Volume]</Abstract>
			<DeclaredIn>AWSEC2Model.h</DeclaredIn>
            
			
			<NodeRef refid="500"/>
		</Token>
		
		
		<Token>
			<TokenIdentifier>//apple_ref/occ/instm/AWSEC2ImportVolumeTaskDetails/setAvailabilityZone:</TokenIdentifier>
			<Abstract type="html">&lt;p&gt;The Availability Zone where the resulting volume will reside.&lt;/p&gt;</Abstract>
			<DeclaredIn>AWSEC2Model.h</DeclaredIn>
			
			<Declaration>@property (nonatomic, strong) NSString *availabilityZone</Declaration>
			
			
			<Anchor>//api/name/availabilityZone</Anchor>
            <NodeRef refid="500"/>
		</Token>
		
		<Token>
			<TokenIdentifier>//apple_ref/occ/instm/AWSEC2ImportVolumeTaskDetails/availabilityZone</TokenIdentifier>
			<Abstract type="html">&lt;p&gt;The Availability Zone where the resulting volume will reside.&lt;/p&gt;</Abstract>
			<DeclaredIn>AWSEC2Model.h</DeclaredIn>
			
			<Declaration>@property (nonatomic, strong) NSString *availabilityZone</Declaration>
			
			
			<Anchor>//api/name/availabilityZone</Anchor>
            <NodeRef refid="500"/>
		</Token>
		
		<Token>
			<TokenIdentifier>//apple_ref/occ/instp/AWSEC2ImportVolumeTaskDetails/availabilityZone</TokenIdentifier>
			<Abstract type="html">&lt;p&gt;The Availability Zone where the resulting volume will reside.&lt;/p&gt;</Abstract>
			<DeclaredIn>AWSEC2Model.h</DeclaredIn>
			
			<Declaration>@property (nonatomic, strong) NSString *availabilityZone</Declaration>
			
			
			<Anchor>//api/name/availabilityZone</Anchor>
            <NodeRef refid="500"/>
		</Token>
		
		<Token>
			<TokenIdentifier>//apple_ref/occ/instm/AWSEC2ImportVolumeTaskDetails/setBytesConverted:</TokenIdentifier>
			<Abstract type="html">&lt;p&gt;The number of bytes converted so far.&lt;/p&gt;</Abstract>
			<DeclaredIn>AWSEC2Model.h</DeclaredIn>
			
			<Declaration>@property (nonatomic, strong) NSNumber *bytesConverted</Declaration>
			
			
			<Anchor>//api/name/bytesConverted</Anchor>
            <NodeRef refid="500"/>
		</Token>
		
		<Token>
			<TokenIdentifier>//apple_ref/occ/instm/AWSEC2ImportVolumeTaskDetails/bytesConverted</TokenIdentifier>
			<Abstract type="html">&lt;p&gt;The number of bytes converted so far.&lt;/p&gt;</Abstract>
			<DeclaredIn>AWSEC2Model.h</DeclaredIn>
			
			<Declaration>@property (nonatomic, strong) NSNumber *bytesConverted</Declaration>
			
			
			<Anchor>//api/name/bytesConverted</Anchor>
            <NodeRef refid="500"/>
		</Token>
		
		<Token>
			<TokenIdentifier>//apple_ref/occ/instp/AWSEC2ImportVolumeTaskDetails/bytesConverted</TokenIdentifier>
			<Abstract type="html">&lt;p&gt;The number of bytes converted so far.&lt;/p&gt;</Abstract>
			<DeclaredIn>AWSEC2Model.h</DeclaredIn>
			
			<Declaration>@property (nonatomic, strong) NSNumber *bytesConverted</Declaration>
			
			
			<Anchor>//api/name/bytesConverted</Anchor>
            <NodeRef refid="500"/>
		</Token>
		
		<Token>
			<TokenIdentifier>//apple_ref/occ/instm/AWSEC2ImportVolumeTaskDetails/setDetail:</TokenIdentifier>
			<Abstract type="html">&lt;p&gt;The description you provided when starting the import volume task.&lt;/p&gt;</Abstract>
			<DeclaredIn>AWSEC2Model.h</DeclaredIn>
			
			<Declaration>@property (nonatomic, strong) NSString *detail</Declaration>
			
			
			<Anchor>//api/name/detail</Anchor>
            <NodeRef refid="500"/>
		</Token>
		
		<Token>
			<TokenIdentifier>//apple_ref/occ/instm/AWSEC2ImportVolumeTaskDetails/detail</TokenIdentifier>
			<Abstract type="html">&lt;p&gt;The description you provided when starting the import volume task.&lt;/p&gt;</Abstract>
			<DeclaredIn>AWSEC2Model.h</DeclaredIn>
			
			<Declaration>@property (nonatomic, strong) NSString *detail</Declaration>
			
			
			<Anchor>//api/name/detail</Anchor>
            <NodeRef refid="500"/>
		</Token>
		
		<Token>
			<TokenIdentifier>//apple_ref/occ/instp/AWSEC2ImportVolumeTaskDetails/detail</TokenIdentifier>
			<Abstract type="html">&lt;p&gt;The description you provided when starting the import volume task.&lt;/p&gt;</Abstract>
			<DeclaredIn>AWSEC2Model.h</DeclaredIn>
			
			<Declaration>@property (nonatomic, strong) NSString *detail</Declaration>
			
			
			<Anchor>//api/name/detail</Anchor>
            <NodeRef refid="500"/>
		</Token>
		
		<Token>
			<TokenIdentifier>//apple_ref/occ/instm/AWSEC2ImportVolumeTaskDetails/setImage:</TokenIdentifier>
			<Abstract type="html">&lt;p&gt;The image.&lt;/p&gt;</Abstract>
			<DeclaredIn>AWSEC2Model.h</DeclaredIn>
			
			<Declaration>@property (nonatomic, strong) AWSEC2DiskImageDescription *image</Declaration>
			
			
			<Anchor>//api/name/image</Anchor>
            <NodeRef refid="500"/>
		</Token>
		
		<Token>
			<TokenIdentifier>//apple_ref/occ/instm/AWSEC2ImportVolumeTaskDetails/image</TokenIdentifier>
			<Abstract type="html">&lt;p&gt;The image.&lt;/p&gt;</Abstract>
			<DeclaredIn>AWSEC2Model.h</DeclaredIn>
			
			<Declaration>@property (nonatomic, strong) AWSEC2DiskImageDescription *image</Declaration>
			
			
			<Anchor>//api/name/image</Anchor>
            <NodeRef refid="500"/>
		</Token>
		
		<Token>
			<TokenIdentifier>//apple_ref/occ/instp/AWSEC2ImportVolumeTaskDetails/image</TokenIdentifier>
			<Abstract type="html">&lt;p&gt;The image.&lt;/p&gt;</Abstract>
			<DeclaredIn>AWSEC2Model.h</DeclaredIn>
			
			<Declaration>@property (nonatomic, strong) AWSEC2DiskImageDescription *image</Declaration>
			
			
			<Anchor>//api/name/image</Anchor>
            <NodeRef refid="500"/>
		</Token>
		
		<Token>
			<TokenIdentifier>//apple_ref/occ/instm/AWSEC2ImportVolumeTaskDetails/setVolume:</TokenIdentifier>
			<Abstract type="html">&lt;p&gt;The volume.&lt;/p&gt;</Abstract>
			<DeclaredIn>AWSEC2Model.h</DeclaredIn>
			
			<Declaration>@property (nonatomic, strong) AWSEC2DiskImageVolumeDescription *volume</Declaration>
			
			
			<Anchor>//api/name/volume</Anchor>
            <NodeRef refid="500"/>
		</Token>
		
		<Token>
			<TokenIdentifier>//apple_ref/occ/instm/AWSEC2ImportVolumeTaskDetails/volume</TokenIdentifier>
			<Abstract type="html">&lt;p&gt;The volume.&lt;/p&gt;</Abstract>
			<DeclaredIn>AWSEC2Model.h</DeclaredIn>
			
			<Declaration>@property (nonatomic, strong) AWSEC2DiskImageVolumeDescription *volume</Declaration>
			
			
			<Anchor>//api/name/volume</Anchor>
            <NodeRef refid="500"/>
		</Token>
		
		<Token>
			<TokenIdentifier>//apple_ref/occ/instp/AWSEC2ImportVolumeTaskDetails/volume</TokenIdentifier>
			<Abstract type="html">&lt;p&gt;The volume.&lt;/p&gt;</Abstract>
			<DeclaredIn>AWSEC2Model.h</DeclaredIn>
			
			<Declaration>@property (nonatomic, strong) AWSEC2DiskImageVolumeDescription *volume</Declaration>
			
			
			<Anchor>//api/name/volume</Anchor>
            <NodeRef refid="500"/>
		</Token>
		
        
        
	</File>
</Tokens>