<?xml version="1.0" encoding="UTF-8"?>
<Tokens version="1.0">
	<File path="Constants/AWSElasticLoadBalancingErrorType.html">
		
		<Token>
			<TokenIdentifier>//apple_ref/c/tdef/AWSElasticLoadBalancingErrorType</TokenIdentifier>
			<Abstract type="html"></Abstract>
			<DeclaredIn>AWSElasticLoadBalancingModel.h</DeclaredIn>
            
			
			<NodeRef refid="1228"/>
		</Token>
		
		
        
        <Token>
            <TokenIdentifier>//apple_ref/c/econst/AWSElasticLoadBalancingErrorUnknown</TokenIdentifier>
            <Abstract type="html"></Abstract>
            <Declaration>AWSElasticLoadBalancingErrorUnknown</Declaration>
            
            <DeclaredIn>AWSElasticLoadBalancingModel.h</DeclaredIn>
            
            <NodeRef refid="1228"/>
        </Token>
        
        <Token>
            <TokenIdentifier>//apple_ref/c/econst/AWSElasticLoadBalancingErrorIncompleteSignature</TokenIdentifier>
            <Abstract type="html"></Abstract>
            <Declaration>AWSElasticLoadBalancingErrorIncompleteSignature</Declaration>
            
            <DeclaredIn>AWSElasticLoadBalancingModel.h</DeclaredIn>
            
            <NodeRef refid="1228"/>
        </Token>
        
        <Token>
            <TokenIdentifier>//apple_ref/c/econst/AWSElasticLoadBalancingErrorInvalidClientTokenId</TokenIdentifier>
            <Abstract type="html"></Abstract>
            <Declaration>AWSElasticLoadBalancingErrorInvalidClientTokenId</Declaration>
            
            <DeclaredIn>AWSElasticLoadBalancingModel.h</DeclaredIn>
            
            <NodeRef refid="1228"/>
        </Token>
        
        <Token>
            <TokenIdentifier>//apple_ref/c/econst/AWSElasticLoadBalancingErrorMissingAuthenticationToken</TokenIdentifier>
            <Abstract type="html"></Abstract>
            <Declaration>AWSElasticLoadBalancingErrorMissingAuthenticationToken</Declaration>
            
            <DeclaredIn>AWSElasticLoadBalancingModel.h</DeclaredIn>
            
            <NodeRef refid="1228"/>
        </Token>
        
        <Token>
            <TokenIdentifier>//apple_ref/c/econst/AWSElasticLoadBalancingErrorAccessPointNotFound</TokenIdentifier>
            <Abstract type="html"></Abstract>
            <Declaration>AWSElasticLoadBalancingErrorAccessPointNotFound</Declaration>
            
            <DeclaredIn>AWSElasticLoadBalancingModel.h</DeclaredIn>
            
            <NodeRef refid="1228"/>
        </Token>
        
        <Token>
            <TokenIdentifier>//apple_ref/c/econst/AWSElasticLoadBalancingErrorCertificateNotFound</TokenIdentifier>
            <Abstract type="html"></Abstract>
            <Declaration>AWSElasticLoadBalancingErrorCertificateNotFound</Declaration>
            
            <DeclaredIn>AWSElasticLoadBalancingModel.h</DeclaredIn>
            
            <NodeRef refid="1228"/>
        </Token>
        
        <Token>
            <TokenIdentifier>//apple_ref/c/econst/AWSElasticLoadBalancingErrorDuplicateAccessPointName</TokenIdentifier>
            <Abstract type="html"></Abstract>
            <Declaration>AWSElasticLoadBalancingErrorDuplicateAccessPointName</Declaration>
            
            <DeclaredIn>AWSElasticLoadBalancingModel.h</DeclaredIn>
            
            <NodeRef refid="1228"/>
        </Token>
        
        <Token>
            <TokenIdentifier>//apple_ref/c/econst/AWSElasticLoadBalancingErrorDuplicateListener</TokenIdentifier>
            <Abstract type="html"></Abstract>
            <Declaration>AWSElasticLoadBalancingErrorDuplicateListener</Declaration>
            
            <DeclaredIn>AWSElasticLoadBalancingModel.h</DeclaredIn>
            
            <NodeRef refid="1228"/>
        </Token>
        
        <Token>
            <TokenIdentifier>//apple_ref/c/econst/AWSElasticLoadBalancingErrorDuplicatePolicyName</TokenIdentifier>
            <Abstract type="html"></Abstract>
            <Declaration>AWSElasticLoadBalancingErrorDuplicatePolicyName</Declaration>
            
            <DeclaredIn>AWSElasticLoadBalancingModel.h</DeclaredIn>
            
            <NodeRef refid="1228"/>
        </Token>
        
        <Token>
            <TokenIdentifier>//apple_ref/c/econst/AWSElasticLoadBalancingErrorDuplicateTagKeys</TokenIdentifier>
            <Abstract type="html"></Abstract>
            <Declaration>AWSElasticLoadBalancingErrorDuplicateTagKeys</Declaration>
            
            <DeclaredIn>AWSElasticLoadBalancingModel.h</DeclaredIn>
            
            <NodeRef refid="1228"/>
        </Token>
        
        <Token>
            <TokenIdentifier>//apple_ref/c/econst/AWSElasticLoadBalancingErrorInvalidConfigurationRequest</TokenIdentifier>
            <Abstract type="html"></Abstract>
            <Declaration>AWSElasticLoadBalancingErrorInvalidConfigurationRequest</Declaration>
            
            <DeclaredIn>AWSElasticLoadBalancingModel.h</DeclaredIn>
            
            <NodeRef refid="1228"/>
        </Token>
        
        <Token>
            <TokenIdentifier>//apple_ref/c/econst/AWSElasticLoadBalancingErrorInvalidEndPoint</TokenIdentifier>
            <Abstract type="html"></Abstract>
            <Declaration>AWSElasticLoadBalancingErrorInvalidEndPoint</Declaration>
            
            <DeclaredIn>AWSElasticLoadBalancingModel.h</DeclaredIn>
            
            <NodeRef refid="1228"/>
        </Token>
        
        <Token>
            <TokenIdentifier>//apple_ref/c/econst/AWSElasticLoadBalancingErrorInvalidScheme</TokenIdentifier>
            <Abstract type="html"></Abstract>
            <Declaration>AWSElasticLoadBalancingErrorInvalidScheme</Declaration>
            
            <DeclaredIn>AWSElasticLoadBalancingModel.h</DeclaredIn>
            
            <NodeRef refid="1228"/>
        </Token>
        
        <Token>
            <TokenIdentifier>//apple_ref/c/econst/AWSElasticLoadBalancingErrorInvalidSecurityGroup</TokenIdentifier>
            <Abstract type="html"></Abstract>
            <Declaration>AWSElasticLoadBalancingErrorInvalidSecurityGroup</Declaration>
            
            <DeclaredIn>AWSElasticLoadBalancingModel.h</DeclaredIn>
            
            <NodeRef refid="1228"/>
        </Token>
        
        <Token>
            <TokenIdentifier>//apple_ref/c/econst/AWSElasticLoadBalancingErrorInvalidSubnet</TokenIdentifier>
            <Abstract type="html"></Abstract>
            <Declaration>AWSElasticLoadBalancingErrorInvalidSubnet</Declaration>
            
            <DeclaredIn>AWSElasticLoadBalancingModel.h</DeclaredIn>
            
            <NodeRef refid="1228"/>
        </Token>
        
        <Token>
            <TokenIdentifier>//apple_ref/c/econst/AWSElasticLoadBalancingErrorListenerNotFound</TokenIdentifier>
            <Abstract type="html"></Abstract>
            <Declaration>AWSElasticLoadBalancingErrorListenerNotFound</Declaration>
            
            <DeclaredIn>AWSElasticLoadBalancingModel.h</DeclaredIn>
            
            <NodeRef refid="1228"/>
        </Token>
        
        <Token>
            <TokenIdentifier>//apple_ref/c/econst/AWSElasticLoadBalancingErrorLoadBalancerAttributeNotFound</TokenIdentifier>
            <Abstract type="html"></Abstract>
            <Declaration>AWSElasticLoadBalancingErrorLoadBalancerAttributeNotFound</Declaration>
            
            <DeclaredIn>AWSElasticLoadBalancingModel.h</DeclaredIn>
            
            <NodeRef refid="1228"/>
        </Token>
        
        <Token>
            <TokenIdentifier>//apple_ref/c/econst/AWSElasticLoadBalancingErrorPolicyNotFound</TokenIdentifier>
            <Abstract type="html"></Abstract>
            <Declaration>AWSElasticLoadBalancingErrorPolicyNotFound</Declaration>
            
            <DeclaredIn>AWSElasticLoadBalancingModel.h</DeclaredIn>
            
            <NodeRef refid="1228"/>
        </Token>
        
        <Token>
            <TokenIdentifier>//apple_ref/c/econst/AWSElasticLoadBalancingErrorPolicyTypeNotFound</TokenIdentifier>
            <Abstract type="html"></Abstract>
            <Declaration>AWSElasticLoadBalancingErrorPolicyTypeNotFound</Declaration>
            
            <DeclaredIn>AWSElasticLoadBalancingModel.h</DeclaredIn>
            
            <NodeRef refid="1228"/>
        </Token>
        
        <Token>
            <TokenIdentifier>//apple_ref/c/econst/AWSElasticLoadBalancingErrorSubnetNotFound</TokenIdentifier>
            <Abstract type="html"></Abstract>
            <Declaration>AWSElasticLoadBalancingErrorSubnetNotFound</Declaration>
            
            <DeclaredIn>AWSElasticLoadBalancingModel.h</DeclaredIn>
            
            <NodeRef refid="1228"/>
        </Token>
        
        <Token>
            <TokenIdentifier>//apple_ref/c/econst/AWSElasticLoadBalancingErrorTooManyAccessPoints</TokenIdentifier>
            <Abstract type="html"></Abstract>
            <Declaration>AWSElasticLoadBalancingErrorTooManyAccessPoints</Declaration>
            
            <DeclaredIn>AWSElasticLoadBalancingModel.h</DeclaredIn>
            
            <NodeRef refid="1228"/>
        </Token>
        
        <Token>
            <TokenIdentifier>//apple_ref/c/econst/AWSElasticLoadBalancingErrorTooManyPolicies</TokenIdentifier>
            <Abstract type="html"></Abstract>
            <Declaration>AWSElasticLoadBalancingErrorTooManyPolicies</Declaration>
            
            <DeclaredIn>AWSElasticLoadBalancingModel.h</DeclaredIn>
            
            <NodeRef refid="1228"/>
        </Token>
        
        <Token>
            <TokenIdentifier>//apple_ref/c/econst/AWSElasticLoadBalancingErrorTooManyTags</TokenIdentifier>
            <Abstract type="html"></Abstract>
            <Declaration>AWSElasticLoadBalancingErrorTooManyTags</Declaration>
            
            <DeclaredIn>AWSElasticLoadBalancingModel.h</DeclaredIn>
            
            <NodeRef refid="1228"/>
        </Token>
        
        
	</File>
</Tokens>