<?xml version="1.0" encoding="UTF-8"?>
<Tokens version="1.0">
	<File path="Classes/AWSS3NotificationConfiguration.html">
		
		<Token>
			<TokenIdentifier>//apple_ref/occ/cl/AWSS3NotificationConfiguration</TokenIdentifier>
			<Abstract type="html"></Abstract>
			<DeclaredIn>AWSS3Model.h</DeclaredIn>
            
			
			<NodeRef refid="893"/>
		</Token>
		
		
		<Token>
			<TokenIdentifier>//apple_ref/occ/instm/AWSS3NotificationConfiguration/setCloudFunctionConfiguration:</TokenIdentifier>
			<Abstract type="html"></Abstract>
			<DeclaredIn>AWSS3Model.h</DeclaredIn>
			
			<Declaration>@property (nonatomic, strong) AWSS3CloudFunctionConfiguration *cloudFunctionConfiguration</Declaration>
			
			
			<Anchor>//api/name/cloudFunctionConfiguration</Anchor>
            <NodeRef refid="893"/>
		</Token>
		
		<Token>
			<TokenIdentifier>//apple_ref/occ/instm/AWSS3NotificationConfiguration/cloudFunctionConfiguration</TokenIdentifier>
			<Abstract type="html"></Abstract>
			<DeclaredIn>AWSS3Model.h</DeclaredIn>
			
			<Declaration>@property (nonatomic, strong) AWSS3CloudFunctionConfiguration *cloudFunctionConfiguration</Declaration>
			
			
			<Anchor>//api/name/cloudFunctionConfiguration</Anchor>
            <NodeRef refid="893"/>
		</Token>
		
		<Token>
			<TokenIdentifier>//apple_ref/occ/instp/AWSS3NotificationConfiguration/cloudFunctionConfiguration</TokenIdentifier>
			<Abstract type="html"></Abstract>
			<DeclaredIn>AWSS3Model.h</DeclaredIn>
			
			<Declaration>@property (nonatomic, strong) AWSS3CloudFunctionConfiguration *cloudFunctionConfiguration</Declaration>
			
			
			<Anchor>//api/name/cloudFunctionConfiguration</Anchor>
            <NodeRef refid="893"/>
		</Token>
		
		<Token>
			<TokenIdentifier>//apple_ref/occ/instm/AWSS3NotificationConfiguration/setQueueConfiguration:</TokenIdentifier>
			<Abstract type="html"></Abstract>
			<DeclaredIn>AWSS3Model.h</DeclaredIn>
			
			<Declaration>@property (nonatomic, strong) AWSS3QueueConfiguration *queueConfiguration</Declaration>
			
			
			<Anchor>//api/name/queueConfiguration</Anchor>
            <NodeRef refid="893"/>
		</Token>
		
		<Token>
			<TokenIdentifier>//apple_ref/occ/instm/AWSS3NotificationConfiguration/queueConfiguration</TokenIdentifier>
			<Abstract type="html"></Abstract>
			<DeclaredIn>AWSS3Model.h</DeclaredIn>
			
			<Declaration>@property (nonatomic, strong) AWSS3QueueConfiguration *queueConfiguration</Declaration>
			
			
			<Anchor>//api/name/queueConfiguration</Anchor>
            <NodeRef refid="893"/>
		</Token>
		
		<Token>
			<TokenIdentifier>//apple_ref/occ/instp/AWSS3NotificationConfiguration/queueConfiguration</TokenIdentifier>
			<Abstract type="html"></Abstract>
			<DeclaredIn>AWSS3Model.h</DeclaredIn>
			
			<Declaration>@property (nonatomic, strong) AWSS3QueueConfiguration *queueConfiguration</Declaration>
			
			
			<Anchor>//api/name/queueConfiguration</Anchor>
            <NodeRef refid="893"/>
		</Token>
		
		<Token>
			<TokenIdentifier>//apple_ref/occ/instm/AWSS3NotificationConfiguration/setTopicConfiguration:</TokenIdentifier>
			<Abstract type="html"></Abstract>
			<DeclaredIn>AWSS3Model.h</DeclaredIn>
			
			<Declaration>@property (nonatomic, strong) AWSS3TopicConfiguration *topicConfiguration</Declaration>
			
			
			<Anchor>//api/name/topicConfiguration</Anchor>
            <NodeRef refid="893"/>
		</Token>
		
		<Token>
			<TokenIdentifier>//apple_ref/occ/instm/AWSS3NotificationConfiguration/topicConfiguration</TokenIdentifier>
			<Abstract type="html"></Abstract>
			<DeclaredIn>AWSS3Model.h</DeclaredIn>
			
			<Declaration>@property (nonatomic, strong) AWSS3TopicConfiguration *topicConfiguration</Declaration>
			
			
			<Anchor>//api/name/topicConfiguration</Anchor>
            <NodeRef refid="893"/>
		</Token>
		
		<Token>
			<TokenIdentifier>//apple_ref/occ/instp/AWSS3NotificationConfiguration/topicConfiguration</TokenIdentifier>
			<Abstract type="html"></Abstract>
			<DeclaredIn>AWSS3Model.h</DeclaredIn>
			
			<Declaration>@property (nonatomic, strong) AWSS3TopicConfiguration *topicConfiguration</Declaration>
			
			
			<Anchor>//api/name/topicConfiguration</Anchor>
            <NodeRef refid="893"/>
		</Token>
		
        
        
	</File>
</Tokens>