<?xml version="1.0" encoding="UTF-8"?>
<Tokens version="1.0">
	<File path="Classes/AWSEC2CreateSubnetRequest.html">
		
		<Token>
			<TokenIdentifier>//apple_ref/occ/cl/AWSEC2CreateSubnetRequest</TokenIdentifier>
			<Abstract type="html"></Abstract>
			<DeclaredIn>AWSEC2Model.h</DeclaredIn>
            
			
			<NodeRef refid="330"/>
		</Token>
		
		
		<Token>
			<TokenIdentifier>//apple_ref/occ/instm/AWSEC2CreateSubnetRequest/setAvailabilityZone:</TokenIdentifier>
			<Abstract type="html">&lt;p&gt;The Availability Zone for the subnet.&lt;/p&gt;&lt;p&gt;Default: Amazon EC2 selects one for you (recommended).&lt;/p&gt;</Abstract>
			<DeclaredIn>AWSEC2Model.h</DeclaredIn>
			
			<Declaration>@property (nonatomic, strong) NSString *availabilityZone</Declaration>
			
			
			<Anchor>//api/name/availabilityZone</Anchor>
            <NodeRef refid="330"/>
		</Token>
		
		<Token>
			<TokenIdentifier>//apple_ref/occ/instm/AWSEC2CreateSubnetRequest/availabilityZone</TokenIdentifier>
			<Abstract type="html">&lt;p&gt;The Availability Zone for the subnet.&lt;/p&gt;&lt;p&gt;Default: Amazon EC2 selects one for you (recommended).&lt;/p&gt;</Abstract>
			<DeclaredIn>AWSEC2Model.h</DeclaredIn>
			
			<Declaration>@property (nonatomic, strong) NSString *availabilityZone</Declaration>
			
			
			<Anchor>//api/name/availabilityZone</Anchor>
            <NodeRef refid="330"/>
		</Token>
		
		<Token>
			<TokenIdentifier>//apple_ref/occ/instp/AWSEC2CreateSubnetRequest/availabilityZone</TokenIdentifier>
			<Abstract type="html">&lt;p&gt;The Availability Zone for the subnet.&lt;/p&gt;&lt;p&gt;Default: Amazon EC2 selects one for you (recommended).&lt;/p&gt;</Abstract>
			<DeclaredIn>AWSEC2Model.h</DeclaredIn>
			
			<Declaration>@property (nonatomic, strong) NSString *availabilityZone</Declaration>
			
			
			<Anchor>//api/name/availabilityZone</Anchor>
            <NodeRef refid="330"/>
		</Token>
		
		<Token>
			<TokenIdentifier>//apple_ref/occ/instm/AWSEC2CreateSubnetRequest/setCidrBlock:</TokenIdentifier>
			<Abstract type="html">&lt;p&gt;The network range for the subnet, in CIDR notation. For example, &lt;code&gt;10.0.0.0/24&lt;/code&gt;.&lt;/p&gt;</Abstract>
			<DeclaredIn>AWSEC2Model.h</DeclaredIn>
			
			<Declaration>@property (nonatomic, strong) NSString *cidrBlock</Declaration>
			
			
			<Anchor>//api/name/cidrBlock</Anchor>
            <NodeRef refid="330"/>
		</Token>
		
		<Token>
			<TokenIdentifier>//apple_ref/occ/instm/AWSEC2CreateSubnetRequest/cidrBlock</TokenIdentifier>
			<Abstract type="html">&lt;p&gt;The network range for the subnet, in CIDR notation. For example, &lt;code&gt;10.0.0.0/24&lt;/code&gt;.&lt;/p&gt;</Abstract>
			<DeclaredIn>AWSEC2Model.h</DeclaredIn>
			
			<Declaration>@property (nonatomic, strong) NSString *cidrBlock</Declaration>
			
			
			<Anchor>//api/name/cidrBlock</Anchor>
            <NodeRef refid="330"/>
		</Token>
		
		<Token>
			<TokenIdentifier>//apple_ref/occ/instp/AWSEC2CreateSubnetRequest/cidrBlock</TokenIdentifier>
			<Abstract type="html">&lt;p&gt;The network range for the subnet, in CIDR notation. For example, &lt;code&gt;10.0.0.0/24&lt;/code&gt;.&lt;/p&gt;</Abstract>
			<DeclaredIn>AWSEC2Model.h</DeclaredIn>
			
			<Declaration>@property (nonatomic, strong) NSString *cidrBlock</Declaration>
			
			
			<Anchor>//api/name/cidrBlock</Anchor>
            <NodeRef refid="330"/>
		</Token>
		
		<Token>
			<TokenIdentifier>//apple_ref/occ/instm/AWSEC2CreateSubnetRequest/setDryRun:</TokenIdentifier>
			<Abstract type="html"></Abstract>
			<DeclaredIn>AWSEC2Model.h</DeclaredIn>
			
			<Declaration>@property (nonatomic, strong) NSNumber *dryRun</Declaration>
			
			
			<Anchor>//api/name/dryRun</Anchor>
            <NodeRef refid="330"/>
		</Token>
		
		<Token>
			<TokenIdentifier>//apple_ref/occ/instm/AWSEC2CreateSubnetRequest/dryRun</TokenIdentifier>
			<Abstract type="html"></Abstract>
			<DeclaredIn>AWSEC2Model.h</DeclaredIn>
			
			<Declaration>@property (nonatomic, strong) NSNumber *dryRun</Declaration>
			
			
			<Anchor>//api/name/dryRun</Anchor>
            <NodeRef refid="330"/>
		</Token>
		
		<Token>
			<TokenIdentifier>//apple_ref/occ/instp/AWSEC2CreateSubnetRequest/dryRun</TokenIdentifier>
			<Abstract type="html"></Abstract>
			<DeclaredIn>AWSEC2Model.h</DeclaredIn>
			
			<Declaration>@property (nonatomic, strong) NSNumber *dryRun</Declaration>
			
			
			<Anchor>//api/name/dryRun</Anchor>
            <NodeRef refid="330"/>
		</Token>
		
		<Token>
			<TokenIdentifier>//apple_ref/occ/instm/AWSEC2CreateSubnetRequest/setVpcId:</TokenIdentifier>
			<Abstract type="html">&lt;p&gt;The ID of the VPC.&lt;/p&gt;</Abstract>
			<DeclaredIn>AWSEC2Model.h</DeclaredIn>
			
			<Declaration>@property (nonatomic, strong) NSString *vpcId</Declaration>
			
			
			<Anchor>//api/name/vpcId</Anchor>
            <NodeRef refid="330"/>
		</Token>
		
		<Token>
			<TokenIdentifier>//apple_ref/occ/instm/AWSEC2CreateSubnetRequest/vpcId</TokenIdentifier>
			<Abstract type="html">&lt;p&gt;The ID of the VPC.&lt;/p&gt;</Abstract>
			<DeclaredIn>AWSEC2Model.h</DeclaredIn>
			
			<Declaration>@property (nonatomic, strong) NSString *vpcId</Declaration>
			
			
			<Anchor>//api/name/vpcId</Anchor>
            <NodeRef refid="330"/>
		</Token>
		
		<Token>
			<TokenIdentifier>//apple_ref/occ/instp/AWSEC2CreateSubnetRequest/vpcId</TokenIdentifier>
			<Abstract type="html">&lt;p&gt;The ID of the VPC.&lt;/p&gt;</Abstract>
			<DeclaredIn>AWSEC2Model.h</DeclaredIn>
			
			<Declaration>@property (nonatomic, strong) NSString *vpcId</Declaration>
			
			
			<Anchor>//api/name/vpcId</Anchor>
            <NodeRef refid="330"/>
		</Token>
		
        
        
	</File>
</Tokens>