<?xml version="1.0" encoding="UTF-8"?>
<Tokens version="1.0">
	<File path="Classes/AWSCognito.html">
		
		<Token>
			<TokenIdentifier>//apple_ref/occ/cl/AWSCognito</TokenIdentifier>
			<Abstract type="html"></Abstract>
			<DeclaredIn>AWSCognitoService.h</DeclaredIn>
            
			
			<NodeRef refid="115"/>
		</Token>
		
		
		<Token>
			<TokenIdentifier>//apple_ref/occ/instm/AWSCognito/setConfiguration:</TokenIdentifier>
			<Abstract type="html">The error domain for AWSCognito errors.
&lt;ul&gt;
&lt;li&gt;AWSCognitoErrorUnknown - Unknow error.&lt;/li&gt;
&lt;li&gt;AWSCognitoErrorRemoteDataStorageFailed - The Amazon Cognito call temporarily failed.&lt;/li&gt;
&lt;li&gt;AWSCognitoErrorInvalidDataValue - The Amazon Cognito call failed. The value for the
key is invalid and has been deleted from the local database.&lt;/li&gt;
&lt;li&gt;AWSCognitoErrorDataSizeLimitExceeded - The Amazon Cognito call failed. A
dataset has exceeded the max dataset size.&lt;/li&gt;
&lt;li&gt;AWSCognitoErrorLocalDataStorageFailed - The SQLite call failed.&lt;/li&gt;
&lt;li&gt;AWSCognitoErrorIllegalArgument - The input value is invalid.&lt;/li&gt;
&lt;li&gt;AWSCognitoErrorConflictRetriesExhausted - The number of attempts to resolve a conflict
has exceeded the max number of retries.&lt;/li&gt;
&lt;li&gt;AWSCognitoErrorWiFiNotAvailable - WiFi is required and not currently available.&lt;/li&gt;
&lt;li&gt;AWSCognitoErrorDeviceNotRegistered - The device has not been registered yet.&lt;/li&gt;
&lt;/ul&gt;</Abstract>
			<DeclaredIn>AWSCognitoService.h</DeclaredIn>
			
			<Declaration>@property (nonatomic, strong, readonly) AWSServiceConfiguration *configuration</Declaration>
			
			
			<Anchor>//api/name/configuration</Anchor>
            <NodeRef refid="115"/>
		</Token>
		
		<Token>
			<TokenIdentifier>//apple_ref/occ/instm/AWSCognito/configuration</TokenIdentifier>
			<Abstract type="html">The error domain for AWSCognito errors.
&lt;ul&gt;
&lt;li&gt;AWSCognitoErrorUnknown - Unknow error.&lt;/li&gt;
&lt;li&gt;AWSCognitoErrorRemoteDataStorageFailed - The Amazon Cognito call temporarily failed.&lt;/li&gt;
&lt;li&gt;AWSCognitoErrorInvalidDataValue - The Amazon Cognito call failed. The value for the
key is invalid and has been deleted from the local database.&lt;/li&gt;
&lt;li&gt;AWSCognitoErrorDataSizeLimitExceeded - The Amazon Cognito call failed. A
dataset has exceeded the max dataset size.&lt;/li&gt;
&lt;li&gt;AWSCognitoErrorLocalDataStorageFailed - The SQLite call failed.&lt;/li&gt;
&lt;li&gt;AWSCognitoErrorIllegalArgument - The input value is invalid.&lt;/li&gt;
&lt;li&gt;AWSCognitoErrorConflictRetriesExhausted - The number of attempts to resolve a conflict
has exceeded the max number of retries.&lt;/li&gt;
&lt;li&gt;AWSCognitoErrorWiFiNotAvailable - WiFi is required and not currently available.&lt;/li&gt;
&lt;li&gt;AWSCognitoErrorDeviceNotRegistered - The device has not been registered yet.&lt;/li&gt;
&lt;/ul&gt;</Abstract>
			<DeclaredIn>AWSCognitoService.h</DeclaredIn>
			
			<Declaration>@property (nonatomic, strong, readonly) AWSServiceConfiguration *configuration</Declaration>
			
			
			<Anchor>//api/name/configuration</Anchor>
            <NodeRef refid="115"/>
		</Token>
		
		<Token>
			<TokenIdentifier>//apple_ref/occ/instp/AWSCognito/configuration</TokenIdentifier>
			<Abstract type="html">The error domain for AWSCognito errors.
&lt;ul&gt;
&lt;li&gt;AWSCognitoErrorUnknown - Unknow error.&lt;/li&gt;
&lt;li&gt;AWSCognitoErrorRemoteDataStorageFailed - The Amazon Cognito call temporarily failed.&lt;/li&gt;
&lt;li&gt;AWSCognitoErrorInvalidDataValue - The Amazon Cognito call failed. The value for the
key is invalid and has been deleted from the local database.&lt;/li&gt;
&lt;li&gt;AWSCognitoErrorDataSizeLimitExceeded - The Amazon Cognito call failed. A
dataset has exceeded the max dataset size.&lt;/li&gt;
&lt;li&gt;AWSCognitoErrorLocalDataStorageFailed - The SQLite call failed.&lt;/li&gt;
&lt;li&gt;AWSCognitoErrorIllegalArgument - The input value is invalid.&lt;/li&gt;
&lt;li&gt;AWSCognitoErrorConflictRetriesExhausted - The number of attempts to resolve a conflict
has exceeded the max number of retries.&lt;/li&gt;
&lt;li&gt;AWSCognitoErrorWiFiNotAvailable - WiFi is required and not currently available.&lt;/li&gt;
&lt;li&gt;AWSCognitoErrorDeviceNotRegistered - The device has not been registered yet.&lt;/li&gt;
&lt;/ul&gt;</Abstract>
			<DeclaredIn>AWSCognitoService.h</DeclaredIn>
			
			<Declaration>@property (nonatomic, strong, readonly) AWSServiceConfiguration *configuration</Declaration>
			
			
			<Anchor>//api/name/configuration</Anchor>
            <NodeRef refid="115"/>
		</Token>
		
		<Token>
			<TokenIdentifier>//apple_ref/occ/instm/AWSCognito/setConflictHandler:</TokenIdentifier>
			<Abstract type="html">A conflict resolution handler that will receive calls when there is a
conflict during a sync operation.  A conflict will occur when both remote and
local data have been updated since the last sync time.
When not explicitly set, we will use the default conflict resolution of
&apos;last writer wins&apos;, where the data most recently updated will be persisted.
This handler will be propagated to any AWSCognitoDataset opened by this client.</Abstract>
			<DeclaredIn>AWSCognitoService.h</DeclaredIn>
			
			<Declaration>@property (nonatomic, strong) AWSCognitoRecordConflictHandler conflictHandler</Declaration>
			
			
			<Anchor>//api/name/conflictHandler</Anchor>
            <NodeRef refid="115"/>
		</Token>
		
		<Token>
			<TokenIdentifier>//apple_ref/occ/instm/AWSCognito/conflictHandler</TokenIdentifier>
			<Abstract type="html">A conflict resolution handler that will receive calls when there is a
conflict during a sync operation.  A conflict will occur when both remote and
local data have been updated since the last sync time.
When not explicitly set, we will use the default conflict resolution of
&apos;last writer wins&apos;, where the data most recently updated will be persisted.
This handler will be propagated to any AWSCognitoDataset opened by this client.</Abstract>
			<DeclaredIn>AWSCognitoService.h</DeclaredIn>
			
			<Declaration>@property (nonatomic, strong) AWSCognitoRecordConflictHandler conflictHandler</Declaration>
			
			
			<Anchor>//api/name/conflictHandler</Anchor>
            <NodeRef refid="115"/>
		</Token>
		
		<Token>
			<TokenIdentifier>//apple_ref/occ/instp/AWSCognito/conflictHandler</TokenIdentifier>
			<Abstract type="html">A conflict resolution handler that will receive calls when there is a
conflict during a sync operation.  A conflict will occur when both remote and
local data have been updated since the last sync time.
When not explicitly set, we will use the default conflict resolution of
&apos;last writer wins&apos;, where the data most recently updated will be persisted.
This handler will be propagated to any AWSCognitoDataset opened by this client.</Abstract>
			<DeclaredIn>AWSCognitoService.h</DeclaredIn>
			
			<Declaration>@property (nonatomic, strong) AWSCognitoRecordConflictHandler conflictHandler</Declaration>
			
			
			<Anchor>//api/name/conflictHandler</Anchor>
            <NodeRef refid="115"/>
		</Token>
		
		<Token>
			<TokenIdentifier>//apple_ref/occ/instm/AWSCognito/setDatasetDeletedHandler:</TokenIdentifier>
			<Abstract type="html">A deleted dataset handler. This handler will be called during a synchronization
when the remote service indicates that a dataset has been deleted.
Returning YES from the handler will cause the service to recreate the dataset
on the remote on the next synchronization. Returning NO or leaving this property
nil will cause the client to delete the dataset locally.
This handler will be propagated to any AWSCognitoDataset opened by this client.</Abstract>
			<DeclaredIn>AWSCognitoService.h</DeclaredIn>
			
			<Declaration>@property (nonatomic, strong) AWSCognitoDatasetDeletedHandler datasetDeletedHandler</Declaration>
			
			
			<Anchor>//api/name/datasetDeletedHandler</Anchor>
            <NodeRef refid="115"/>
		</Token>
		
		<Token>
			<TokenIdentifier>//apple_ref/occ/instm/AWSCognito/datasetDeletedHandler</TokenIdentifier>
			<Abstract type="html">A deleted dataset handler. This handler will be called during a synchronization
when the remote service indicates that a dataset has been deleted.
Returning YES from the handler will cause the service to recreate the dataset
on the remote on the next synchronization. Returning NO or leaving this property
nil will cause the client to delete the dataset locally.
This handler will be propagated to any AWSCognitoDataset opened by this client.</Abstract>
			<DeclaredIn>AWSCognitoService.h</DeclaredIn>
			
			<Declaration>@property (nonatomic, strong) AWSCognitoDatasetDeletedHandler datasetDeletedHandler</Declaration>
			
			
			<Anchor>//api/name/datasetDeletedHandler</Anchor>
            <NodeRef refid="115"/>
		</Token>
		
		<Token>
			<TokenIdentifier>//apple_ref/occ/instp/AWSCognito/datasetDeletedHandler</TokenIdentifier>
			<Abstract type="html">A deleted dataset handler. This handler will be called during a synchronization
when the remote service indicates that a dataset has been deleted.
Returning YES from the handler will cause the service to recreate the dataset
on the remote on the next synchronization. Returning NO or leaving this property
nil will cause the client to delete the dataset locally.
This handler will be propagated to any AWSCognitoDataset opened by this client.</Abstract>
			<DeclaredIn>AWSCognitoService.h</DeclaredIn>
			
			<Declaration>@property (nonatomic, strong) AWSCognitoDatasetDeletedHandler datasetDeletedHandler</Declaration>
			
			
			<Anchor>//api/name/datasetDeletedHandler</Anchor>
            <NodeRef refid="115"/>
		</Token>
		
		<Token>
			<TokenIdentifier>//apple_ref/occ/instm/AWSCognito/setDatasetMergedHandler:</TokenIdentifier>
			<Abstract type="html">A merged dataset handler. This handler will be called during a synchronization
when the remote service indicates that other datasets should be merged with this one.
Merged datasets should be fetched, their data overlayed locally and then removed.
Failing to implement this handler will result in merged datasets remaining on the
service indefinitely.
This handler will be propagated to any AWSCognitoDataset opened by this client.</Abstract>
			<DeclaredIn>AWSCognitoService.h</DeclaredIn>
			
			<Declaration>@property (nonatomic, strong) AWSCognitoDatasetMergedHandler datasetMergedHandler</Declaration>
			
			
			<Anchor>//api/name/datasetMergedHandler</Anchor>
            <NodeRef refid="115"/>
		</Token>
		
		<Token>
			<TokenIdentifier>//apple_ref/occ/instm/AWSCognito/datasetMergedHandler</TokenIdentifier>
			<Abstract type="html">A merged dataset handler. This handler will be called during a synchronization
when the remote service indicates that other datasets should be merged with this one.
Merged datasets should be fetched, their data overlayed locally and then removed.
Failing to implement this handler will result in merged datasets remaining on the
service indefinitely.
This handler will be propagated to any AWSCognitoDataset opened by this client.</Abstract>
			<DeclaredIn>AWSCognitoService.h</DeclaredIn>
			
			<Declaration>@property (nonatomic, strong) AWSCognitoDatasetMergedHandler datasetMergedHandler</Declaration>
			
			
			<Anchor>//api/name/datasetMergedHandler</Anchor>
            <NodeRef refid="115"/>
		</Token>
		
		<Token>
			<TokenIdentifier>//apple_ref/occ/instp/AWSCognito/datasetMergedHandler</TokenIdentifier>
			<Abstract type="html">A merged dataset handler. This handler will be called during a synchronization
when the remote service indicates that other datasets should be merged with this one.
Merged datasets should be fetched, their data overlayed locally and then removed.
Failing to implement this handler will result in merged datasets remaining on the
service indefinitely.
This handler will be propagated to any AWSCognitoDataset opened by this client.</Abstract>
			<DeclaredIn>AWSCognitoService.h</DeclaredIn>
			
			<Declaration>@property (nonatomic, strong) AWSCognitoDatasetMergedHandler datasetMergedHandler</Declaration>
			
			
			<Anchor>//api/name/datasetMergedHandler</Anchor>
            <NodeRef refid="115"/>
		</Token>
		
		<Token>
			<TokenIdentifier>//apple_ref/occ/instm/AWSCognito/setDeviceId:</TokenIdentifier>
			<Abstract type="html">The identifier used for this client in Amazon Cognito.  If not supplied
Amazon Cognito will create a random GUID for the device.</Abstract>
			<DeclaredIn>AWSCognitoService.h</DeclaredIn>
			
			<Declaration>@property (nonatomic, strong) NSString *deviceId</Declaration>
			
			
			<Anchor>//api/name/deviceId</Anchor>
            <NodeRef refid="115"/>
		</Token>
		
		<Token>
			<TokenIdentifier>//apple_ref/occ/instm/AWSCognito/deviceId</TokenIdentifier>
			<Abstract type="html">The identifier used for this client in Amazon Cognito.  If not supplied
Amazon Cognito will create a random GUID for the device.</Abstract>
			<DeclaredIn>AWSCognitoService.h</DeclaredIn>
			
			<Declaration>@property (nonatomic, strong) NSString *deviceId</Declaration>
			
			
			<Anchor>//api/name/deviceId</Anchor>
            <NodeRef refid="115"/>
		</Token>
		
		<Token>
			<TokenIdentifier>//apple_ref/occ/instp/AWSCognito/deviceId</TokenIdentifier>
			<Abstract type="html">The identifier used for this client in Amazon Cognito.  If not supplied
Amazon Cognito will create a random GUID for the device.</Abstract>
			<DeclaredIn>AWSCognitoService.h</DeclaredIn>
			
			<Declaration>@property (nonatomic, strong) NSString *deviceId</Declaration>
			
			
			<Anchor>//api/name/deviceId</Anchor>
            <NodeRef refid="115"/>
		</Token>
		
		<Token>
			<TokenIdentifier>//apple_ref/occ/instm/AWSCognito/setSynchronizeRetries:</TokenIdentifier>
			<Abstract type="html">The number of times to attempt a synchronization before failing. This will
be set on any AWSCognitoDatasets opened with this client. Defaults to 5 if not set.</Abstract>
			<DeclaredIn>AWSCognitoService.h</DeclaredIn>
			
			<Declaration>@property (nonatomic, assign) uint32_t synchronizeRetries</Declaration>
			
			
			<Anchor>//api/name/synchronizeRetries</Anchor>
            <NodeRef refid="115"/>
		</Token>
		
		<Token>
			<TokenIdentifier>//apple_ref/occ/instm/AWSCognito/synchronizeRetries</TokenIdentifier>
			<Abstract type="html">The number of times to attempt a synchronization before failing. This will
be set on any AWSCognitoDatasets opened with this client. Defaults to 5 if not set.</Abstract>
			<DeclaredIn>AWSCognitoService.h</DeclaredIn>
			
			<Declaration>@property (nonatomic, assign) uint32_t synchronizeRetries</Declaration>
			
			
			<Anchor>//api/name/synchronizeRetries</Anchor>
            <NodeRef refid="115"/>
		</Token>
		
		<Token>
			<TokenIdentifier>//apple_ref/occ/instp/AWSCognito/synchronizeRetries</TokenIdentifier>
			<Abstract type="html">The number of times to attempt a synchronization before failing. This will
be set on any AWSCognitoDatasets opened with this client. Defaults to 5 if not set.</Abstract>
			<DeclaredIn>AWSCognitoService.h</DeclaredIn>
			
			<Declaration>@property (nonatomic, assign) uint32_t synchronizeRetries</Declaration>
			
			
			<Anchor>//api/name/synchronizeRetries</Anchor>
            <NodeRef refid="115"/>
		</Token>
		
		<Token>
			<TokenIdentifier>//apple_ref/occ/instm/AWSCognito/setSynchronizeOnWiFiOnly:</TokenIdentifier>
			<Abstract type="html">Only synchronize if device is on a WiFi network. Defaults to NO if not set.</Abstract>
			<DeclaredIn>AWSCognitoService.h</DeclaredIn>
			
			<Declaration>@property (nonatomic, assign) BOOL synchronizeOnWiFiOnly</Declaration>
			
			
			<Anchor>//api/name/synchronizeOnWiFiOnly</Anchor>
            <NodeRef refid="115"/>
		</Token>
		
		<Token>
			<TokenIdentifier>//apple_ref/occ/instm/AWSCognito/synchronizeOnWiFiOnly</TokenIdentifier>
			<Abstract type="html">Only synchronize if device is on a WiFi network. Defaults to NO if not set.</Abstract>
			<DeclaredIn>AWSCognitoService.h</DeclaredIn>
			
			<Declaration>@property (nonatomic, assign) BOOL synchronizeOnWiFiOnly</Declaration>
			
			
			<Anchor>//api/name/synchronizeOnWiFiOnly</Anchor>
            <NodeRef refid="115"/>
		</Token>
		
		<Token>
			<TokenIdentifier>//apple_ref/occ/instp/AWSCognito/synchronizeOnWiFiOnly</TokenIdentifier>
			<Abstract type="html">Only synchronize if device is on a WiFi network. Defaults to NO if not set.</Abstract>
			<DeclaredIn>AWSCognitoService.h</DeclaredIn>
			
			<Declaration>@property (nonatomic, assign) BOOL synchronizeOnWiFiOnly</Declaration>
			
			
			<Anchor>//api/name/synchronizeOnWiFiOnly</Anchor>
            <NodeRef refid="115"/>
		</Token>
		
		<Token>
			<TokenIdentifier>//apple_ref/occ/clm/AWSCognito/defaultCognito</TokenIdentifier>
			<Abstract type="html">Returns the singleton service client. If the singleton object does not exist, the SDK instantiates the default service client with defaultServiceConfiguration from [AWSServiceManager defaultServiceManager]. The reference to this object is maintained by the SDK, and you do not need to retain it manually. Returns nil if the credentials provider is not an instance of AWSCognitoCredentials provider.</Abstract>
			<DeclaredIn>AWSCognitoService.h</DeclaredIn>
			
			<Declaration>+ (instancetype)defaultCognito</Declaration>
			
			<ReturnValue><Abstract type="html">The default service client.</Abstract></ReturnValue>
			<Anchor>//api/name/defaultCognito</Anchor>
            <NodeRef refid="115"/>
		</Token>
		
		<Token>
			<TokenIdentifier>//apple_ref/occ/clm/AWSCognito/registerCognitoWithConfiguration:forKey:</TokenIdentifier>
			<Abstract type="html">Creates a service client with the given service configuration and registers it for the key.</Abstract>
			<DeclaredIn>AWSCognitoService.h</DeclaredIn>
			
			<Declaration>+ (void)registerCognitoWithConfiguration:(AWSServiceConfiguration *)configuration forKey:(NSString *)key</Declaration>
			<Parameters>
				<Parameter>
					<Name>configuration</Name>
					<Abstract type="html">A service configuration object.</Abstract>
				</Parameter><Parameter>
					<Name>key</Name>
					<Abstract type="html">A string to identify the service client.</Abstract>
				</Parameter>
			</Parameters>
			
			<Anchor>//api/name/registerCognitoWithConfiguration:forKey:</Anchor>
            <NodeRef refid="115"/>
		</Token>
		
		<Token>
			<TokenIdentifier>//apple_ref/occ/clm/AWSCognito/CognitoForKey:</TokenIdentifier>
			<Abstract type="html">Retrieves the service client associated with the key. You need to call + registerCognitoWithConfiguration:forKey: before invoking this method. If + registerCognitoWithConfiguration:forKey: has not been called in advance or the key does not exist, this method returns nil.</Abstract>
			<DeclaredIn>AWSCognitoService.h</DeclaredIn>
			
			<Declaration>+ (instancetype)CognitoForKey:(NSString *)key</Declaration>
			<Parameters>
				<Parameter>
					<Name>key</Name>
					<Abstract type="html">A string to identify the service client.</Abstract>
				</Parameter>
			</Parameters>
			<ReturnValue><Abstract type="html">An instance of the service client.</Abstract></ReturnValue>
			<Anchor>//api/name/CognitoForKey:</Anchor>
            <NodeRef refid="115"/>
		</Token>
		
		<Token>
			<TokenIdentifier>//apple_ref/occ/clm/AWSCognito/removeCognitoForKey:</TokenIdentifier>
			<Abstract type="html">Removes the service client associated with the key and release it.</Abstract>
			<DeclaredIn>AWSCognitoService.h</DeclaredIn>
			
			<Declaration>+ (void)removeCognitoForKey:(NSString *)key</Declaration>
			<Parameters>
				<Parameter>
					<Name>key</Name>
					<Abstract type="html">A string to identify the service client.</Abstract>
				</Parameter>
			</Parameters>
			
			<Anchor>//api/name/removeCognitoForKey:</Anchor>
            <NodeRef refid="115"/>
		</Token>
		
		<Token>
			<TokenIdentifier>//apple_ref/occ/instm/AWSCognito/initWithConfiguration:</TokenIdentifier>
			<Abstract type="html">Initialize the instance with the supplied service config.
Will return nil if the credentials provider is not an instance of
AWSCognitoCredentials provider.</Abstract>
			<DeclaredIn>AWSCognitoService.h</DeclaredIn>
			
			<Declaration>- (instancetype)initWithConfiguration:(AWSServiceConfiguration *)configuration</Declaration>
			
			
			<Anchor>//api/name/initWithConfiguration:</Anchor>
            <NodeRef refid="115"/>
		</Token>
		
		<Token>
			<TokenIdentifier>//apple_ref/occ/instm/AWSCognito/openOrCreateDataset:</TokenIdentifier>
			<Abstract type="html">Opens an existing dataset or creates a new one.</Abstract>
			<DeclaredIn>AWSCognitoService.h</DeclaredIn>
			
			<Declaration>- (AWSCognitoDataset *)openOrCreateDataset:(NSString *)datasetName</Declaration>
			
			<ReturnValue><Abstract type="html">handle to AWSCognitoDataset</Abstract></ReturnValue>
			<Anchor>//api/name/openOrCreateDataset:</Anchor>
            <NodeRef refid="115"/>
		</Token>
		
		<Token>
			<TokenIdentifier>//apple_ref/occ/instm/AWSCognito/listDatasets</TokenIdentifier>
			<Abstract type="html">List all datasets our client is aware of. Call refreshDatasetMetadata to ensure
the client has knowledge of all datasets available on the remote store.</Abstract>
			<DeclaredIn>AWSCognitoService.h</DeclaredIn>
			
			<Declaration>- (NSArray *)listDatasets</Declaration>
			
			<ReturnValue><Abstract type="html">NSArray of AWSCognitoDatasetMetadata</Abstract></ReturnValue>
			<Anchor>//api/name/listDatasets</Anchor>
            <NodeRef refid="115"/>
		</Token>
		
		<Token>
			<TokenIdentifier>//apple_ref/occ/instm/AWSCognito/refreshDatasetMetadata</TokenIdentifier>
			<Abstract type="html">List all of the datasets.  Returns a AWSTask. The result of this task will be an array of
AWSCognitoDatasetMetadata objects.</Abstract>
			<DeclaredIn>AWSCognitoService.h</DeclaredIn>
			
			<Declaration>- (AWSTask *)refreshDatasetMetadata</Declaration>
			
			
			<Anchor>//api/name/refreshDatasetMetadata</Anchor>
            <NodeRef refid="115"/>
		</Token>
		
		<Token>
			<TokenIdentifier>//apple_ref/occ/instm/AWSCognito/wipe</TokenIdentifier>
			<Abstract type="html">Wipe all cached data.</Abstract>
			<DeclaredIn>AWSCognitoService.h</DeclaredIn>
			
			<Declaration>- (void)wipe</Declaration>
			
			
			<Anchor>//api/name/wipe</Anchor>
            <NodeRef refid="115"/>
		</Token>
		
		<Token>
			<TokenIdentifier>//apple_ref/occ/clm/AWSCognito/defaultConflictHandler</TokenIdentifier>
			<Abstract type="html">Get the default, last writer wins conflict handler</Abstract>
			<DeclaredIn>AWSCognitoService.h</DeclaredIn>
			
			<Declaration>+ (AWSCognitoRecordConflictHandler)defaultConflictHandler</Declaration>
			
			
			<Anchor>//api/name/defaultConflictHandler</Anchor>
            <NodeRef refid="115"/>
		</Token>
		
		<Token>
			<TokenIdentifier>//apple_ref/occ/instm/AWSCognito/registerDevice:</TokenIdentifier>
			<Abstract type="html">Register this device for push notifications.  You will not receive any notifications until you actually subscribe the
dataset you want to receive push notifications for.  If your build targets Release, this will register the device
with APNS, if your build targets Debug this will register the device with APNS_SANDBOX. Returns a AWSTask.
The result of this task will be a AWSCognitoSyncRegisterDeviceResponse.</Abstract>
			<DeclaredIn>AWSCognitoService.h</DeclaredIn>
			
			<Declaration>- (AWSTask *)registerDevice:(NSData *)deviceToken</Declaration>
			
			
			<Anchor>//api/name/registerDevice:</Anchor>
            <NodeRef refid="115"/>
		</Token>
		
		<Token>
			<TokenIdentifier>//apple_ref/occ/clm/AWSCognito/cognitoDeviceId</TokenIdentifier>
			<Abstract type="html">Get the device id Cognito Sync gave this device. nil if device has never been registered</Abstract>
			<DeclaredIn>AWSCognitoService.h</DeclaredIn>
			
			<Declaration>+ (NSString *)cognitoDeviceId</Declaration>
			
			
			<Anchor>//api/name/cognitoDeviceId</Anchor>
            <NodeRef refid="115"/>
		</Token>
		
		<Token>
			<TokenIdentifier>//apple_ref/occ/clm/AWSCognito/setPushPlatform:</TokenIdentifier>
			<Abstract type="html">Used to override the platform for push notifications. If you are not using the CocoaPods distribution,
#ifdef DEBUG
  [[AWSCognito defaultCognito] setPushPlatform:AWSCognitoSyncPlatformApnsSandbox];
#endif
will set push notifications to use the APNS_SANDBOX if your build targets Debug.  Otherwise it will
always use APNS.</Abstract>
			<DeclaredIn>AWSCognitoService.h</DeclaredIn>
			
			<Declaration>+ (void)setPushPlatform:(AWSCognitoSyncPlatform)pushPlatform</Declaration>
			
			
			<Anchor>//api/name/setPushPlatform:</Anchor>
            <NodeRef refid="115"/>
		</Token>
		
		<Token>
			<TokenIdentifier>//apple_ref/occ/clm/AWSCognito/pushPlatform</TokenIdentifier>
			<Abstract type="html">The push platform for push notifications</Abstract>
			<DeclaredIn>AWSCognitoService.h</DeclaredIn>
			
			<Declaration>+ (AWSCognitoSyncPlatform)pushPlatform</Declaration>
			
			
			<Anchor>//api/name/pushPlatform</Anchor>
            <NodeRef refid="115"/>
		</Token>
		
		<Token>
			<TokenIdentifier>//apple_ref/occ/instm/AWSCognito/subscribe:</TokenIdentifier>
			<Abstract type="html">Subscribe to a list of datasets.  Make sure you have called synchronize on each of the datasets in the list
at least once prior to calling this. Returns a AWSTask.  The result of this task will be a NSArray of
AWSCognitoSyncSubscribeToDatasetResponse</Abstract>
			<DeclaredIn>AWSCognitoService.h</DeclaredIn>
			
			<Declaration>- (AWSTask *)subscribe:(NSArray *)datasetNames</Declaration>
			
			
			<Anchor>//api/name/subscribe:</Anchor>
            <NodeRef refid="115"/>
		</Token>
		
		<Token>
			<TokenIdentifier>//apple_ref/occ/instm/AWSCognito/subscribeAll</TokenIdentifier>
			<Abstract type="html">Subscribe to all datasets you have locally.  Make sure you have called synchronize on all of your local datasets
at least once prior to calling this. Returns a AWSTask.  The result of this task will be a NSArray of
AWSCognitoSyncSubscribeToDatasetResponse</Abstract>
			<DeclaredIn>AWSCognitoService.h</DeclaredIn>
			
			<Declaration>- (AWSTask *)subscribeAll</Declaration>
			
			
			<Anchor>//api/name/subscribeAll</Anchor>
            <NodeRef refid="115"/>
		</Token>
		
		<Token>
			<TokenIdentifier>//apple_ref/occ/instm/AWSCognito/unsubscribe:</TokenIdentifier>
			<Abstract type="html">Unsubscribe to a list of datasets. Returns a AWSTask.  The result of this task will be a NSArray of
AWSCognitoSyncUnsubscribeToDatasetResponse</Abstract>
			<DeclaredIn>AWSCognitoService.h</DeclaredIn>
			
			<Declaration>- (AWSTask *)unsubscribe:(NSArray *)datasetNames</Declaration>
			
			
			<Anchor>//api/name/unsubscribe:</Anchor>
            <NodeRef refid="115"/>
		</Token>
		
		<Token>
			<TokenIdentifier>//apple_ref/occ/instm/AWSCognito/unsubscribeAll</TokenIdentifier>
			<Abstract type="html">Unsubscribe to all datasets you have locally.  Make sure you have called synchronize on all of your local datasets
at least once prior to calling this. Returns a AWSTask.  The result of this task will be a NSArray of
AWSCognitoSyncUnsubscribeToDatasetResponse</Abstract>
			<DeclaredIn>AWSCognitoService.h</DeclaredIn>
			
			<Declaration>- (AWSTask *)unsubscribeAll</Declaration>
			
			
			<Anchor>//api/name/unsubscribeAll</Anchor>
            <NodeRef refid="115"/>
		</Token>
		
        
        
	</File>
</Tokens>