<?xml version="1.0" encoding="UTF-8"?>
<Tokens version="1.0">
	<File path="Classes/AWSEC2DescribeReservedInstancesOfferingsRequest.html">
		
		<Token>
			<TokenIdentifier>//apple_ref/occ/cl/AWSEC2DescribeReservedInstancesOfferingsRequest</TokenIdentifier>
			<Abstract type="html"></Abstract>
			<DeclaredIn>AWSEC2Model.h</DeclaredIn>
            
			
			<NodeRef refid="413"/>
		</Token>
		
		
		<Token>
			<TokenIdentifier>//apple_ref/occ/instm/AWSEC2DescribeReservedInstancesOfferingsRequest/setAvailabilityZone:</TokenIdentifier>
			<Abstract type="html">&lt;p&gt;The Availability Zone in which the Reserved Instance can be used.&lt;/p&gt;</Abstract>
			<DeclaredIn>AWSEC2Model.h</DeclaredIn>
			
			<Declaration>@property (nonatomic, strong) NSString *availabilityZone</Declaration>
			
			
			<Anchor>//api/name/availabilityZone</Anchor>
            <NodeRef refid="413"/>
		</Token>
		
		<Token>
			<TokenIdentifier>//apple_ref/occ/instm/AWSEC2DescribeReservedInstancesOfferingsRequest/availabilityZone</TokenIdentifier>
			<Abstract type="html">&lt;p&gt;The Availability Zone in which the Reserved Instance can be used.&lt;/p&gt;</Abstract>
			<DeclaredIn>AWSEC2Model.h</DeclaredIn>
			
			<Declaration>@property (nonatomic, strong) NSString *availabilityZone</Declaration>
			
			
			<Anchor>//api/name/availabilityZone</Anchor>
            <NodeRef refid="413"/>
		</Token>
		
		<Token>
			<TokenIdentifier>//apple_ref/occ/instp/AWSEC2DescribeReservedInstancesOfferingsRequest/availabilityZone</TokenIdentifier>
			<Abstract type="html">&lt;p&gt;The Availability Zone in which the Reserved Instance can be used.&lt;/p&gt;</Abstract>
			<DeclaredIn>AWSEC2Model.h</DeclaredIn>
			
			<Declaration>@property (nonatomic, strong) NSString *availabilityZone</Declaration>
			
			
			<Anchor>//api/name/availabilityZone</Anchor>
            <NodeRef refid="413"/>
		</Token>
		
		<Token>
			<TokenIdentifier>//apple_ref/occ/instm/AWSEC2DescribeReservedInstancesOfferingsRequest/setDryRun:</TokenIdentifier>
			<Abstract type="html"></Abstract>
			<DeclaredIn>AWSEC2Model.h</DeclaredIn>
			
			<Declaration>@property (nonatomic, strong) NSNumber *dryRun</Declaration>
			
			
			<Anchor>//api/name/dryRun</Anchor>
            <NodeRef refid="413"/>
		</Token>
		
		<Token>
			<TokenIdentifier>//apple_ref/occ/instm/AWSEC2DescribeReservedInstancesOfferingsRequest/dryRun</TokenIdentifier>
			<Abstract type="html"></Abstract>
			<DeclaredIn>AWSEC2Model.h</DeclaredIn>
			
			<Declaration>@property (nonatomic, strong) NSNumber *dryRun</Declaration>
			
			
			<Anchor>//api/name/dryRun</Anchor>
            <NodeRef refid="413"/>
		</Token>
		
		<Token>
			<TokenIdentifier>//apple_ref/occ/instp/AWSEC2DescribeReservedInstancesOfferingsRequest/dryRun</TokenIdentifier>
			<Abstract type="html"></Abstract>
			<DeclaredIn>AWSEC2Model.h</DeclaredIn>
			
			<Declaration>@property (nonatomic, strong) NSNumber *dryRun</Declaration>
			
			
			<Anchor>//api/name/dryRun</Anchor>
            <NodeRef refid="413"/>
		</Token>
		
		<Token>
			<TokenIdentifier>//apple_ref/occ/instm/AWSEC2DescribeReservedInstancesOfferingsRequest/setFilters:</TokenIdentifier>
			<Abstract type="html">&lt;p&gt;One or more filters.&lt;/p&gt;&lt;ul&gt;&lt;li&gt;&lt;p&gt;&lt;code&gt;availability-zone&lt;/code&gt; - The Availability Zone where the Reserved Instance can be used.&lt;/p&gt;&lt;/li&gt;&lt;li&gt;&lt;p&gt;&lt;code&gt;duration&lt;/code&gt; - The duration of the Reserved Instance (for example, one year or three years), in seconds (&lt;code&gt;31536000&lt;/code&gt; | &lt;code&gt;94608000&lt;/code&gt;).&lt;/p&gt;&lt;/li&gt;&lt;li&gt;&lt;p&gt;&lt;code&gt;fixed-price&lt;/code&gt; - The purchase price of the Reserved Instance (for example, 9800.0).&lt;/p&gt;&lt;/li&gt;&lt;li&gt;&lt;p&gt;&lt;code&gt;instance-type&lt;/code&gt; - The instance type on which the Reserved Instance can be used.&lt;/p&gt;&lt;/li&gt;&lt;li&gt;&lt;p&gt;&lt;code&gt;marketplace&lt;/code&gt; - Set to &lt;code&gt;true&lt;/code&gt; to show only Reserved Instance Marketplace offerings. When this filter is not used, which is the default behavior, all offerings from AWS and Reserved Instance Marketplace are listed.&lt;/p&gt;&lt;/li&gt;&lt;li&gt;&lt;p&gt;&lt;code&gt;product-description&lt;/code&gt; - The description of the Reserved Instance (&lt;code&gt;Linux/UNIX&lt;/code&gt; | &lt;code&gt;Linux/UNIX (Amazon VPC)&lt;/code&gt; | &lt;code&gt;Windows&lt;/code&gt; | &lt;code&gt;Windows (Amazon VPC)&lt;/code&gt;).&lt;/p&gt;&lt;/li&gt;&lt;li&gt;&lt;p&gt;&lt;code&gt;reserved-instances-offering-id&lt;/code&gt; - The Reserved Instances offering ID.&lt;/p&gt;&lt;/li&gt;&lt;li&gt;&lt;p&gt;&lt;code&gt;usage-price&lt;/code&gt; - The usage price of the Reserved Instance, per hour (for example, 0.84).&lt;/p&gt;&lt;/li&gt;&lt;/ul&gt;</Abstract>
			<DeclaredIn>AWSEC2Model.h</DeclaredIn>
			
			<Declaration>@property (nonatomic, strong) NSArray *filters</Declaration>
			
			
			<Anchor>//api/name/filters</Anchor>
            <NodeRef refid="413"/>
		</Token>
		
		<Token>
			<TokenIdentifier>//apple_ref/occ/instm/AWSEC2DescribeReservedInstancesOfferingsRequest/filters</TokenIdentifier>
			<Abstract type="html">&lt;p&gt;One or more filters.&lt;/p&gt;&lt;ul&gt;&lt;li&gt;&lt;p&gt;&lt;code&gt;availability-zone&lt;/code&gt; - The Availability Zone where the Reserved Instance can be used.&lt;/p&gt;&lt;/li&gt;&lt;li&gt;&lt;p&gt;&lt;code&gt;duration&lt;/code&gt; - The duration of the Reserved Instance (for example, one year or three years), in seconds (&lt;code&gt;31536000&lt;/code&gt; | &lt;code&gt;94608000&lt;/code&gt;).&lt;/p&gt;&lt;/li&gt;&lt;li&gt;&lt;p&gt;&lt;code&gt;fixed-price&lt;/code&gt; - The purchase price of the Reserved Instance (for example, 9800.0).&lt;/p&gt;&lt;/li&gt;&lt;li&gt;&lt;p&gt;&lt;code&gt;instance-type&lt;/code&gt; - The instance type on which the Reserved Instance can be used.&lt;/p&gt;&lt;/li&gt;&lt;li&gt;&lt;p&gt;&lt;code&gt;marketplace&lt;/code&gt; - Set to &lt;code&gt;true&lt;/code&gt; to show only Reserved Instance Marketplace offerings. When this filter is not used, which is the default behavior, all offerings from AWS and Reserved Instance Marketplace are listed.&lt;/p&gt;&lt;/li&gt;&lt;li&gt;&lt;p&gt;&lt;code&gt;product-description&lt;/code&gt; - The description of the Reserved Instance (&lt;code&gt;Linux/UNIX&lt;/code&gt; | &lt;code&gt;Linux/UNIX (Amazon VPC)&lt;/code&gt; | &lt;code&gt;Windows&lt;/code&gt; | &lt;code&gt;Windows (Amazon VPC)&lt;/code&gt;).&lt;/p&gt;&lt;/li&gt;&lt;li&gt;&lt;p&gt;&lt;code&gt;reserved-instances-offering-id&lt;/code&gt; - The Reserved Instances offering ID.&lt;/p&gt;&lt;/li&gt;&lt;li&gt;&lt;p&gt;&lt;code&gt;usage-price&lt;/code&gt; - The usage price of the Reserved Instance, per hour (for example, 0.84).&lt;/p&gt;&lt;/li&gt;&lt;/ul&gt;</Abstract>
			<DeclaredIn>AWSEC2Model.h</DeclaredIn>
			
			<Declaration>@property (nonatomic, strong) NSArray *filters</Declaration>
			
			
			<Anchor>//api/name/filters</Anchor>
            <NodeRef refid="413"/>
		</Token>
		
		<Token>
			<TokenIdentifier>//apple_ref/occ/instp/AWSEC2DescribeReservedInstancesOfferingsRequest/filters</TokenIdentifier>
			<Abstract type="html">&lt;p&gt;One or more filters.&lt;/p&gt;&lt;ul&gt;&lt;li&gt;&lt;p&gt;&lt;code&gt;availability-zone&lt;/code&gt; - The Availability Zone where the Reserved Instance can be used.&lt;/p&gt;&lt;/li&gt;&lt;li&gt;&lt;p&gt;&lt;code&gt;duration&lt;/code&gt; - The duration of the Reserved Instance (for example, one year or three years), in seconds (&lt;code&gt;31536000&lt;/code&gt; | &lt;code&gt;94608000&lt;/code&gt;).&lt;/p&gt;&lt;/li&gt;&lt;li&gt;&lt;p&gt;&lt;code&gt;fixed-price&lt;/code&gt; - The purchase price of the Reserved Instance (for example, 9800.0).&lt;/p&gt;&lt;/li&gt;&lt;li&gt;&lt;p&gt;&lt;code&gt;instance-type&lt;/code&gt; - The instance type on which the Reserved Instance can be used.&lt;/p&gt;&lt;/li&gt;&lt;li&gt;&lt;p&gt;&lt;code&gt;marketplace&lt;/code&gt; - Set to &lt;code&gt;true&lt;/code&gt; to show only Reserved Instance Marketplace offerings. When this filter is not used, which is the default behavior, all offerings from AWS and Reserved Instance Marketplace are listed.&lt;/p&gt;&lt;/li&gt;&lt;li&gt;&lt;p&gt;&lt;code&gt;product-description&lt;/code&gt; - The description of the Reserved Instance (&lt;code&gt;Linux/UNIX&lt;/code&gt; | &lt;code&gt;Linux/UNIX (Amazon VPC)&lt;/code&gt; | &lt;code&gt;Windows&lt;/code&gt; | &lt;code&gt;Windows (Amazon VPC)&lt;/code&gt;).&lt;/p&gt;&lt;/li&gt;&lt;li&gt;&lt;p&gt;&lt;code&gt;reserved-instances-offering-id&lt;/code&gt; - The Reserved Instances offering ID.&lt;/p&gt;&lt;/li&gt;&lt;li&gt;&lt;p&gt;&lt;code&gt;usage-price&lt;/code&gt; - The usage price of the Reserved Instance, per hour (for example, 0.84).&lt;/p&gt;&lt;/li&gt;&lt;/ul&gt;</Abstract>
			<DeclaredIn>AWSEC2Model.h</DeclaredIn>
			
			<Declaration>@property (nonatomic, strong) NSArray *filters</Declaration>
			
			
			<Anchor>//api/name/filters</Anchor>
            <NodeRef refid="413"/>
		</Token>
		
		<Token>
			<TokenIdentifier>//apple_ref/occ/instm/AWSEC2DescribeReservedInstancesOfferingsRequest/setIncludeMarketplace:</TokenIdentifier>
			<Abstract type="html">&lt;p&gt;Include Marketplace offerings in the response.&lt;/p&gt;</Abstract>
			<DeclaredIn>AWSEC2Model.h</DeclaredIn>
			
			<Declaration>@property (nonatomic, strong) NSNumber *includeMarketplace</Declaration>
			
			
			<Anchor>//api/name/includeMarketplace</Anchor>
            <NodeRef refid="413"/>
		</Token>
		
		<Token>
			<TokenIdentifier>//apple_ref/occ/instm/AWSEC2DescribeReservedInstancesOfferingsRequest/includeMarketplace</TokenIdentifier>
			<Abstract type="html">&lt;p&gt;Include Marketplace offerings in the response.&lt;/p&gt;</Abstract>
			<DeclaredIn>AWSEC2Model.h</DeclaredIn>
			
			<Declaration>@property (nonatomic, strong) NSNumber *includeMarketplace</Declaration>
			
			
			<Anchor>//api/name/includeMarketplace</Anchor>
            <NodeRef refid="413"/>
		</Token>
		
		<Token>
			<TokenIdentifier>//apple_ref/occ/instp/AWSEC2DescribeReservedInstancesOfferingsRequest/includeMarketplace</TokenIdentifier>
			<Abstract type="html">&lt;p&gt;Include Marketplace offerings in the response.&lt;/p&gt;</Abstract>
			<DeclaredIn>AWSEC2Model.h</DeclaredIn>
			
			<Declaration>@property (nonatomic, strong) NSNumber *includeMarketplace</Declaration>
			
			
			<Anchor>//api/name/includeMarketplace</Anchor>
            <NodeRef refid="413"/>
		</Token>
		
		<Token>
			<TokenIdentifier>//apple_ref/occ/instm/AWSEC2DescribeReservedInstancesOfferingsRequest/setInstanceTenancy:</TokenIdentifier>
			<Abstract type="html">&lt;p&gt;The tenancy of the Reserved Instance offering. A Reserved Instance with &lt;code&gt;dedicated&lt;/code&gt; tenancy runs on single-tenant hardware and can only be launched within a VPC.&lt;/p&gt;&lt;p&gt;Default: &lt;code&gt;default&lt;/code&gt;&lt;/p&gt;</Abstract>
			<DeclaredIn>AWSEC2Model.h</DeclaredIn>
			
			<Declaration>@property (nonatomic, assign) AWSEC2Tenancy instanceTenancy</Declaration>
			
			
			<Anchor>//api/name/instanceTenancy</Anchor>
            <NodeRef refid="413"/>
		</Token>
		
		<Token>
			<TokenIdentifier>//apple_ref/occ/instm/AWSEC2DescribeReservedInstancesOfferingsRequest/instanceTenancy</TokenIdentifier>
			<Abstract type="html">&lt;p&gt;The tenancy of the Reserved Instance offering. A Reserved Instance with &lt;code&gt;dedicated&lt;/code&gt; tenancy runs on single-tenant hardware and can only be launched within a VPC.&lt;/p&gt;&lt;p&gt;Default: &lt;code&gt;default&lt;/code&gt;&lt;/p&gt;</Abstract>
			<DeclaredIn>AWSEC2Model.h</DeclaredIn>
			
			<Declaration>@property (nonatomic, assign) AWSEC2Tenancy instanceTenancy</Declaration>
			
			
			<Anchor>//api/name/instanceTenancy</Anchor>
            <NodeRef refid="413"/>
		</Token>
		
		<Token>
			<TokenIdentifier>//apple_ref/occ/instp/AWSEC2DescribeReservedInstancesOfferingsRequest/instanceTenancy</TokenIdentifier>
			<Abstract type="html">&lt;p&gt;The tenancy of the Reserved Instance offering. A Reserved Instance with &lt;code&gt;dedicated&lt;/code&gt; tenancy runs on single-tenant hardware and can only be launched within a VPC.&lt;/p&gt;&lt;p&gt;Default: &lt;code&gt;default&lt;/code&gt;&lt;/p&gt;</Abstract>
			<DeclaredIn>AWSEC2Model.h</DeclaredIn>
			
			<Declaration>@property (nonatomic, assign) AWSEC2Tenancy instanceTenancy</Declaration>
			
			
			<Anchor>//api/name/instanceTenancy</Anchor>
            <NodeRef refid="413"/>
		</Token>
		
		<Token>
			<TokenIdentifier>//apple_ref/occ/instm/AWSEC2DescribeReservedInstancesOfferingsRequest/setInstanceType:</TokenIdentifier>
			<Abstract type="html">&lt;p&gt;The instance type on which the Reserved Instance can be used. For more information, see Instance Types in the &lt;i&gt;Amazon Elastic Compute Cloud User Guide for Linux&lt;/i&gt;.&lt;/p&gt;</Abstract>
			<DeclaredIn>AWSEC2Model.h</DeclaredIn>
			
			<Declaration>@property (nonatomic, assign) AWSEC2InstanceType instanceType</Declaration>
			
			
			<Anchor>//api/name/instanceType</Anchor>
            <NodeRef refid="413"/>
		</Token>
		
		<Token>
			<TokenIdentifier>//apple_ref/occ/instm/AWSEC2DescribeReservedInstancesOfferingsRequest/instanceType</TokenIdentifier>
			<Abstract type="html">&lt;p&gt;The instance type on which the Reserved Instance can be used. For more information, see Instance Types in the &lt;i&gt;Amazon Elastic Compute Cloud User Guide for Linux&lt;/i&gt;.&lt;/p&gt;</Abstract>
			<DeclaredIn>AWSEC2Model.h</DeclaredIn>
			
			<Declaration>@property (nonatomic, assign) AWSEC2InstanceType instanceType</Declaration>
			
			
			<Anchor>//api/name/instanceType</Anchor>
            <NodeRef refid="413"/>
		</Token>
		
		<Token>
			<TokenIdentifier>//apple_ref/occ/instp/AWSEC2DescribeReservedInstancesOfferingsRequest/instanceType</TokenIdentifier>
			<Abstract type="html">&lt;p&gt;The instance type on which the Reserved Instance can be used. For more information, see Instance Types in the &lt;i&gt;Amazon Elastic Compute Cloud User Guide for Linux&lt;/i&gt;.&lt;/p&gt;</Abstract>
			<DeclaredIn>AWSEC2Model.h</DeclaredIn>
			
			<Declaration>@property (nonatomic, assign) AWSEC2InstanceType instanceType</Declaration>
			
			
			<Anchor>//api/name/instanceType</Anchor>
            <NodeRef refid="413"/>
		</Token>
		
		<Token>
			<TokenIdentifier>//apple_ref/occ/instm/AWSEC2DescribeReservedInstancesOfferingsRequest/setMaxDuration:</TokenIdentifier>
			<Abstract type="html">&lt;p&gt;The maximum duration (in seconds) to filter when searching for offerings.&lt;/p&gt;&lt;p&gt;Default: 94608000 (3 years)&lt;/p&gt;</Abstract>
			<DeclaredIn>AWSEC2Model.h</DeclaredIn>
			
			<Declaration>@property (nonatomic, strong) NSNumber *maxDuration</Declaration>
			
			
			<Anchor>//api/name/maxDuration</Anchor>
            <NodeRef refid="413"/>
		</Token>
		
		<Token>
			<TokenIdentifier>//apple_ref/occ/instm/AWSEC2DescribeReservedInstancesOfferingsRequest/maxDuration</TokenIdentifier>
			<Abstract type="html">&lt;p&gt;The maximum duration (in seconds) to filter when searching for offerings.&lt;/p&gt;&lt;p&gt;Default: 94608000 (3 years)&lt;/p&gt;</Abstract>
			<DeclaredIn>AWSEC2Model.h</DeclaredIn>
			
			<Declaration>@property (nonatomic, strong) NSNumber *maxDuration</Declaration>
			
			
			<Anchor>//api/name/maxDuration</Anchor>
            <NodeRef refid="413"/>
		</Token>
		
		<Token>
			<TokenIdentifier>//apple_ref/occ/instp/AWSEC2DescribeReservedInstancesOfferingsRequest/maxDuration</TokenIdentifier>
			<Abstract type="html">&lt;p&gt;The maximum duration (in seconds) to filter when searching for offerings.&lt;/p&gt;&lt;p&gt;Default: 94608000 (3 years)&lt;/p&gt;</Abstract>
			<DeclaredIn>AWSEC2Model.h</DeclaredIn>
			
			<Declaration>@property (nonatomic, strong) NSNumber *maxDuration</Declaration>
			
			
			<Anchor>//api/name/maxDuration</Anchor>
            <NodeRef refid="413"/>
		</Token>
		
		<Token>
			<TokenIdentifier>//apple_ref/occ/instm/AWSEC2DescribeReservedInstancesOfferingsRequest/setMaxInstanceCount:</TokenIdentifier>
			<Abstract type="html">&lt;p&gt;The maximum number of instances to filter when searching for offerings.&lt;/p&gt;&lt;p&gt;Default: 20&lt;/p&gt;</Abstract>
			<DeclaredIn>AWSEC2Model.h</DeclaredIn>
			
			<Declaration>@property (nonatomic, strong) NSNumber *maxInstanceCount</Declaration>
			
			
			<Anchor>//api/name/maxInstanceCount</Anchor>
            <NodeRef refid="413"/>
		</Token>
		
		<Token>
			<TokenIdentifier>//apple_ref/occ/instm/AWSEC2DescribeReservedInstancesOfferingsRequest/maxInstanceCount</TokenIdentifier>
			<Abstract type="html">&lt;p&gt;The maximum number of instances to filter when searching for offerings.&lt;/p&gt;&lt;p&gt;Default: 20&lt;/p&gt;</Abstract>
			<DeclaredIn>AWSEC2Model.h</DeclaredIn>
			
			<Declaration>@property (nonatomic, strong) NSNumber *maxInstanceCount</Declaration>
			
			
			<Anchor>//api/name/maxInstanceCount</Anchor>
            <NodeRef refid="413"/>
		</Token>
		
		<Token>
			<TokenIdentifier>//apple_ref/occ/instp/AWSEC2DescribeReservedInstancesOfferingsRequest/maxInstanceCount</TokenIdentifier>
			<Abstract type="html">&lt;p&gt;The maximum number of instances to filter when searching for offerings.&lt;/p&gt;&lt;p&gt;Default: 20&lt;/p&gt;</Abstract>
			<DeclaredIn>AWSEC2Model.h</DeclaredIn>
			
			<Declaration>@property (nonatomic, strong) NSNumber *maxInstanceCount</Declaration>
			
			
			<Anchor>//api/name/maxInstanceCount</Anchor>
            <NodeRef refid="413"/>
		</Token>
		
		<Token>
			<TokenIdentifier>//apple_ref/occ/instm/AWSEC2DescribeReservedInstancesOfferingsRequest/setMaxResults:</TokenIdentifier>
			<Abstract type="html">&lt;p&gt;The maximum number of offerings to return. The maximum is 100.&lt;/p&gt;&lt;p&gt;Default: 100&lt;/p&gt;</Abstract>
			<DeclaredIn>AWSEC2Model.h</DeclaredIn>
			
			<Declaration>@property (nonatomic, strong) NSNumber *maxResults</Declaration>
			
			
			<Anchor>//api/name/maxResults</Anchor>
            <NodeRef refid="413"/>
		</Token>
		
		<Token>
			<TokenIdentifier>//apple_ref/occ/instm/AWSEC2DescribeReservedInstancesOfferingsRequest/maxResults</TokenIdentifier>
			<Abstract type="html">&lt;p&gt;The maximum number of offerings to return. The maximum is 100.&lt;/p&gt;&lt;p&gt;Default: 100&lt;/p&gt;</Abstract>
			<DeclaredIn>AWSEC2Model.h</DeclaredIn>
			
			<Declaration>@property (nonatomic, strong) NSNumber *maxResults</Declaration>
			
			
			<Anchor>//api/name/maxResults</Anchor>
            <NodeRef refid="413"/>
		</Token>
		
		<Token>
			<TokenIdentifier>//apple_ref/occ/instp/AWSEC2DescribeReservedInstancesOfferingsRequest/maxResults</TokenIdentifier>
			<Abstract type="html">&lt;p&gt;The maximum number of offerings to return. The maximum is 100.&lt;/p&gt;&lt;p&gt;Default: 100&lt;/p&gt;</Abstract>
			<DeclaredIn>AWSEC2Model.h</DeclaredIn>
			
			<Declaration>@property (nonatomic, strong) NSNumber *maxResults</Declaration>
			
			
			<Anchor>//api/name/maxResults</Anchor>
            <NodeRef refid="413"/>
		</Token>
		
		<Token>
			<TokenIdentifier>//apple_ref/occ/instm/AWSEC2DescribeReservedInstancesOfferingsRequest/setMinDuration:</TokenIdentifier>
			<Abstract type="html">&lt;p&gt;The minimum duration (in seconds) to filter when searching for offerings.&lt;/p&gt;&lt;p&gt;Default: 2592000 (1 month)&lt;/p&gt;</Abstract>
			<DeclaredIn>AWSEC2Model.h</DeclaredIn>
			
			<Declaration>@property (nonatomic, strong) NSNumber *minDuration</Declaration>
			
			
			<Anchor>//api/name/minDuration</Anchor>
            <NodeRef refid="413"/>
		</Token>
		
		<Token>
			<TokenIdentifier>//apple_ref/occ/instm/AWSEC2DescribeReservedInstancesOfferingsRequest/minDuration</TokenIdentifier>
			<Abstract type="html">&lt;p&gt;The minimum duration (in seconds) to filter when searching for offerings.&lt;/p&gt;&lt;p&gt;Default: 2592000 (1 month)&lt;/p&gt;</Abstract>
			<DeclaredIn>AWSEC2Model.h</DeclaredIn>
			
			<Declaration>@property (nonatomic, strong) NSNumber *minDuration</Declaration>
			
			
			<Anchor>//api/name/minDuration</Anchor>
            <NodeRef refid="413"/>
		</Token>
		
		<Token>
			<TokenIdentifier>//apple_ref/occ/instp/AWSEC2DescribeReservedInstancesOfferingsRequest/minDuration</TokenIdentifier>
			<Abstract type="html">&lt;p&gt;The minimum duration (in seconds) to filter when searching for offerings.&lt;/p&gt;&lt;p&gt;Default: 2592000 (1 month)&lt;/p&gt;</Abstract>
			<DeclaredIn>AWSEC2Model.h</DeclaredIn>
			
			<Declaration>@property (nonatomic, strong) NSNumber *minDuration</Declaration>
			
			
			<Anchor>//api/name/minDuration</Anchor>
            <NodeRef refid="413"/>
		</Token>
		
		<Token>
			<TokenIdentifier>//apple_ref/occ/instm/AWSEC2DescribeReservedInstancesOfferingsRequest/setNextToken:</TokenIdentifier>
			<Abstract type="html">&lt;p&gt;The token to use when requesting the next paginated set of offerings.&lt;/p&gt;</Abstract>
			<DeclaredIn>AWSEC2Model.h</DeclaredIn>
			
			<Declaration>@property (nonatomic, strong) NSString *nextToken</Declaration>
			
			
			<Anchor>//api/name/nextToken</Anchor>
            <NodeRef refid="413"/>
		</Token>
		
		<Token>
			<TokenIdentifier>//apple_ref/occ/instm/AWSEC2DescribeReservedInstancesOfferingsRequest/nextToken</TokenIdentifier>
			<Abstract type="html">&lt;p&gt;The token to use when requesting the next paginated set of offerings.&lt;/p&gt;</Abstract>
			<DeclaredIn>AWSEC2Model.h</DeclaredIn>
			
			<Declaration>@property (nonatomic, strong) NSString *nextToken</Declaration>
			
			
			<Anchor>//api/name/nextToken</Anchor>
            <NodeRef refid="413"/>
		</Token>
		
		<Token>
			<TokenIdentifier>//apple_ref/occ/instp/AWSEC2DescribeReservedInstancesOfferingsRequest/nextToken</TokenIdentifier>
			<Abstract type="html">&lt;p&gt;The token to use when requesting the next paginated set of offerings.&lt;/p&gt;</Abstract>
			<DeclaredIn>AWSEC2Model.h</DeclaredIn>
			
			<Declaration>@property (nonatomic, strong) NSString *nextToken</Declaration>
			
			
			<Anchor>//api/name/nextToken</Anchor>
            <NodeRef refid="413"/>
		</Token>
		
		<Token>
			<TokenIdentifier>//apple_ref/occ/instm/AWSEC2DescribeReservedInstancesOfferingsRequest/setOfferingType:</TokenIdentifier>
			<Abstract type="html">&lt;p&gt;The Reserved Instance offering type. If you are using tools that predate the 2011-11-01 API version, you only have access to the &lt;code&gt;Medium Utilization&lt;/code&gt; Reserved Instance offering type. &lt;/p&gt;</Abstract>
			<DeclaredIn>AWSEC2Model.h</DeclaredIn>
			
			<Declaration>@property (nonatomic, assign) AWSEC2OfferingTypeValues offeringType</Declaration>
			
			
			<Anchor>//api/name/offeringType</Anchor>
            <NodeRef refid="413"/>
		</Token>
		
		<Token>
			<TokenIdentifier>//apple_ref/occ/instm/AWSEC2DescribeReservedInstancesOfferingsRequest/offeringType</TokenIdentifier>
			<Abstract type="html">&lt;p&gt;The Reserved Instance offering type. If you are using tools that predate the 2011-11-01 API version, you only have access to the &lt;code&gt;Medium Utilization&lt;/code&gt; Reserved Instance offering type. &lt;/p&gt;</Abstract>
			<DeclaredIn>AWSEC2Model.h</DeclaredIn>
			
			<Declaration>@property (nonatomic, assign) AWSEC2OfferingTypeValues offeringType</Declaration>
			
			
			<Anchor>//api/name/offeringType</Anchor>
            <NodeRef refid="413"/>
		</Token>
		
		<Token>
			<TokenIdentifier>//apple_ref/occ/instp/AWSEC2DescribeReservedInstancesOfferingsRequest/offeringType</TokenIdentifier>
			<Abstract type="html">&lt;p&gt;The Reserved Instance offering type. If you are using tools that predate the 2011-11-01 API version, you only have access to the &lt;code&gt;Medium Utilization&lt;/code&gt; Reserved Instance offering type. &lt;/p&gt;</Abstract>
			<DeclaredIn>AWSEC2Model.h</DeclaredIn>
			
			<Declaration>@property (nonatomic, assign) AWSEC2OfferingTypeValues offeringType</Declaration>
			
			
			<Anchor>//api/name/offeringType</Anchor>
            <NodeRef refid="413"/>
		</Token>
		
		<Token>
			<TokenIdentifier>//apple_ref/occ/instm/AWSEC2DescribeReservedInstancesOfferingsRequest/setProductDescription:</TokenIdentifier>
			<Abstract type="html">&lt;p&gt;The Reserved Instance description. Instances that include &lt;code&gt;(Amazon VPC)&lt;/code&gt; in the description are for use with Amazon VPC.&lt;/p&gt;</Abstract>
			<DeclaredIn>AWSEC2Model.h</DeclaredIn>
			
			<Declaration>@property (nonatomic, assign) AWSEC2RIProductDescription productDescription</Declaration>
			
			
			<Anchor>//api/name/productDescription</Anchor>
            <NodeRef refid="413"/>
		</Token>
		
		<Token>
			<TokenIdentifier>//apple_ref/occ/instm/AWSEC2DescribeReservedInstancesOfferingsRequest/productDescription</TokenIdentifier>
			<Abstract type="html">&lt;p&gt;The Reserved Instance description. Instances that include &lt;code&gt;(Amazon VPC)&lt;/code&gt; in the description are for use with Amazon VPC.&lt;/p&gt;</Abstract>
			<DeclaredIn>AWSEC2Model.h</DeclaredIn>
			
			<Declaration>@property (nonatomic, assign) AWSEC2RIProductDescription productDescription</Declaration>
			
			
			<Anchor>//api/name/productDescription</Anchor>
            <NodeRef refid="413"/>
		</Token>
		
		<Token>
			<TokenIdentifier>//apple_ref/occ/instp/AWSEC2DescribeReservedInstancesOfferingsRequest/productDescription</TokenIdentifier>
			<Abstract type="html">&lt;p&gt;The Reserved Instance description. Instances that include &lt;code&gt;(Amazon VPC)&lt;/code&gt; in the description are for use with Amazon VPC.&lt;/p&gt;</Abstract>
			<DeclaredIn>AWSEC2Model.h</DeclaredIn>
			
			<Declaration>@property (nonatomic, assign) AWSEC2RIProductDescription productDescription</Declaration>
			
			
			<Anchor>//api/name/productDescription</Anchor>
            <NodeRef refid="413"/>
		</Token>
		
		<Token>
			<TokenIdentifier>//apple_ref/occ/instm/AWSEC2DescribeReservedInstancesOfferingsRequest/setReservedInstancesOfferingIds:</TokenIdentifier>
			<Abstract type="html">&lt;p&gt;One or more Reserved Instances offering IDs.&lt;/p&gt;</Abstract>
			<DeclaredIn>AWSEC2Model.h</DeclaredIn>
			
			<Declaration>@property (nonatomic, strong) NSArray *reservedInstancesOfferingIds</Declaration>
			
			
			<Anchor>//api/name/reservedInstancesOfferingIds</Anchor>
            <NodeRef refid="413"/>
		</Token>
		
		<Token>
			<TokenIdentifier>//apple_ref/occ/instm/AWSEC2DescribeReservedInstancesOfferingsRequest/reservedInstancesOfferingIds</TokenIdentifier>
			<Abstract type="html">&lt;p&gt;One or more Reserved Instances offering IDs.&lt;/p&gt;</Abstract>
			<DeclaredIn>AWSEC2Model.h</DeclaredIn>
			
			<Declaration>@property (nonatomic, strong) NSArray *reservedInstancesOfferingIds</Declaration>
			
			
			<Anchor>//api/name/reservedInstancesOfferingIds</Anchor>
            <NodeRef refid="413"/>
		</Token>
		
		<Token>
			<TokenIdentifier>//apple_ref/occ/instp/AWSEC2DescribeReservedInstancesOfferingsRequest/reservedInstancesOfferingIds</TokenIdentifier>
			<Abstract type="html">&lt;p&gt;One or more Reserved Instances offering IDs.&lt;/p&gt;</Abstract>
			<DeclaredIn>AWSEC2Model.h</DeclaredIn>
			
			<Declaration>@property (nonatomic, strong) NSArray *reservedInstancesOfferingIds</Declaration>
			
			
			<Anchor>//api/name/reservedInstancesOfferingIds</Anchor>
            <NodeRef refid="413"/>
		</Token>
		
        
        
	</File>
</Tokens>