<?xml version="1.0" encoding="UTF-8"?>
<Tokens version="1.0">
	<File path="Classes/AWSKinesisListStreamsInput.html">
		
		<Token>
			<TokenIdentifier>//apple_ref/occ/cl/AWSKinesisListStreamsInput</TokenIdentifier>
			<Abstract type="html">&lt;p&gt;Represents the input for &lt;code&gt;ListStreams&lt;/code&gt;.&lt;/p&gt;</Abstract>
			<DeclaredIn>AWSKinesisModel.h</DeclaredIn>
            
			
			<NodeRef refid="740"/>
		</Token>
		
		
		<Token>
			<TokenIdentifier>//apple_ref/occ/instm/AWSKinesisListStreamsInput/setExclusiveStartStreamName:</TokenIdentifier>
			<Abstract type="html">&lt;p&gt;The name of the stream to start the list with.&lt;/p&gt;</Abstract>
			<DeclaredIn>AWSKinesisModel.h</DeclaredIn>
			
			<Declaration>@property (nonatomic, strong) NSString *exclusiveStartStreamName</Declaration>
			
			
			<Anchor>//api/name/exclusiveStartStreamName</Anchor>
            <NodeRef refid="740"/>
		</Token>
		
		<Token>
			<TokenIdentifier>//apple_ref/occ/instm/AWSKinesisListStreamsInput/exclusiveStartStreamName</TokenIdentifier>
			<Abstract type="html">&lt;p&gt;The name of the stream to start the list with.&lt;/p&gt;</Abstract>
			<DeclaredIn>AWSKinesisModel.h</DeclaredIn>
			
			<Declaration>@property (nonatomic, strong) NSString *exclusiveStartStreamName</Declaration>
			
			
			<Anchor>//api/name/exclusiveStartStreamName</Anchor>
            <NodeRef refid="740"/>
		</Token>
		
		<Token>
			<TokenIdentifier>//apple_ref/occ/instp/AWSKinesisListStreamsInput/exclusiveStartStreamName</TokenIdentifier>
			<Abstract type="html">&lt;p&gt;The name of the stream to start the list with.&lt;/p&gt;</Abstract>
			<DeclaredIn>AWSKinesisModel.h</DeclaredIn>
			
			<Declaration>@property (nonatomic, strong) NSString *exclusiveStartStreamName</Declaration>
			
			
			<Anchor>//api/name/exclusiveStartStreamName</Anchor>
            <NodeRef refid="740"/>
		</Token>
		
		<Token>
			<TokenIdentifier>//apple_ref/occ/instm/AWSKinesisListStreamsInput/setLimit:</TokenIdentifier>
			<Abstract type="html">&lt;p&gt;The maximum number of streams to list.&lt;/p&gt;</Abstract>
			<DeclaredIn>AWSKinesisModel.h</DeclaredIn>
			
			<Declaration>@property (nonatomic, strong) NSNumber *limit</Declaration>
			
			
			<Anchor>//api/name/limit</Anchor>
            <NodeRef refid="740"/>
		</Token>
		
		<Token>
			<TokenIdentifier>//apple_ref/occ/instm/AWSKinesisListStreamsInput/limit</TokenIdentifier>
			<Abstract type="html">&lt;p&gt;The maximum number of streams to list.&lt;/p&gt;</Abstract>
			<DeclaredIn>AWSKinesisModel.h</DeclaredIn>
			
			<Declaration>@property (nonatomic, strong) NSNumber *limit</Declaration>
			
			
			<Anchor>//api/name/limit</Anchor>
            <NodeRef refid="740"/>
		</Token>
		
		<Token>
			<TokenIdentifier>//apple_ref/occ/instp/AWSKinesisListStreamsInput/limit</TokenIdentifier>
			<Abstract type="html">&lt;p&gt;The maximum number of streams to list.&lt;/p&gt;</Abstract>
			<DeclaredIn>AWSKinesisModel.h</DeclaredIn>
			
			<Declaration>@property (nonatomic, strong) NSNumber *limit</Declaration>
			
			
			<Anchor>//api/name/limit</Anchor>
            <NodeRef refid="740"/>
		</Token>
		
        
        
	</File>
</Tokens>