<?xml version="1.0" encoding="UTF-8"?>
<Tokens version="1.0">
	<File path="Constants/AWSS3BucketVersioningStatus.html">
		
		<Token>
			<TokenIdentifier>//apple_ref/c/tdef/AWSS3BucketVersioningStatus</TokenIdentifier>
			<Abstract type="html"></Abstract>
			<DeclaredIn>AWSS3Model.h</DeclaredIn>
            
			
			<NodeRef refid="1257"/>
		</Token>
		
		
        
        <Token>
            <TokenIdentifier>//apple_ref/c/econst/AWSS3BucketVersioningStatusUnknown</TokenIdentifier>
            <Abstract type="html"></Abstract>
            <Declaration>AWSS3BucketVersioningStatusUnknown</Declaration>
            
            <DeclaredIn>AWSS3Model.h</DeclaredIn>
            
            <NodeRef refid="1257"/>
        </Token>
        
        <Token>
            <TokenIdentifier>//apple_ref/c/econst/AWSS3BucketVersioningStatusEnabled</TokenIdentifier>
            <Abstract type="html"></Abstract>
            <Declaration>AWSS3BucketVersioningStatusEnabled</Declaration>
            
            <DeclaredIn>AWSS3Model.h</DeclaredIn>
            
            <NodeRef refid="1257"/>
        </Token>
        
        <Token>
            <TokenIdentifier>//apple_ref/c/econst/AWSS3BucketVersioningStatusSuspended</TokenIdentifier>
            <Abstract type="html"></Abstract>
            <Declaration>AWSS3BucketVersioningStatusSuspended</Declaration>
            
            <DeclaredIn>AWSS3Model.h</DeclaredIn>
            
            <NodeRef refid="1257"/>
        </Token>
        
        
	</File>
</Tokens>