<?xml version="1.0" encoding="UTF-8"?>
<Tokens version="1.0">
	<File path="Constants/AWSHTTPMethod.html">
		
		<Token>
			<TokenIdentifier>//apple_ref/c/tdef/AWSHTTPMethod</TokenIdentifier>
			<Abstract type="html"></Abstract>
			<DeclaredIn>AWSNetworking.h</DeclaredIn>
            
			
			<NodeRef refid="1230"/>
		</Token>
		
		
        
        <Token>
            <TokenIdentifier>//apple_ref/c/econst/AWSHTTPMethodUnknown</TokenIdentifier>
            <Abstract type="html"></Abstract>
            <Declaration>AWSHTTPMethodUnknown</Declaration>
            
            <DeclaredIn>AWSNetworking.h</DeclaredIn>
            
            <NodeRef refid="1230"/>
        </Token>
        
        <Token>
            <TokenIdentifier>//apple_ref/c/econst/AWSHTTPMethodGET</TokenIdentifier>
            <Abstract type="html"></Abstract>
            <Declaration>AWSHTTPMethodGET</Declaration>
            
            <DeclaredIn>AWSNetworking.h</DeclaredIn>
            
            <NodeRef refid="1230"/>
        </Token>
        
        <Token>
            <TokenIdentifier>//apple_ref/c/econst/AWSHTTPMethodHEAD</TokenIdentifier>
            <Abstract type="html"></Abstract>
            <Declaration>AWSHTTPMethodHEAD</Declaration>
            
            <DeclaredIn>AWSNetworking.h</DeclaredIn>
            
            <NodeRef refid="1230"/>
        </Token>
        
        <Token>
            <TokenIdentifier>//apple_ref/c/econst/AWSHTTPMethodPOST</TokenIdentifier>
            <Abstract type="html"></Abstract>
            <Declaration>AWSHTTPMethodPOST</Declaration>
            
            <DeclaredIn>AWSNetworking.h</DeclaredIn>
            
            <NodeRef refid="1230"/>
        </Token>
        
        <Token>
            <TokenIdentifier>//apple_ref/c/econst/AWSHTTPMethodPUT</TokenIdentifier>
            <Abstract type="html"></Abstract>
            <Declaration>AWSHTTPMethodPUT</Declaration>
            
            <DeclaredIn>AWSNetworking.h</DeclaredIn>
            
            <NodeRef refid="1230"/>
        </Token>
        
        <Token>
            <TokenIdentifier>//apple_ref/c/econst/AWSHTTPMethodPATCH</TokenIdentifier>
            <Abstract type="html"></Abstract>
            <Declaration>AWSHTTPMethodPATCH</Declaration>
            
            <DeclaredIn>AWSNetworking.h</DeclaredIn>
            
            <NodeRef refid="1230"/>
        </Token>
        
        <Token>
            <TokenIdentifier>//apple_ref/c/econst/AWSHTTPMethodDELETE</TokenIdentifier>
            <Abstract type="html"></Abstract>
            <Declaration>AWSHTTPMethodDELETE</Declaration>
            
            <DeclaredIn>AWSNetworking.h</DeclaredIn>
            
            <NodeRef refid="1230"/>
        </Token>
        
        
	</File>
</Tokens>