<?xml version="1.0" encoding="UTF-8"?>
<Tokens version="1.0">
	<File path="Classes/AWSEC2DescribeRegionsResult.html">
		
		<Token>
			<TokenIdentifier>//apple_ref/occ/cl/AWSEC2DescribeRegionsResult</TokenIdentifier>
			<Abstract type="html"></Abstract>
			<DeclaredIn>AWSEC2Model.h</DeclaredIn>
            
			
			<NodeRef refid="408"/>
		</Token>
		
		
		<Token>
			<TokenIdentifier>//apple_ref/occ/instm/AWSEC2DescribeRegionsResult/setRegions:</TokenIdentifier>
			<Abstract type="html">&lt;p&gt;Information about one or more regions.&lt;/p&gt;</Abstract>
			<DeclaredIn>AWSEC2Model.h</DeclaredIn>
			
			<Declaration>@property (nonatomic, strong) NSArray *regions</Declaration>
			
			
			<Anchor>//api/name/regions</Anchor>
            <NodeRef refid="408"/>
		</Token>
		
		<Token>
			<TokenIdentifier>//apple_ref/occ/instm/AWSEC2DescribeRegionsResult/regions</TokenIdentifier>
			<Abstract type="html">&lt;p&gt;Information about one or more regions.&lt;/p&gt;</Abstract>
			<DeclaredIn>AWSEC2Model.h</DeclaredIn>
			
			<Declaration>@property (nonatomic, strong) NSArray *regions</Declaration>
			
			
			<Anchor>//api/name/regions</Anchor>
            <NodeRef refid="408"/>
		</Token>
		
		<Token>
			<TokenIdentifier>//apple_ref/occ/instp/AWSEC2DescribeRegionsResult/regions</TokenIdentifier>
			<Abstract type="html">&lt;p&gt;Information about one or more regions.&lt;/p&gt;</Abstract>
			<DeclaredIn>AWSEC2Model.h</DeclaredIn>
			
			<Declaration>@property (nonatomic, strong) NSArray *regions</Declaration>
			
			
			<Anchor>//api/name/regions</Anchor>
            <NodeRef refid="408"/>
		</Token>
		
        
        
	</File>
</Tokens>