<?xml version="1.0" encoding="UTF-8"?>
<Tokens version="1.0">
	<File path="Constants/AWSXMLParserErrorType.html">
		
		<Token>
			<TokenIdentifier>//apple_ref/c/tdef/AWSXMLParserErrorType</TokenIdentifier>
			<Abstract type="html"></Abstract>
			<DeclaredIn>AWSSerialization.h</DeclaredIn>
            
			
			<NodeRef refid="1291"/>
		</Token>
		
		
        
        <Token>
            <TokenIdentifier>//apple_ref/c/econst/AWSXMLParserUnknownError</TokenIdentifier>
            <Abstract type="html"></Abstract>
            <Declaration>AWSXMLParserUnknownError</Declaration>
            
            <DeclaredIn>AWSSerialization.h</DeclaredIn>
            
            <NodeRef refid="1291"/>
        </Token>
        
        <Token>
            <TokenIdentifier>//apple_ref/c/econst/AWSXMLParserNoTypeDefinitionInRule</TokenIdentifier>
            <Abstract type="html"></Abstract>
            <Declaration>AWSXMLParserNoTypeDefinitionInRule</Declaration>
            
            <DeclaredIn>AWSSerialization.h</DeclaredIn>
            
            <NodeRef refid="1291"/>
        </Token>
        
        <Token>
            <TokenIdentifier>//apple_ref/c/econst/AWSXMLParserUnHandledType</TokenIdentifier>
            <Abstract type="html"></Abstract>
            <Declaration>AWSXMLParserUnHandledType</Declaration>
            
            <DeclaredIn>AWSSerialization.h</DeclaredIn>
            
            <NodeRef refid="1291"/>
        </Token>
        
        <Token>
            <TokenIdentifier>//apple_ref/c/econst/AWSXMLParserUnExpectedType</TokenIdentifier>
            <Abstract type="html"></Abstract>
            <Declaration>AWSXMLParserUnExpectedType</Declaration>
            
            <DeclaredIn>AWSSerialization.h</DeclaredIn>
            
            <NodeRef refid="1291"/>
        </Token>
        
        <Token>
            <TokenIdentifier>//apple_ref/c/econst/AWSXMLParserDefinitionFileIsEmpty</TokenIdentifier>
            <Abstract type="html"></Abstract>
            <Declaration>AWSXMLParserDefinitionFileIsEmpty</Declaration>
            
            <DeclaredIn>AWSSerialization.h</DeclaredIn>
            
            <NodeRef refid="1291"/>
        </Token>
        
        <Token>
            <TokenIdentifier>//apple_ref/c/econst/AWSXMLParserUnexpectedXMLElement</TokenIdentifier>
            <Abstract type="html"></Abstract>
            <Declaration>AWSXMLParserUnexpectedXMLElement</Declaration>
            
            <DeclaredIn>AWSSerialization.h</DeclaredIn>
            
            <NodeRef refid="1291"/>
        </Token>
        
        <Token>
            <TokenIdentifier>//apple_ref/c/econst/AWSXMLParserXMLNameNotFoundInDefinition</TokenIdentifier>
            <Abstract type="html"></Abstract>
            <Declaration>AWSXMLParserXMLNameNotFoundInDefinition</Declaration>
            
            <DeclaredIn>AWSSerialization.h</DeclaredIn>
            
            <NodeRef refid="1291"/>
        </Token>
        
        <Token>
            <TokenIdentifier>//apple_ref/c/econst/AWSXMLParserMissingRequiredXMLElements</TokenIdentifier>
            <Abstract type="html"></Abstract>
            <Declaration>AWSXMLParserMissingRequiredXMLElements</Declaration>
            
            <DeclaredIn>AWSSerialization.h</DeclaredIn>
            
            <NodeRef refid="1291"/>
        </Token>
        
        <Token>
            <TokenIdentifier>//apple_ref/c/econst/AWSXMLParserInvalidXMLValue</TokenIdentifier>
            <Abstract type="html"></Abstract>
            <Declaration>AWSXMLParserInvalidXMLValue</Declaration>
            
            <DeclaredIn>AWSSerialization.h</DeclaredIn>
            
            <NodeRef refid="1291"/>
        </Token>
        
        
	</File>
</Tokens>