<?xml version="1.0" encoding="UTF-8"?>
<Tokens version="1.0">
	<File path="Constants/AWSEC2NetworkInterfaceAttribute.html">
		
		<Token>
			<TokenIdentifier>//apple_ref/c/tdef/AWSEC2NetworkInterfaceAttribute</TokenIdentifier>
			<Abstract type="html"></Abstract>
			<DeclaredIn>AWSEC2Model.h</DeclaredIn>
            
			
			<NodeRef refid="1187"/>
		</Token>
		
		
        
        <Token>
            <TokenIdentifier>//apple_ref/c/econst/AWSEC2NetworkInterfaceAttributeUnknown</TokenIdentifier>
            <Abstract type="html"></Abstract>
            <Declaration>AWSEC2NetworkInterfaceAttributeUnknown</Declaration>
            
            <DeclaredIn>AWSEC2Model.h</DeclaredIn>
            
            <NodeRef refid="1187"/>
        </Token>
        
        <Token>
            <TokenIdentifier>//apple_ref/c/econst/AWSEC2NetworkInterfaceAttributeDescription</TokenIdentifier>
            <Abstract type="html"></Abstract>
            <Declaration>AWSEC2NetworkInterfaceAttributeDescription</Declaration>
            
            <DeclaredIn>AWSEC2Model.h</DeclaredIn>
            
            <NodeRef refid="1187"/>
        </Token>
        
        <Token>
            <TokenIdentifier>//apple_ref/c/econst/AWSEC2NetworkInterfaceAttributeGroupSet</TokenIdentifier>
            <Abstract type="html"></Abstract>
            <Declaration>AWSEC2NetworkInterfaceAttributeGroupSet</Declaration>
            
            <DeclaredIn>AWSEC2Model.h</DeclaredIn>
            
            <NodeRef refid="1187"/>
        </Token>
        
        <Token>
            <TokenIdentifier>//apple_ref/c/econst/AWSEC2NetworkInterfaceAttributeSourceDestCheck</TokenIdentifier>
            <Abstract type="html"></Abstract>
            <Declaration>AWSEC2NetworkInterfaceAttributeSourceDestCheck</Declaration>
            
            <DeclaredIn>AWSEC2Model.h</DeclaredIn>
            
            <NodeRef refid="1187"/>
        </Token>
        
        <Token>
            <TokenIdentifier>//apple_ref/c/econst/AWSEC2NetworkInterfaceAttributeAttachment</TokenIdentifier>
            <Abstract type="html"></Abstract>
            <Declaration>AWSEC2NetworkInterfaceAttributeAttachment</Declaration>
            
            <DeclaredIn>AWSEC2Model.h</DeclaredIn>
            
            <NodeRef refid="1187"/>
        </Token>
        
        
	</File>
</Tokens>