<?xml version="1.0" encoding="UTF-8"?>
<Tokens version="1.0">
	<File path="Classes/AWSAutoScalingPolicyARNType.html">
		
		<Token>
			<TokenIdentifier>//apple_ref/occ/cl/AWSAutoScalingPolicyARNType</TokenIdentifier>
			<Abstract type="html">&lt;p&gt; The &lt;code&gt;PolicyARNType&lt;/code&gt; data type. &lt;/p&gt;</Abstract>
			<DeclaredIn>AWSAutoScalingModel.h</DeclaredIn>
            
			
			<NodeRef refid="67"/>
		</Token>
		
		
		<Token>
			<TokenIdentifier>//apple_ref/occ/instm/AWSAutoScalingPolicyARNType/setPolicyARN:</TokenIdentifier>
			<Abstract type="html">&lt;p&gt; A policy&apos;s Amazon Resource Name (ARN). &lt;/p&gt;</Abstract>
			<DeclaredIn>AWSAutoScalingModel.h</DeclaredIn>
			
			<Declaration>@property (nonatomic, strong) NSString *policyARN</Declaration>
			
			
			<Anchor>//api/name/policyARN</Anchor>
            <NodeRef refid="67"/>
		</Token>
		
		<Token>
			<TokenIdentifier>//apple_ref/occ/instm/AWSAutoScalingPolicyARNType/policyARN</TokenIdentifier>
			<Abstract type="html">&lt;p&gt; A policy&apos;s Amazon Resource Name (ARN). &lt;/p&gt;</Abstract>
			<DeclaredIn>AWSAutoScalingModel.h</DeclaredIn>
			
			<Declaration>@property (nonatomic, strong) NSString *policyARN</Declaration>
			
			
			<Anchor>//api/name/policyARN</Anchor>
            <NodeRef refid="67"/>
		</Token>
		
		<Token>
			<TokenIdentifier>//apple_ref/occ/instp/AWSAutoScalingPolicyARNType/policyARN</TokenIdentifier>
			<Abstract type="html">&lt;p&gt; A policy&apos;s Amazon Resource Name (ARN). &lt;/p&gt;</Abstract>
			<DeclaredIn>AWSAutoScalingModel.h</DeclaredIn>
			
			<Declaration>@property (nonatomic, strong) NSString *policyARN</Declaration>
			
			
			<Anchor>//api/name/policyARN</Anchor>
            <NodeRef refid="67"/>
		</Token>
		
        
        
	</File>
</Tokens>