<?xml version="1.0" encoding="UTF-8"?>
<Tokens version="1.0">
	<File path="Classes/AWSEC2DiskImageVolumeDescription.html">
		
		<Token>
			<TokenIdentifier>//apple_ref/occ/cl/AWSEC2DiskImageVolumeDescription</TokenIdentifier>
			<Abstract type="html"></Abstract>
			<DeclaredIn>AWSEC2Model.h</DeclaredIn>
            
			
			<NodeRef refid="469"/>
		</Token>
		
		
		<Token>
			<TokenIdentifier>//apple_ref/occ/instm/AWSEC2DiskImageVolumeDescription/setIdentifier:</TokenIdentifier>
			<Abstract type="html">&lt;p&gt;The volume identifier.&lt;/p&gt;</Abstract>
			<DeclaredIn>AWSEC2Model.h</DeclaredIn>
			
			<Declaration>@property (nonatomic, strong) NSString *identifier</Declaration>
			
			
			<Anchor>//api/name/identifier</Anchor>
            <NodeRef refid="469"/>
		</Token>
		
		<Token>
			<TokenIdentifier>//apple_ref/occ/instm/AWSEC2DiskImageVolumeDescription/identifier</TokenIdentifier>
			<Abstract type="html">&lt;p&gt;The volume identifier.&lt;/p&gt;</Abstract>
			<DeclaredIn>AWSEC2Model.h</DeclaredIn>
			
			<Declaration>@property (nonatomic, strong) NSString *identifier</Declaration>
			
			
			<Anchor>//api/name/identifier</Anchor>
            <NodeRef refid="469"/>
		</Token>
		
		<Token>
			<TokenIdentifier>//apple_ref/occ/instp/AWSEC2DiskImageVolumeDescription/identifier</TokenIdentifier>
			<Abstract type="html">&lt;p&gt;The volume identifier.&lt;/p&gt;</Abstract>
			<DeclaredIn>AWSEC2Model.h</DeclaredIn>
			
			<Declaration>@property (nonatomic, strong) NSString *identifier</Declaration>
			
			
			<Anchor>//api/name/identifier</Anchor>
            <NodeRef refid="469"/>
		</Token>
		
		<Token>
			<TokenIdentifier>//apple_ref/occ/instm/AWSEC2DiskImageVolumeDescription/setSize:</TokenIdentifier>
			<Abstract type="html">&lt;p&gt;The size of the volume.&lt;/p&gt;</Abstract>
			<DeclaredIn>AWSEC2Model.h</DeclaredIn>
			
			<Declaration>@property (nonatomic, strong) NSNumber *size</Declaration>
			
			
			<Anchor>//api/name/size</Anchor>
            <NodeRef refid="469"/>
		</Token>
		
		<Token>
			<TokenIdentifier>//apple_ref/occ/instm/AWSEC2DiskImageVolumeDescription/size</TokenIdentifier>
			<Abstract type="html">&lt;p&gt;The size of the volume.&lt;/p&gt;</Abstract>
			<DeclaredIn>AWSEC2Model.h</DeclaredIn>
			
			<Declaration>@property (nonatomic, strong) NSNumber *size</Declaration>
			
			
			<Anchor>//api/name/size</Anchor>
            <NodeRef refid="469"/>
		</Token>
		
		<Token>
			<TokenIdentifier>//apple_ref/occ/instp/AWSEC2DiskImageVolumeDescription/size</TokenIdentifier>
			<Abstract type="html">&lt;p&gt;The size of the volume.&lt;/p&gt;</Abstract>
			<DeclaredIn>AWSEC2Model.h</DeclaredIn>
			
			<Declaration>@property (nonatomic, strong) NSNumber *size</Declaration>
			
			
			<Anchor>//api/name/size</Anchor>
            <NodeRef refid="469"/>
		</Token>
		
        
        
	</File>
</Tokens>