<?xml version="1.0" encoding="UTF-8"?>
<Tokens version="1.0">
	<File path="Classes/AWSDynamoDBItemCollectionMetrics.html">
		
		<Token>
			<TokenIdentifier>//apple_ref/occ/cl/AWSDynamoDBItemCollectionMetrics</TokenIdentifier>
			<Abstract type="html">&lt;p&gt;Information about item collections, if any, that were affected by the operation. &lt;i&gt;ItemCollectionMetrics&lt;/i&gt; is only returned if the request asked for it. If the table does not have any local secondary indexes, this information is not returned in the response.&lt;/p&gt;</Abstract>
			<DeclaredIn>AWSDynamoDBModel.h</DeclaredIn>
            
			
			<NodeRef refid="224"/>
		</Token>
		
		
		<Token>
			<TokenIdentifier>//apple_ref/occ/instm/AWSDynamoDBItemCollectionMetrics/setItemCollectionKey:</TokenIdentifier>
			<Abstract type="html">&lt;p&gt;The hash key value of the item collection. This value is the same as the hash key of the item.&lt;/p&gt;</Abstract>
			<DeclaredIn>AWSDynamoDBModel.h</DeclaredIn>
			
			<Declaration>@property (nonatomic, strong) NSDictionary *itemCollectionKey</Declaration>
			
			
			<Anchor>//api/name/itemCollectionKey</Anchor>
            <NodeRef refid="224"/>
		</Token>
		
		<Token>
			<TokenIdentifier>//apple_ref/occ/instm/AWSDynamoDBItemCollectionMetrics/itemCollectionKey</TokenIdentifier>
			<Abstract type="html">&lt;p&gt;The hash key value of the item collection. This value is the same as the hash key of the item.&lt;/p&gt;</Abstract>
			<DeclaredIn>AWSDynamoDBModel.h</DeclaredIn>
			
			<Declaration>@property (nonatomic, strong) NSDictionary *itemCollectionKey</Declaration>
			
			
			<Anchor>//api/name/itemCollectionKey</Anchor>
            <NodeRef refid="224"/>
		</Token>
		
		<Token>
			<TokenIdentifier>//apple_ref/occ/instp/AWSDynamoDBItemCollectionMetrics/itemCollectionKey</TokenIdentifier>
			<Abstract type="html">&lt;p&gt;The hash key value of the item collection. This value is the same as the hash key of the item.&lt;/p&gt;</Abstract>
			<DeclaredIn>AWSDynamoDBModel.h</DeclaredIn>
			
			<Declaration>@property (nonatomic, strong) NSDictionary *itemCollectionKey</Declaration>
			
			
			<Anchor>//api/name/itemCollectionKey</Anchor>
            <NodeRef refid="224"/>
		</Token>
		
		<Token>
			<TokenIdentifier>//apple_ref/occ/instm/AWSDynamoDBItemCollectionMetrics/setSizeEstimateRangeGB:</TokenIdentifier>
			<Abstract type="html">&lt;p&gt;An estimate of item collection size, in gigabytes. This value is a two-element array containing a lower bound and an upper bound for the estimate. The estimate includes the size of all the items in the table, plus the size of all attributes projected into all of the local secondary indexes on that table. Use this estimate to measure whether a local secondary index is approaching its size limit.&lt;/p&gt;&lt;p&gt;The estimate is subject to change over time; therefore, do not rely on the precision or accuracy of the estimate.&lt;/p&gt;</Abstract>
			<DeclaredIn>AWSDynamoDBModel.h</DeclaredIn>
			
			<Declaration>@property (nonatomic, strong) NSArray *sizeEstimateRangeGB</Declaration>
			
			
			<Anchor>//api/name/sizeEstimateRangeGB</Anchor>
            <NodeRef refid="224"/>
		</Token>
		
		<Token>
			<TokenIdentifier>//apple_ref/occ/instm/AWSDynamoDBItemCollectionMetrics/sizeEstimateRangeGB</TokenIdentifier>
			<Abstract type="html">&lt;p&gt;An estimate of item collection size, in gigabytes. This value is a two-element array containing a lower bound and an upper bound for the estimate. The estimate includes the size of all the items in the table, plus the size of all attributes projected into all of the local secondary indexes on that table. Use this estimate to measure whether a local secondary index is approaching its size limit.&lt;/p&gt;&lt;p&gt;The estimate is subject to change over time; therefore, do not rely on the precision or accuracy of the estimate.&lt;/p&gt;</Abstract>
			<DeclaredIn>AWSDynamoDBModel.h</DeclaredIn>
			
			<Declaration>@property (nonatomic, strong) NSArray *sizeEstimateRangeGB</Declaration>
			
			
			<Anchor>//api/name/sizeEstimateRangeGB</Anchor>
            <NodeRef refid="224"/>
		</Token>
		
		<Token>
			<TokenIdentifier>//apple_ref/occ/instp/AWSDynamoDBItemCollectionMetrics/sizeEstimateRangeGB</TokenIdentifier>
			<Abstract type="html">&lt;p&gt;An estimate of item collection size, in gigabytes. This value is a two-element array containing a lower bound and an upper bound for the estimate. The estimate includes the size of all the items in the table, plus the size of all attributes projected into all of the local secondary indexes on that table. Use this estimate to measure whether a local secondary index is approaching its size limit.&lt;/p&gt;&lt;p&gt;The estimate is subject to change over time; therefore, do not rely on the precision or accuracy of the estimate.&lt;/p&gt;</Abstract>
			<DeclaredIn>AWSDynamoDBModel.h</DeclaredIn>
			
			<Declaration>@property (nonatomic, strong) NSArray *sizeEstimateRangeGB</Declaration>
			
			
			<Anchor>//api/name/sizeEstimateRangeGB</Anchor>
            <NodeRef refid="224"/>
		</Token>
		
        
        
	</File>
</Tokens>