<?xml version="1.0" encoding="UTF-8"?>
<Tokens version="1.0">
	<File path="Classes/AWSEC2ConversionTask.html">
		
		<Token>
			<TokenIdentifier>//apple_ref/occ/cl/AWSEC2ConversionTask</TokenIdentifier>
			<Abstract type="html">&lt;p&gt;Describes a conversion task.&lt;/p&gt;
Required parameters: [ConversionTaskId, State]</Abstract>
			<DeclaredIn>AWSEC2Model.h</DeclaredIn>
            
			
			<NodeRef refid="302"/>
		</Token>
		
		
		<Token>
			<TokenIdentifier>//apple_ref/occ/instm/AWSEC2ConversionTask/setConversionTaskId:</TokenIdentifier>
			<Abstract type="html">&lt;p&gt;The ID of the conversion task.&lt;/p&gt;</Abstract>
			<DeclaredIn>AWSEC2Model.h</DeclaredIn>
			
			<Declaration>@property (nonatomic, strong) NSString *conversionTaskId</Declaration>
			
			
			<Anchor>//api/name/conversionTaskId</Anchor>
            <NodeRef refid="302"/>
		</Token>
		
		<Token>
			<TokenIdentifier>//apple_ref/occ/instm/AWSEC2ConversionTask/conversionTaskId</TokenIdentifier>
			<Abstract type="html">&lt;p&gt;The ID of the conversion task.&lt;/p&gt;</Abstract>
			<DeclaredIn>AWSEC2Model.h</DeclaredIn>
			
			<Declaration>@property (nonatomic, strong) NSString *conversionTaskId</Declaration>
			
			
			<Anchor>//api/name/conversionTaskId</Anchor>
            <NodeRef refid="302"/>
		</Token>
		
		<Token>
			<TokenIdentifier>//apple_ref/occ/instp/AWSEC2ConversionTask/conversionTaskId</TokenIdentifier>
			<Abstract type="html">&lt;p&gt;The ID of the conversion task.&lt;/p&gt;</Abstract>
			<DeclaredIn>AWSEC2Model.h</DeclaredIn>
			
			<Declaration>@property (nonatomic, strong) NSString *conversionTaskId</Declaration>
			
			
			<Anchor>//api/name/conversionTaskId</Anchor>
            <NodeRef refid="302"/>
		</Token>
		
		<Token>
			<TokenIdentifier>//apple_ref/occ/instm/AWSEC2ConversionTask/setExpirationTime:</TokenIdentifier>
			<Abstract type="html">&lt;p&gt;The time when the task expires. If the upload isn&apos;t complete before the expiration time, we automatically cancel the task.&lt;/p&gt;</Abstract>
			<DeclaredIn>AWSEC2Model.h</DeclaredIn>
			
			<Declaration>@property (nonatomic, strong) NSString *expirationTime</Declaration>
			
			
			<Anchor>//api/name/expirationTime</Anchor>
            <NodeRef refid="302"/>
		</Token>
		
		<Token>
			<TokenIdentifier>//apple_ref/occ/instm/AWSEC2ConversionTask/expirationTime</TokenIdentifier>
			<Abstract type="html">&lt;p&gt;The time when the task expires. If the upload isn&apos;t complete before the expiration time, we automatically cancel the task.&lt;/p&gt;</Abstract>
			<DeclaredIn>AWSEC2Model.h</DeclaredIn>
			
			<Declaration>@property (nonatomic, strong) NSString *expirationTime</Declaration>
			
			
			<Anchor>//api/name/expirationTime</Anchor>
            <NodeRef refid="302"/>
		</Token>
		
		<Token>
			<TokenIdentifier>//apple_ref/occ/instp/AWSEC2ConversionTask/expirationTime</TokenIdentifier>
			<Abstract type="html">&lt;p&gt;The time when the task expires. If the upload isn&apos;t complete before the expiration time, we automatically cancel the task.&lt;/p&gt;</Abstract>
			<DeclaredIn>AWSEC2Model.h</DeclaredIn>
			
			<Declaration>@property (nonatomic, strong) NSString *expirationTime</Declaration>
			
			
			<Anchor>//api/name/expirationTime</Anchor>
            <NodeRef refid="302"/>
		</Token>
		
		<Token>
			<TokenIdentifier>//apple_ref/occ/instm/AWSEC2ConversionTask/setImportInstance:</TokenIdentifier>
			<Abstract type="html">&lt;p&gt;If the task is for importing an instance, this contains information about the import instance task.&lt;/p&gt;</Abstract>
			<DeclaredIn>AWSEC2Model.h</DeclaredIn>
			
			<Declaration>@property (nonatomic, strong) AWSEC2ImportInstanceTaskDetails *importInstance</Declaration>
			
			
			<Anchor>//api/name/importInstance</Anchor>
            <NodeRef refid="302"/>
		</Token>
		
		<Token>
			<TokenIdentifier>//apple_ref/occ/instm/AWSEC2ConversionTask/importInstance</TokenIdentifier>
			<Abstract type="html">&lt;p&gt;If the task is for importing an instance, this contains information about the import instance task.&lt;/p&gt;</Abstract>
			<DeclaredIn>AWSEC2Model.h</DeclaredIn>
			
			<Declaration>@property (nonatomic, strong) AWSEC2ImportInstanceTaskDetails *importInstance</Declaration>
			
			
			<Anchor>//api/name/importInstance</Anchor>
            <NodeRef refid="302"/>
		</Token>
		
		<Token>
			<TokenIdentifier>//apple_ref/occ/instp/AWSEC2ConversionTask/importInstance</TokenIdentifier>
			<Abstract type="html">&lt;p&gt;If the task is for importing an instance, this contains information about the import instance task.&lt;/p&gt;</Abstract>
			<DeclaredIn>AWSEC2Model.h</DeclaredIn>
			
			<Declaration>@property (nonatomic, strong) AWSEC2ImportInstanceTaskDetails *importInstance</Declaration>
			
			
			<Anchor>//api/name/importInstance</Anchor>
            <NodeRef refid="302"/>
		</Token>
		
		<Token>
			<TokenIdentifier>//apple_ref/occ/instm/AWSEC2ConversionTask/setImportVolume:</TokenIdentifier>
			<Abstract type="html">&lt;p&gt;If the task is for importing a volume, this contains information about the import volume task.&lt;/p&gt;</Abstract>
			<DeclaredIn>AWSEC2Model.h</DeclaredIn>
			
			<Declaration>@property (nonatomic, strong) AWSEC2ImportVolumeTaskDetails *importVolume</Declaration>
			
			
			<Anchor>//api/name/importVolume</Anchor>
            <NodeRef refid="302"/>
		</Token>
		
		<Token>
			<TokenIdentifier>//apple_ref/occ/instm/AWSEC2ConversionTask/importVolume</TokenIdentifier>
			<Abstract type="html">&lt;p&gt;If the task is for importing a volume, this contains information about the import volume task.&lt;/p&gt;</Abstract>
			<DeclaredIn>AWSEC2Model.h</DeclaredIn>
			
			<Declaration>@property (nonatomic, strong) AWSEC2ImportVolumeTaskDetails *importVolume</Declaration>
			
			
			<Anchor>//api/name/importVolume</Anchor>
            <NodeRef refid="302"/>
		</Token>
		
		<Token>
			<TokenIdentifier>//apple_ref/occ/instp/AWSEC2ConversionTask/importVolume</TokenIdentifier>
			<Abstract type="html">&lt;p&gt;If the task is for importing a volume, this contains information about the import volume task.&lt;/p&gt;</Abstract>
			<DeclaredIn>AWSEC2Model.h</DeclaredIn>
			
			<Declaration>@property (nonatomic, strong) AWSEC2ImportVolumeTaskDetails *importVolume</Declaration>
			
			
			<Anchor>//api/name/importVolume</Anchor>
            <NodeRef refid="302"/>
		</Token>
		
		<Token>
			<TokenIdentifier>//apple_ref/occ/instm/AWSEC2ConversionTask/setState:</TokenIdentifier>
			<Abstract type="html">&lt;p&gt;The state of the conversion task.&lt;/p&gt;</Abstract>
			<DeclaredIn>AWSEC2Model.h</DeclaredIn>
			
			<Declaration>@property (nonatomic, assign) AWSEC2ConversionTaskState state</Declaration>
			
			
			<Anchor>//api/name/state</Anchor>
            <NodeRef refid="302"/>
		</Token>
		
		<Token>
			<TokenIdentifier>//apple_ref/occ/instm/AWSEC2ConversionTask/state</TokenIdentifier>
			<Abstract type="html">&lt;p&gt;The state of the conversion task.&lt;/p&gt;</Abstract>
			<DeclaredIn>AWSEC2Model.h</DeclaredIn>
			
			<Declaration>@property (nonatomic, assign) AWSEC2ConversionTaskState state</Declaration>
			
			
			<Anchor>//api/name/state</Anchor>
            <NodeRef refid="302"/>
		</Token>
		
		<Token>
			<TokenIdentifier>//apple_ref/occ/instp/AWSEC2ConversionTask/state</TokenIdentifier>
			<Abstract type="html">&lt;p&gt;The state of the conversion task.&lt;/p&gt;</Abstract>
			<DeclaredIn>AWSEC2Model.h</DeclaredIn>
			
			<Declaration>@property (nonatomic, assign) AWSEC2ConversionTaskState state</Declaration>
			
			
			<Anchor>//api/name/state</Anchor>
            <NodeRef refid="302"/>
		</Token>
		
		<Token>
			<TokenIdentifier>//apple_ref/occ/instm/AWSEC2ConversionTask/setStatusMessage:</TokenIdentifier>
			<Abstract type="html">&lt;p&gt;The status message related to the conversion task.&lt;/p&gt;</Abstract>
			<DeclaredIn>AWSEC2Model.h</DeclaredIn>
			
			<Declaration>@property (nonatomic, strong) NSString *statusMessage</Declaration>
			
			
			<Anchor>//api/name/statusMessage</Anchor>
            <NodeRef refid="302"/>
		</Token>
		
		<Token>
			<TokenIdentifier>//apple_ref/occ/instm/AWSEC2ConversionTask/statusMessage</TokenIdentifier>
			<Abstract type="html">&lt;p&gt;The status message related to the conversion task.&lt;/p&gt;</Abstract>
			<DeclaredIn>AWSEC2Model.h</DeclaredIn>
			
			<Declaration>@property (nonatomic, strong) NSString *statusMessage</Declaration>
			
			
			<Anchor>//api/name/statusMessage</Anchor>
            <NodeRef refid="302"/>
		</Token>
		
		<Token>
			<TokenIdentifier>//apple_ref/occ/instp/AWSEC2ConversionTask/statusMessage</TokenIdentifier>
			<Abstract type="html">&lt;p&gt;The status message related to the conversion task.&lt;/p&gt;</Abstract>
			<DeclaredIn>AWSEC2Model.h</DeclaredIn>
			
			<Declaration>@property (nonatomic, strong) NSString *statusMessage</Declaration>
			
			
			<Anchor>//api/name/statusMessage</Anchor>
            <NodeRef refid="302"/>
		</Token>
		
		<Token>
			<TokenIdentifier>//apple_ref/occ/instm/AWSEC2ConversionTask/setTags:</TokenIdentifier>
			<Abstract type="html"></Abstract>
			<DeclaredIn>AWSEC2Model.h</DeclaredIn>
			
			<Declaration>@property (nonatomic, strong) NSArray *tags</Declaration>
			
			
			<Anchor>//api/name/tags</Anchor>
            <NodeRef refid="302"/>
		</Token>
		
		<Token>
			<TokenIdentifier>//apple_ref/occ/instm/AWSEC2ConversionTask/tags</TokenIdentifier>
			<Abstract type="html"></Abstract>
			<DeclaredIn>AWSEC2Model.h</DeclaredIn>
			
			<Declaration>@property (nonatomic, strong) NSArray *tags</Declaration>
			
			
			<Anchor>//api/name/tags</Anchor>
            <NodeRef refid="302"/>
		</Token>
		
		<Token>
			<TokenIdentifier>//apple_ref/occ/instp/AWSEC2ConversionTask/tags</TokenIdentifier>
			<Abstract type="html"></Abstract>
			<DeclaredIn>AWSEC2Model.h</DeclaredIn>
			
			<Declaration>@property (nonatomic, strong) NSArray *tags</Declaration>
			
			
			<Anchor>//api/name/tags</Anchor>
            <NodeRef refid="302"/>
		</Token>
		
        
        
	</File>
</Tokens>