<?xml version="1.0" encoding="UTF-8"?>
<Tokens version="1.0">
	<File path="Classes/AWSEC2DescribeVpcClassicLinkResult.html">
		
		<Token>
			<TokenIdentifier>//apple_ref/occ/cl/AWSEC2DescribeVpcClassicLinkResult</TokenIdentifier>
			<Abstract type="html"></Abstract>
			<DeclaredIn>AWSEC2Model.h</DeclaredIn>
            
			
			<NodeRef refid="444"/>
		</Token>
		
		
		<Token>
			<TokenIdentifier>//apple_ref/occ/instm/AWSEC2DescribeVpcClassicLinkResult/setVpcs:</TokenIdentifier>
			<Abstract type="html"></Abstract>
			<DeclaredIn>AWSEC2Model.h</DeclaredIn>
			
			<Declaration>@property (nonatomic, strong) NSArray *vpcs</Declaration>
			
			
			<Anchor>//api/name/vpcs</Anchor>
            <NodeRef refid="444"/>
		</Token>
		
		<Token>
			<TokenIdentifier>//apple_ref/occ/instm/AWSEC2DescribeVpcClassicLinkResult/vpcs</TokenIdentifier>
			<Abstract type="html"></Abstract>
			<DeclaredIn>AWSEC2Model.h</DeclaredIn>
			
			<Declaration>@property (nonatomic, strong) NSArray *vpcs</Declaration>
			
			
			<Anchor>//api/name/vpcs</Anchor>
            <NodeRef refid="444"/>
		</Token>
		
		<Token>
			<TokenIdentifier>//apple_ref/occ/instp/AWSEC2DescribeVpcClassicLinkResult/vpcs</TokenIdentifier>
			<Abstract type="html"></Abstract>
			<DeclaredIn>AWSEC2Model.h</DeclaredIn>
			
			<Declaration>@property (nonatomic, strong) NSArray *vpcs</Declaration>
			
			
			<Anchor>//api/name/vpcs</Anchor>
            <NodeRef refid="444"/>
		</Token>
		
        
        
	</File>
</Tokens>