<?xml version="1.0" encoding="UTF-8"?>
<Tokens version="1.0">
	<File path="Classes/AWSSNSGetSubscriptionAttributesInput.html">
		
		<Token>
			<TokenIdentifier>//apple_ref/occ/cl/AWSSNSGetSubscriptionAttributesInput</TokenIdentifier>
			<Abstract type="html">&lt;p&gt;Input for GetSubscriptionAttributes.&lt;/p&gt;
Required parameters: [SubscriptionArn]</Abstract>
			<DeclaredIn>AWSSNSModel.h</DeclaredIn>
            
			
			<NodeRef refid="1005"/>
		</Token>
		
		
		<Token>
			<TokenIdentifier>//apple_ref/occ/instm/AWSSNSGetSubscriptionAttributesInput/setSubscriptionArn:</TokenIdentifier>
			<Abstract type="html">&lt;p&gt;The ARN of the subscription whose properties you want to get.&lt;/p&gt;</Abstract>
			<DeclaredIn>AWSSNSModel.h</DeclaredIn>
			
			<Declaration>@property (nonatomic, strong) NSString *subscriptionArn</Declaration>
			
			
			<Anchor>//api/name/subscriptionArn</Anchor>
            <NodeRef refid="1005"/>
		</Token>
		
		<Token>
			<TokenIdentifier>//apple_ref/occ/instm/AWSSNSGetSubscriptionAttributesInput/subscriptionArn</TokenIdentifier>
			<Abstract type="html">&lt;p&gt;The ARN of the subscription whose properties you want to get.&lt;/p&gt;</Abstract>
			<DeclaredIn>AWSSNSModel.h</DeclaredIn>
			
			<Declaration>@property (nonatomic, strong) NSString *subscriptionArn</Declaration>
			
			
			<Anchor>//api/name/subscriptionArn</Anchor>
            <NodeRef refid="1005"/>
		</Token>
		
		<Token>
			<TokenIdentifier>//apple_ref/occ/instp/AWSSNSGetSubscriptionAttributesInput/subscriptionArn</TokenIdentifier>
			<Abstract type="html">&lt;p&gt;The ARN of the subscription whose properties you want to get.&lt;/p&gt;</Abstract>
			<DeclaredIn>AWSSNSModel.h</DeclaredIn>
			
			<Declaration>@property (nonatomic, strong) NSString *subscriptionArn</Declaration>
			
			
			<Anchor>//api/name/subscriptionArn</Anchor>
            <NodeRef refid="1005"/>
		</Token>
		
        
        
	</File>
</Tokens>