<?xml version="1.0" encoding="UTF-8"?>
<Tokens version="1.0">
	<File path="Classes/AWSEC2ImportInstanceResult.html">
		
		<Token>
			<TokenIdentifier>//apple_ref/occ/cl/AWSEC2ImportInstanceResult</TokenIdentifier>
			<Abstract type="html"></Abstract>
			<DeclaredIn>AWSEC2Model.h</DeclaredIn>
            
			
			<NodeRef refid="493"/>
		</Token>
		
		
		<Token>
			<TokenIdentifier>//apple_ref/occ/instm/AWSEC2ImportInstanceResult/setConversionTask:</TokenIdentifier>
			<Abstract type="html">&lt;p&gt;Describes a conversion task.&lt;/p&gt;</Abstract>
			<DeclaredIn>AWSEC2Model.h</DeclaredIn>
			
			<Declaration>@property (nonatomic, strong) AWSEC2ConversionTask *conversionTask</Declaration>
			
			
			<Anchor>//api/name/conversionTask</Anchor>
            <NodeRef refid="493"/>
		</Token>
		
		<Token>
			<TokenIdentifier>//apple_ref/occ/instm/AWSEC2ImportInstanceResult/conversionTask</TokenIdentifier>
			<Abstract type="html">&lt;p&gt;Describes a conversion task.&lt;/p&gt;</Abstract>
			<DeclaredIn>AWSEC2Model.h</DeclaredIn>
			
			<Declaration>@property (nonatomic, strong) AWSEC2ConversionTask *conversionTask</Declaration>
			
			
			<Anchor>//api/name/conversionTask</Anchor>
            <NodeRef refid="493"/>
		</Token>
		
		<Token>
			<TokenIdentifier>//apple_ref/occ/instp/AWSEC2ImportInstanceResult/conversionTask</TokenIdentifier>
			<Abstract type="html">&lt;p&gt;Describes a conversion task.&lt;/p&gt;</Abstract>
			<DeclaredIn>AWSEC2Model.h</DeclaredIn>
			
			<Declaration>@property (nonatomic, strong) AWSEC2ConversionTask *conversionTask</Declaration>
			
			
			<Anchor>//api/name/conversionTask</Anchor>
            <NodeRef refid="493"/>
		</Token>
		
        
        
	</File>
</Tokens>