<?xml version="1.0" encoding="UTF-8"?>
<Tokens version="1.0">
	<File path="Constants/AWSCloudWatchHistoryItemType.html">
		
		<Token>
			<TokenIdentifier>//apple_ref/c/tdef/AWSCloudWatchHistoryItemType</TokenIdentifier>
			<Abstract type="html"></Abstract>
			<DeclaredIn>AWSCloudWatchModel.h</DeclaredIn>
            
			
			<NodeRef refid="1128"/>
		</Token>
		
		
        
        <Token>
            <TokenIdentifier>//apple_ref/c/econst/AWSCloudWatchHistoryItemTypeUnknown</TokenIdentifier>
            <Abstract type="html"></Abstract>
            <Declaration>AWSCloudWatchHistoryItemTypeUnknown</Declaration>
            
            <DeclaredIn>AWSCloudWatchModel.h</DeclaredIn>
            
            <NodeRef refid="1128"/>
        </Token>
        
        <Token>
            <TokenIdentifier>//apple_ref/c/econst/AWSCloudWatchHistoryItemTypeConfigurationUpdate</TokenIdentifier>
            <Abstract type="html"></Abstract>
            <Declaration>AWSCloudWatchHistoryItemTypeConfigurationUpdate</Declaration>
            
            <DeclaredIn>AWSCloudWatchModel.h</DeclaredIn>
            
            <NodeRef refid="1128"/>
        </Token>
        
        <Token>
            <TokenIdentifier>//apple_ref/c/econst/AWSCloudWatchHistoryItemTypeStateUpdate</TokenIdentifier>
            <Abstract type="html"></Abstract>
            <Declaration>AWSCloudWatchHistoryItemTypeStateUpdate</Declaration>
            
            <DeclaredIn>AWSCloudWatchModel.h</DeclaredIn>
            
            <NodeRef refid="1128"/>
        </Token>
        
        <Token>
            <TokenIdentifier>//apple_ref/c/econst/AWSCloudWatchHistoryItemTypeAction</TokenIdentifier>
            <Abstract type="html"></Abstract>
            <Declaration>AWSCloudWatchHistoryItemTypeAction</Declaration>
            
            <DeclaredIn>AWSCloudWatchModel.h</DeclaredIn>
            
            <NodeRef refid="1128"/>
        </Token>
        
        
	</File>
</Tokens>