<?xml version="1.0" encoding="UTF-8"?>
<Tokens version="1.0">
	<File path="Classes/AWSAutoScalingDescribeAutoScalingNotificationTypesAnswer.html">
		
		<Token>
			<TokenIdentifier>//apple_ref/occ/cl/AWSAutoScalingDescribeAutoScalingNotificationTypesAnswer</TokenIdentifier>
			<Abstract type="html">&lt;p&gt;The &lt;code&gt;AutoScalingNotificationTypes&lt;/code&gt; data type.&lt;/p&gt;</Abstract>
			<DeclaredIn>AWSAutoScalingModel.h</DeclaredIn>
            
			
			<NodeRef refid="32"/>
		</Token>
		
		
		<Token>
			<TokenIdentifier>//apple_ref/occ/instm/AWSAutoScalingDescribeAutoScalingNotificationTypesAnswer/setAutoScalingNotificationTypes:</TokenIdentifier>
			<Abstract type="html">&lt;p&gt;Returns a list of all notification types supported by Auto Scaling. They are:&lt;/p&gt;&lt;ul&gt;&lt;li&gt;&lt;p&gt;&lt;code&gt;autoscaling:EC2INSTANCELAUNCH&lt;/code&gt;&lt;/p&gt;&lt;/li&gt;&lt;li&gt;&lt;p&gt;&lt;code&gt;autoscaling:EC2INSTANCELAUNCHERROR&lt;/code&gt;&lt;/p&gt;&lt;/li&gt;&lt;li&gt;&lt;p&gt;&lt;code&gt;autoscaling:EC2INSTANCETERMINATE&lt;/code&gt;&lt;/p&gt;&lt;/li&gt;&lt;li&gt;&lt;p&gt;&lt;code&gt;autoscaling:EC2INSTANCETERMINATEERROR&lt;/code&gt;&lt;/p&gt;&lt;/li&gt;&lt;li&gt;&lt;p&gt;&lt;code&gt;autoscaling:TEST_NOTIFICATION&lt;/code&gt;&lt;/p&gt;&lt;/li&gt;&lt;/ul&gt;</Abstract>
			<DeclaredIn>AWSAutoScalingModel.h</DeclaredIn>
			
			<Declaration>@property (nonatomic, strong) NSArray *autoScalingNotificationTypes</Declaration>
			
			
			<Anchor>//api/name/autoScalingNotificationTypes</Anchor>
            <NodeRef refid="32"/>
		</Token>
		
		<Token>
			<TokenIdentifier>//apple_ref/occ/instm/AWSAutoScalingDescribeAutoScalingNotificationTypesAnswer/autoScalingNotificationTypes</TokenIdentifier>
			<Abstract type="html">&lt;p&gt;Returns a list of all notification types supported by Auto Scaling. They are:&lt;/p&gt;&lt;ul&gt;&lt;li&gt;&lt;p&gt;&lt;code&gt;autoscaling:EC2INSTANCELAUNCH&lt;/code&gt;&lt;/p&gt;&lt;/li&gt;&lt;li&gt;&lt;p&gt;&lt;code&gt;autoscaling:EC2INSTANCELAUNCHERROR&lt;/code&gt;&lt;/p&gt;&lt;/li&gt;&lt;li&gt;&lt;p&gt;&lt;code&gt;autoscaling:EC2INSTANCETERMINATE&lt;/code&gt;&lt;/p&gt;&lt;/li&gt;&lt;li&gt;&lt;p&gt;&lt;code&gt;autoscaling:EC2INSTANCETERMINATEERROR&lt;/code&gt;&lt;/p&gt;&lt;/li&gt;&lt;li&gt;&lt;p&gt;&lt;code&gt;autoscaling:TEST_NOTIFICATION&lt;/code&gt;&lt;/p&gt;&lt;/li&gt;&lt;/ul&gt;</Abstract>
			<DeclaredIn>AWSAutoScalingModel.h</DeclaredIn>
			
			<Declaration>@property (nonatomic, strong) NSArray *autoScalingNotificationTypes</Declaration>
			
			
			<Anchor>//api/name/autoScalingNotificationTypes</Anchor>
            <NodeRef refid="32"/>
		</Token>
		
		<Token>
			<TokenIdentifier>//apple_ref/occ/instp/AWSAutoScalingDescribeAutoScalingNotificationTypesAnswer/autoScalingNotificationTypes</TokenIdentifier>
			<Abstract type="html">&lt;p&gt;Returns a list of all notification types supported by Auto Scaling. They are:&lt;/p&gt;&lt;ul&gt;&lt;li&gt;&lt;p&gt;&lt;code&gt;autoscaling:EC2INSTANCELAUNCH&lt;/code&gt;&lt;/p&gt;&lt;/li&gt;&lt;li&gt;&lt;p&gt;&lt;code&gt;autoscaling:EC2INSTANCELAUNCHERROR&lt;/code&gt;&lt;/p&gt;&lt;/li&gt;&lt;li&gt;&lt;p&gt;&lt;code&gt;autoscaling:EC2INSTANCETERMINATE&lt;/code&gt;&lt;/p&gt;&lt;/li&gt;&lt;li&gt;&lt;p&gt;&lt;code&gt;autoscaling:EC2INSTANCETERMINATEERROR&lt;/code&gt;&lt;/p&gt;&lt;/li&gt;&lt;li&gt;&lt;p&gt;&lt;code&gt;autoscaling:TEST_NOTIFICATION&lt;/code&gt;&lt;/p&gt;&lt;/li&gt;&lt;/ul&gt;</Abstract>
			<DeclaredIn>AWSAutoScalingModel.h</DeclaredIn>
			
			<Declaration>@property (nonatomic, strong) NSArray *autoScalingNotificationTypes</Declaration>
			
			
			<Anchor>//api/name/autoScalingNotificationTypes</Anchor>
            <NodeRef refid="32"/>
		</Token>
		
        
        
	</File>
</Tokens>