<?xml version="1.0" encoding="UTF-8"?>
<Tokens version="1.0">
	<File path="Classes/AWSEC2CreateInternetGatewayResult.html">
		
		<Token>
			<TokenIdentifier>//apple_ref/occ/cl/AWSEC2CreateInternetGatewayResult</TokenIdentifier>
			<Abstract type="html"></Abstract>
			<DeclaredIn>AWSEC2Model.h</DeclaredIn>
            
			
			<NodeRef refid="312"/>
		</Token>
		
		
		<Token>
			<TokenIdentifier>//apple_ref/occ/instm/AWSEC2CreateInternetGatewayResult/setInternetGateway:</TokenIdentifier>
			<Abstract type="html">&lt;p&gt;Information about the Internet gateway.&lt;/p&gt;</Abstract>
			<DeclaredIn>AWSEC2Model.h</DeclaredIn>
			
			<Declaration>@property (nonatomic, strong) AWSEC2InternetGateway *internetGateway</Declaration>
			
			
			<Anchor>//api/name/internetGateway</Anchor>
            <NodeRef refid="312"/>
		</Token>
		
		<Token>
			<TokenIdentifier>//apple_ref/occ/instm/AWSEC2CreateInternetGatewayResult/internetGateway</TokenIdentifier>
			<Abstract type="html">&lt;p&gt;Information about the Internet gateway.&lt;/p&gt;</Abstract>
			<DeclaredIn>AWSEC2Model.h</DeclaredIn>
			
			<Declaration>@property (nonatomic, strong) AWSEC2InternetGateway *internetGateway</Declaration>
			
			
			<Anchor>//api/name/internetGateway</Anchor>
            <NodeRef refid="312"/>
		</Token>
		
		<Token>
			<TokenIdentifier>//apple_ref/occ/instp/AWSEC2CreateInternetGatewayResult/internetGateway</TokenIdentifier>
			<Abstract type="html">&lt;p&gt;Information about the Internet gateway.&lt;/p&gt;</Abstract>
			<DeclaredIn>AWSEC2Model.h</DeclaredIn>
			
			<Declaration>@property (nonatomic, strong) AWSEC2InternetGateway *internetGateway</Declaration>
			
			
			<Anchor>//api/name/internetGateway</Anchor>
            <NodeRef refid="312"/>
		</Token>
		
        
        
	</File>
</Tokens>