<?xml version="1.0" encoding="UTF-8"?>
<Tokens version="1.0">
	<File path="Classes/AWSEC2ClassicLinkInstance.html">
		
		<Token>
			<TokenIdentifier>//apple_ref/occ/cl/AWSEC2ClassicLinkInstance</TokenIdentifier>
			<Abstract type="html"></Abstract>
			<DeclaredIn>AWSEC2Model.h</DeclaredIn>
            
			
			<NodeRef refid="299"/>
		</Token>
		
		
		<Token>
			<TokenIdentifier>//apple_ref/occ/instm/AWSEC2ClassicLinkInstance/setGroups:</TokenIdentifier>
			<Abstract type="html"></Abstract>
			<DeclaredIn>AWSEC2Model.h</DeclaredIn>
			
			<Declaration>@property (nonatomic, strong) NSArray *groups</Declaration>
			
			
			<Anchor>//api/name/groups</Anchor>
            <NodeRef refid="299"/>
		</Token>
		
		<Token>
			<TokenIdentifier>//apple_ref/occ/instm/AWSEC2ClassicLinkInstance/groups</TokenIdentifier>
			<Abstract type="html"></Abstract>
			<DeclaredIn>AWSEC2Model.h</DeclaredIn>
			
			<Declaration>@property (nonatomic, strong) NSArray *groups</Declaration>
			
			
			<Anchor>//api/name/groups</Anchor>
            <NodeRef refid="299"/>
		</Token>
		
		<Token>
			<TokenIdentifier>//apple_ref/occ/instp/AWSEC2ClassicLinkInstance/groups</TokenIdentifier>
			<Abstract type="html"></Abstract>
			<DeclaredIn>AWSEC2Model.h</DeclaredIn>
			
			<Declaration>@property (nonatomic, strong) NSArray *groups</Declaration>
			
			
			<Anchor>//api/name/groups</Anchor>
            <NodeRef refid="299"/>
		</Token>
		
		<Token>
			<TokenIdentifier>//apple_ref/occ/instm/AWSEC2ClassicLinkInstance/setInstanceId:</TokenIdentifier>
			<Abstract type="html"></Abstract>
			<DeclaredIn>AWSEC2Model.h</DeclaredIn>
			
			<Declaration>@property (nonatomic, strong) NSString *instanceId</Declaration>
			
			
			<Anchor>//api/name/instanceId</Anchor>
            <NodeRef refid="299"/>
		</Token>
		
		<Token>
			<TokenIdentifier>//apple_ref/occ/instm/AWSEC2ClassicLinkInstance/instanceId</TokenIdentifier>
			<Abstract type="html"></Abstract>
			<DeclaredIn>AWSEC2Model.h</DeclaredIn>
			
			<Declaration>@property (nonatomic, strong) NSString *instanceId</Declaration>
			
			
			<Anchor>//api/name/instanceId</Anchor>
            <NodeRef refid="299"/>
		</Token>
		
		<Token>
			<TokenIdentifier>//apple_ref/occ/instp/AWSEC2ClassicLinkInstance/instanceId</TokenIdentifier>
			<Abstract type="html"></Abstract>
			<DeclaredIn>AWSEC2Model.h</DeclaredIn>
			
			<Declaration>@property (nonatomic, strong) NSString *instanceId</Declaration>
			
			
			<Anchor>//api/name/instanceId</Anchor>
            <NodeRef refid="299"/>
		</Token>
		
		<Token>
			<TokenIdentifier>//apple_ref/occ/instm/AWSEC2ClassicLinkInstance/setTags:</TokenIdentifier>
			<Abstract type="html"></Abstract>
			<DeclaredIn>AWSEC2Model.h</DeclaredIn>
			
			<Declaration>@property (nonatomic, strong) NSArray *tags</Declaration>
			
			
			<Anchor>//api/name/tags</Anchor>
            <NodeRef refid="299"/>
		</Token>
		
		<Token>
			<TokenIdentifier>//apple_ref/occ/instm/AWSEC2ClassicLinkInstance/tags</TokenIdentifier>
			<Abstract type="html"></Abstract>
			<DeclaredIn>AWSEC2Model.h</DeclaredIn>
			
			<Declaration>@property (nonatomic, strong) NSArray *tags</Declaration>
			
			
			<Anchor>//api/name/tags</Anchor>
            <NodeRef refid="299"/>
		</Token>
		
		<Token>
			<TokenIdentifier>//apple_ref/occ/instp/AWSEC2ClassicLinkInstance/tags</TokenIdentifier>
			<Abstract type="html"></Abstract>
			<DeclaredIn>AWSEC2Model.h</DeclaredIn>
			
			<Declaration>@property (nonatomic, strong) NSArray *tags</Declaration>
			
			
			<Anchor>//api/name/tags</Anchor>
            <NodeRef refid="299"/>
		</Token>
		
		<Token>
			<TokenIdentifier>//apple_ref/occ/instm/AWSEC2ClassicLinkInstance/setVpcId:</TokenIdentifier>
			<Abstract type="html"></Abstract>
			<DeclaredIn>AWSEC2Model.h</DeclaredIn>
			
			<Declaration>@property (nonatomic, strong) NSString *vpcId</Declaration>
			
			
			<Anchor>//api/name/vpcId</Anchor>
            <NodeRef refid="299"/>
		</Token>
		
		<Token>
			<TokenIdentifier>//apple_ref/occ/instm/AWSEC2ClassicLinkInstance/vpcId</TokenIdentifier>
			<Abstract type="html"></Abstract>
			<DeclaredIn>AWSEC2Model.h</DeclaredIn>
			
			<Declaration>@property (nonatomic, strong) NSString *vpcId</Declaration>
			
			
			<Anchor>//api/name/vpcId</Anchor>
            <NodeRef refid="299"/>
		</Token>
		
		<Token>
			<TokenIdentifier>//apple_ref/occ/instp/AWSEC2ClassicLinkInstance/vpcId</TokenIdentifier>
			<Abstract type="html"></Abstract>
			<DeclaredIn>AWSEC2Model.h</DeclaredIn>
			
			<Declaration>@property (nonatomic, strong) NSString *vpcId</Declaration>
			
			
			<Anchor>//api/name/vpcId</Anchor>
            <NodeRef refid="299"/>
		</Token>
		
        
        
	</File>
</Tokens>