<?xml version="1.0" encoding="UTF-8"?>
<Tokens version="1.0">
	<File path="Classes/AWSEC2RunInstancesMonitoringEnabled.html">
		
		<Token>
			<TokenIdentifier>//apple_ref/occ/cl/AWSEC2RunInstancesMonitoringEnabled</TokenIdentifier>
			<Abstract type="html">&lt;p&gt;Describes the monitoring for the instance.&lt;/p&gt;
Required parameters: [Enabled]</Abstract>
			<DeclaredIn>AWSEC2Model.h</DeclaredIn>
            
			
			<NodeRef refid="600"/>
		</Token>
		
		
		<Token>
			<TokenIdentifier>//apple_ref/occ/instm/AWSEC2RunInstancesMonitoringEnabled/setEnabled:</TokenIdentifier>
			<Abstract type="html">&lt;p&gt;Indicates whether monitoring is enabled for the instance.&lt;/p&gt;</Abstract>
			<DeclaredIn>AWSEC2Model.h</DeclaredIn>
			
			<Declaration>@property (nonatomic, strong) NSNumber *enabled</Declaration>
			
			
			<Anchor>//api/name/enabled</Anchor>
            <NodeRef refid="600"/>
		</Token>
		
		<Token>
			<TokenIdentifier>//apple_ref/occ/instm/AWSEC2RunInstancesMonitoringEnabled/enabled</TokenIdentifier>
			<Abstract type="html">&lt;p&gt;Indicates whether monitoring is enabled for the instance.&lt;/p&gt;</Abstract>
			<DeclaredIn>AWSEC2Model.h</DeclaredIn>
			
			<Declaration>@property (nonatomic, strong) NSNumber *enabled</Declaration>
			
			
			<Anchor>//api/name/enabled</Anchor>
            <NodeRef refid="600"/>
		</Token>
		
		<Token>
			<TokenIdentifier>//apple_ref/occ/instp/AWSEC2RunInstancesMonitoringEnabled/enabled</TokenIdentifier>
			<Abstract type="html">&lt;p&gt;Indicates whether monitoring is enabled for the instance.&lt;/p&gt;</Abstract>
			<DeclaredIn>AWSEC2Model.h</DeclaredIn>
			
			<Declaration>@property (nonatomic, strong) NSNumber *enabled</Declaration>
			
			
			<Anchor>//api/name/enabled</Anchor>
            <NodeRef refid="600"/>
		</Token>
		
        
        
	</File>
</Tokens>