<?xml version="1.0" encoding="UTF-8"?>
<Tokens version="1.0">
	<File path="Classes/AWSEC2GroupIdentifier.html">
		
		<Token>
			<TokenIdentifier>//apple_ref/occ/cl/AWSEC2GroupIdentifier</TokenIdentifier>
			<Abstract type="html">&lt;p&gt;Describes a security group.&lt;/p&gt;</Abstract>
			<DeclaredIn>AWSEC2Model.h</DeclaredIn>
            
			
			<NodeRef refid="485"/>
		</Token>
		
		
		<Token>
			<TokenIdentifier>//apple_ref/occ/instm/AWSEC2GroupIdentifier/setGroupId:</TokenIdentifier>
			<Abstract type="html">&lt;p&gt;The ID of the security group.&lt;/p&gt;</Abstract>
			<DeclaredIn>AWSEC2Model.h</DeclaredIn>
			
			<Declaration>@property (nonatomic, strong) NSString *groupId</Declaration>
			
			
			<Anchor>//api/name/groupId</Anchor>
            <NodeRef refid="485"/>
		</Token>
		
		<Token>
			<TokenIdentifier>//apple_ref/occ/instm/AWSEC2GroupIdentifier/groupId</TokenIdentifier>
			<Abstract type="html">&lt;p&gt;The ID of the security group.&lt;/p&gt;</Abstract>
			<DeclaredIn>AWSEC2Model.h</DeclaredIn>
			
			<Declaration>@property (nonatomic, strong) NSString *groupId</Declaration>
			
			
			<Anchor>//api/name/groupId</Anchor>
            <NodeRef refid="485"/>
		</Token>
		
		<Token>
			<TokenIdentifier>//apple_ref/occ/instp/AWSEC2GroupIdentifier/groupId</TokenIdentifier>
			<Abstract type="html">&lt;p&gt;The ID of the security group.&lt;/p&gt;</Abstract>
			<DeclaredIn>AWSEC2Model.h</DeclaredIn>
			
			<Declaration>@property (nonatomic, strong) NSString *groupId</Declaration>
			
			
			<Anchor>//api/name/groupId</Anchor>
            <NodeRef refid="485"/>
		</Token>
		
		<Token>
			<TokenIdentifier>//apple_ref/occ/instm/AWSEC2GroupIdentifier/setGroupName:</TokenIdentifier>
			<Abstract type="html">&lt;p&gt;The name of the security group.&lt;/p&gt;</Abstract>
			<DeclaredIn>AWSEC2Model.h</DeclaredIn>
			
			<Declaration>@property (nonatomic, strong) NSString *groupName</Declaration>
			
			
			<Anchor>//api/name/groupName</Anchor>
            <NodeRef refid="485"/>
		</Token>
		
		<Token>
			<TokenIdentifier>//apple_ref/occ/instm/AWSEC2GroupIdentifier/groupName</TokenIdentifier>
			<Abstract type="html">&lt;p&gt;The name of the security group.&lt;/p&gt;</Abstract>
			<DeclaredIn>AWSEC2Model.h</DeclaredIn>
			
			<Declaration>@property (nonatomic, strong) NSString *groupName</Declaration>
			
			
			<Anchor>//api/name/groupName</Anchor>
            <NodeRef refid="485"/>
		</Token>
		
		<Token>
			<TokenIdentifier>//apple_ref/occ/instp/AWSEC2GroupIdentifier/groupName</TokenIdentifier>
			<Abstract type="html">&lt;p&gt;The name of the security group.&lt;/p&gt;</Abstract>
			<DeclaredIn>AWSEC2Model.h</DeclaredIn>
			
			<Declaration>@property (nonatomic, strong) NSString *groupName</Declaration>
			
			
			<Anchor>//api/name/groupName</Anchor>
            <NodeRef refid="485"/>
		</Token>
		
        
        
	</File>
</Tokens>