<?xml version="1.0" encoding="UTF-8"?>
<Tokens version="1.0">
	<File path="Classes/AWSCognitoIdentityGetCredentialsForIdentityInput.html">
		
		<Token>
			<TokenIdentifier>//apple_ref/occ/cl/AWSCognitoIdentityGetCredentialsForIdentityInput</TokenIdentifier>
			<Abstract type="html">&lt;p&gt;Input to the &lt;code&gt;GetCredentialsForIdentity&lt;/code&gt; action.&lt;/p&gt;
Required parameters: [IdentityId]</Abstract>
			<DeclaredIn>AWSCognitoIdentityModel.h</DeclaredIn>
            
			
			<NodeRef refid="126"/>
		</Token>
		
		
		<Token>
			<TokenIdentifier>//apple_ref/occ/instm/AWSCognitoIdentityGetCredentialsForIdentityInput/setIdentityId:</TokenIdentifier>
			<Abstract type="html">&lt;p&gt;A unique identifier in the format REGION:GUID.&lt;/p&gt;</Abstract>
			<DeclaredIn>AWSCognitoIdentityModel.h</DeclaredIn>
			
			<Declaration>@property (nonatomic, strong) NSString *identityId</Declaration>
			
			
			<Anchor>//api/name/identityId</Anchor>
            <NodeRef refid="126"/>
		</Token>
		
		<Token>
			<TokenIdentifier>//apple_ref/occ/instm/AWSCognitoIdentityGetCredentialsForIdentityInput/identityId</TokenIdentifier>
			<Abstract type="html">&lt;p&gt;A unique identifier in the format REGION:GUID.&lt;/p&gt;</Abstract>
			<DeclaredIn>AWSCognitoIdentityModel.h</DeclaredIn>
			
			<Declaration>@property (nonatomic, strong) NSString *identityId</Declaration>
			
			
			<Anchor>//api/name/identityId</Anchor>
            <NodeRef refid="126"/>
		</Token>
		
		<Token>
			<TokenIdentifier>//apple_ref/occ/instp/AWSCognitoIdentityGetCredentialsForIdentityInput/identityId</TokenIdentifier>
			<Abstract type="html">&lt;p&gt;A unique identifier in the format REGION:GUID.&lt;/p&gt;</Abstract>
			<DeclaredIn>AWSCognitoIdentityModel.h</DeclaredIn>
			
			<Declaration>@property (nonatomic, strong) NSString *identityId</Declaration>
			
			
			<Anchor>//api/name/identityId</Anchor>
            <NodeRef refid="126"/>
		</Token>
		
		<Token>
			<TokenIdentifier>//apple_ref/occ/instm/AWSCognitoIdentityGetCredentialsForIdentityInput/setLogins:</TokenIdentifier>
			<Abstract type="html">&lt;p&gt;A set of optional name-value pairs that map provider names to provider tokens.&lt;/p&gt;</Abstract>
			<DeclaredIn>AWSCognitoIdentityModel.h</DeclaredIn>
			
			<Declaration>@property (nonatomic, strong) NSDictionary *logins</Declaration>
			
			
			<Anchor>//api/name/logins</Anchor>
            <NodeRef refid="126"/>
		</Token>
		
		<Token>
			<TokenIdentifier>//apple_ref/occ/instm/AWSCognitoIdentityGetCredentialsForIdentityInput/logins</TokenIdentifier>
			<Abstract type="html">&lt;p&gt;A set of optional name-value pairs that map provider names to provider tokens.&lt;/p&gt;</Abstract>
			<DeclaredIn>AWSCognitoIdentityModel.h</DeclaredIn>
			
			<Declaration>@property (nonatomic, strong) NSDictionary *logins</Declaration>
			
			
			<Anchor>//api/name/logins</Anchor>
            <NodeRef refid="126"/>
		</Token>
		
		<Token>
			<TokenIdentifier>//apple_ref/occ/instp/AWSCognitoIdentityGetCredentialsForIdentityInput/logins</TokenIdentifier>
			<Abstract type="html">&lt;p&gt;A set of optional name-value pairs that map provider names to provider tokens.&lt;/p&gt;</Abstract>
			<DeclaredIn>AWSCognitoIdentityModel.h</DeclaredIn>
			
			<Declaration>@property (nonatomic, strong) NSDictionary *logins</Declaration>
			
			
			<Anchor>//api/name/logins</Anchor>
            <NodeRef refid="126"/>
		</Token>
		
        
        
	</File>
</Tokens>