<?xml version="1.0" encoding="UTF-8"?>
<Tokens version="1.0">
	<File path="Classes/AWSKinesisShard.html">
		
		<Token>
			<TokenIdentifier>//apple_ref/occ/cl/AWSKinesisShard</TokenIdentifier>
			<Abstract type="html">&lt;p&gt;A uniquely identified group of data records in an Amazon Kinesis stream.&lt;/p&gt;
Required parameters: [ShardId, HashKeyRange, SequenceNumberRange]</Abstract>
			<DeclaredIn>AWSKinesisModel.h</DeclaredIn>
            
			
			<NodeRef refid="755"/>
		</Token>
		
		
		<Token>
			<TokenIdentifier>//apple_ref/occ/instm/AWSKinesisShard/setAdjacentParentShardId:</TokenIdentifier>
			<Abstract type="html">&lt;p&gt;The shard Id of the shard adjacent to the shard&apos;s parent.&lt;/p&gt;</Abstract>
			<DeclaredIn>AWSKinesisModel.h</DeclaredIn>
			
			<Declaration>@property (nonatomic, strong) NSString *adjacentParentShardId</Declaration>
			
			
			<Anchor>//api/name/adjacentParentShardId</Anchor>
            <NodeRef refid="755"/>
		</Token>
		
		<Token>
			<TokenIdentifier>//apple_ref/occ/instm/AWSKinesisShard/adjacentParentShardId</TokenIdentifier>
			<Abstract type="html">&lt;p&gt;The shard Id of the shard adjacent to the shard&apos;s parent.&lt;/p&gt;</Abstract>
			<DeclaredIn>AWSKinesisModel.h</DeclaredIn>
			
			<Declaration>@property (nonatomic, strong) NSString *adjacentParentShardId</Declaration>
			
			
			<Anchor>//api/name/adjacentParentShardId</Anchor>
            <NodeRef refid="755"/>
		</Token>
		
		<Token>
			<TokenIdentifier>//apple_ref/occ/instp/AWSKinesisShard/adjacentParentShardId</TokenIdentifier>
			<Abstract type="html">&lt;p&gt;The shard Id of the shard adjacent to the shard&apos;s parent.&lt;/p&gt;</Abstract>
			<DeclaredIn>AWSKinesisModel.h</DeclaredIn>
			
			<Declaration>@property (nonatomic, strong) NSString *adjacentParentShardId</Declaration>
			
			
			<Anchor>//api/name/adjacentParentShardId</Anchor>
            <NodeRef refid="755"/>
		</Token>
		
		<Token>
			<TokenIdentifier>//apple_ref/occ/instm/AWSKinesisShard/setHashKeyRange:</TokenIdentifier>
			<Abstract type="html">&lt;p&gt;The range of possible hash key values for the shard, which is a set of ordered contiguous positive integers.&lt;/p&gt;</Abstract>
			<DeclaredIn>AWSKinesisModel.h</DeclaredIn>
			
			<Declaration>@property (nonatomic, strong) AWSKinesisHashKeyRange *hashKeyRange</Declaration>
			
			
			<Anchor>//api/name/hashKeyRange</Anchor>
            <NodeRef refid="755"/>
		</Token>
		
		<Token>
			<TokenIdentifier>//apple_ref/occ/instm/AWSKinesisShard/hashKeyRange</TokenIdentifier>
			<Abstract type="html">&lt;p&gt;The range of possible hash key values for the shard, which is a set of ordered contiguous positive integers.&lt;/p&gt;</Abstract>
			<DeclaredIn>AWSKinesisModel.h</DeclaredIn>
			
			<Declaration>@property (nonatomic, strong) AWSKinesisHashKeyRange *hashKeyRange</Declaration>
			
			
			<Anchor>//api/name/hashKeyRange</Anchor>
            <NodeRef refid="755"/>
		</Token>
		
		<Token>
			<TokenIdentifier>//apple_ref/occ/instp/AWSKinesisShard/hashKeyRange</TokenIdentifier>
			<Abstract type="html">&lt;p&gt;The range of possible hash key values for the shard, which is a set of ordered contiguous positive integers.&lt;/p&gt;</Abstract>
			<DeclaredIn>AWSKinesisModel.h</DeclaredIn>
			
			<Declaration>@property (nonatomic, strong) AWSKinesisHashKeyRange *hashKeyRange</Declaration>
			
			
			<Anchor>//api/name/hashKeyRange</Anchor>
            <NodeRef refid="755"/>
		</Token>
		
		<Token>
			<TokenIdentifier>//apple_ref/occ/instm/AWSKinesisShard/setParentShardId:</TokenIdentifier>
			<Abstract type="html">&lt;p&gt;The shard Id of the shard&apos;s parent.&lt;/p&gt;</Abstract>
			<DeclaredIn>AWSKinesisModel.h</DeclaredIn>
			
			<Declaration>@property (nonatomic, strong) NSString *parentShardId</Declaration>
			
			
			<Anchor>//api/name/parentShardId</Anchor>
            <NodeRef refid="755"/>
		</Token>
		
		<Token>
			<TokenIdentifier>//apple_ref/occ/instm/AWSKinesisShard/parentShardId</TokenIdentifier>
			<Abstract type="html">&lt;p&gt;The shard Id of the shard&apos;s parent.&lt;/p&gt;</Abstract>
			<DeclaredIn>AWSKinesisModel.h</DeclaredIn>
			
			<Declaration>@property (nonatomic, strong) NSString *parentShardId</Declaration>
			
			
			<Anchor>//api/name/parentShardId</Anchor>
            <NodeRef refid="755"/>
		</Token>
		
		<Token>
			<TokenIdentifier>//apple_ref/occ/instp/AWSKinesisShard/parentShardId</TokenIdentifier>
			<Abstract type="html">&lt;p&gt;The shard Id of the shard&apos;s parent.&lt;/p&gt;</Abstract>
			<DeclaredIn>AWSKinesisModel.h</DeclaredIn>
			
			<Declaration>@property (nonatomic, strong) NSString *parentShardId</Declaration>
			
			
			<Anchor>//api/name/parentShardId</Anchor>
            <NodeRef refid="755"/>
		</Token>
		
		<Token>
			<TokenIdentifier>//apple_ref/occ/instm/AWSKinesisShard/setSequenceNumberRange:</TokenIdentifier>
			<Abstract type="html">&lt;p&gt;The range of possible sequence numbers for the shard.&lt;/p&gt;</Abstract>
			<DeclaredIn>AWSKinesisModel.h</DeclaredIn>
			
			<Declaration>@property (nonatomic, strong) AWSKinesisSequenceNumberRange *sequenceNumberRange</Declaration>
			
			
			<Anchor>//api/name/sequenceNumberRange</Anchor>
            <NodeRef refid="755"/>
		</Token>
		
		<Token>
			<TokenIdentifier>//apple_ref/occ/instm/AWSKinesisShard/sequenceNumberRange</TokenIdentifier>
			<Abstract type="html">&lt;p&gt;The range of possible sequence numbers for the shard.&lt;/p&gt;</Abstract>
			<DeclaredIn>AWSKinesisModel.h</DeclaredIn>
			
			<Declaration>@property (nonatomic, strong) AWSKinesisSequenceNumberRange *sequenceNumberRange</Declaration>
			
			
			<Anchor>//api/name/sequenceNumberRange</Anchor>
            <NodeRef refid="755"/>
		</Token>
		
		<Token>
			<TokenIdentifier>//apple_ref/occ/instp/AWSKinesisShard/sequenceNumberRange</TokenIdentifier>
			<Abstract type="html">&lt;p&gt;The range of possible sequence numbers for the shard.&lt;/p&gt;</Abstract>
			<DeclaredIn>AWSKinesisModel.h</DeclaredIn>
			
			<Declaration>@property (nonatomic, strong) AWSKinesisSequenceNumberRange *sequenceNumberRange</Declaration>
			
			
			<Anchor>//api/name/sequenceNumberRange</Anchor>
            <NodeRef refid="755"/>
		</Token>
		
		<Token>
			<TokenIdentifier>//apple_ref/occ/instm/AWSKinesisShard/setShardId:</TokenIdentifier>
			<Abstract type="html">&lt;p&gt;The unique identifier of the shard within the Amazon Kinesis stream.&lt;/p&gt;</Abstract>
			<DeclaredIn>AWSKinesisModel.h</DeclaredIn>
			
			<Declaration>@property (nonatomic, strong) NSString *shardId</Declaration>
			
			
			<Anchor>//api/name/shardId</Anchor>
            <NodeRef refid="755"/>
		</Token>
		
		<Token>
			<TokenIdentifier>//apple_ref/occ/instm/AWSKinesisShard/shardId</TokenIdentifier>
			<Abstract type="html">&lt;p&gt;The unique identifier of the shard within the Amazon Kinesis stream.&lt;/p&gt;</Abstract>
			<DeclaredIn>AWSKinesisModel.h</DeclaredIn>
			
			<Declaration>@property (nonatomic, strong) NSString *shardId</Declaration>
			
			
			<Anchor>//api/name/shardId</Anchor>
            <NodeRef refid="755"/>
		</Token>
		
		<Token>
			<TokenIdentifier>//apple_ref/occ/instp/AWSKinesisShard/shardId</TokenIdentifier>
			<Abstract type="html">&lt;p&gt;The unique identifier of the shard within the Amazon Kinesis stream.&lt;/p&gt;</Abstract>
			<DeclaredIn>AWSKinesisModel.h</DeclaredIn>
			
			<Declaration>@property (nonatomic, strong) NSString *shardId</Declaration>
			
			
			<Anchor>//api/name/shardId</Anchor>
            <NodeRef refid="755"/>
		</Token>
		
        
        
	</File>
</Tokens>