<?xml version="1.0" encoding="UTF-8"?>
<Tokens version="1.0">
	<File path="Classes/AWSDynamoDBAttributeValue.html">
		
		<Token>
			<TokenIdentifier>//apple_ref/occ/cl/AWSDynamoDBAttributeValue</TokenIdentifier>
			<Abstract type="html">&lt;p&gt;Represents the data for an attribute. You can set one, and only one, of the elements.&lt;/p&gt;&lt;p&gt;Each attribute in an item is a name-value pair. An attribute can be single-valued or multi-valued set. For example, a book item can have title and authors attributes. Each book has one title but can have many authors. The multi-valued attribute is a set; duplicate values are not allowed. &lt;/p&gt;</Abstract>
			<DeclaredIn>AWSDynamoDBModel.h</DeclaredIn>
            
			
			<NodeRef refid="198"/>
		</Token>
		
		
		<Token>
			<TokenIdentifier>//apple_ref/occ/instm/AWSDynamoDBAttributeValue/setB:</TokenIdentifier>
			<Abstract type="html">&lt;p&gt;A Binary data type.&lt;/p&gt;</Abstract>
			<DeclaredIn>AWSDynamoDBModel.h</DeclaredIn>
			
			<Declaration>@property (nonatomic, strong) NSData *B</Declaration>
			
			
			<Anchor>//api/name/B</Anchor>
            <NodeRef refid="198"/>
		</Token>
		
		<Token>
			<TokenIdentifier>//apple_ref/occ/instm/AWSDynamoDBAttributeValue/B</TokenIdentifier>
			<Abstract type="html">&lt;p&gt;A Binary data type.&lt;/p&gt;</Abstract>
			<DeclaredIn>AWSDynamoDBModel.h</DeclaredIn>
			
			<Declaration>@property (nonatomic, strong) NSData *B</Declaration>
			
			
			<Anchor>//api/name/B</Anchor>
            <NodeRef refid="198"/>
		</Token>
		
		<Token>
			<TokenIdentifier>//apple_ref/occ/instp/AWSDynamoDBAttributeValue/B</TokenIdentifier>
			<Abstract type="html">&lt;p&gt;A Binary data type.&lt;/p&gt;</Abstract>
			<DeclaredIn>AWSDynamoDBModel.h</DeclaredIn>
			
			<Declaration>@property (nonatomic, strong) NSData *B</Declaration>
			
			
			<Anchor>//api/name/B</Anchor>
            <NodeRef refid="198"/>
		</Token>
		
		<Token>
			<TokenIdentifier>//apple_ref/occ/instm/AWSDynamoDBAttributeValue/setBOOLEAN:</TokenIdentifier>
			<Abstract type="html">&lt;p&gt;A Boolean data type.&lt;/p&gt;</Abstract>
			<DeclaredIn>AWSDynamoDBModel.h</DeclaredIn>
			
			<Declaration>@property (nonatomic, strong) NSNumber *BOOLEAN</Declaration>
			
			
			<Anchor>//api/name/BOOLEAN</Anchor>
            <NodeRef refid="198"/>
		</Token>
		
		<Token>
			<TokenIdentifier>//apple_ref/occ/instm/AWSDynamoDBAttributeValue/BOOLEAN</TokenIdentifier>
			<Abstract type="html">&lt;p&gt;A Boolean data type.&lt;/p&gt;</Abstract>
			<DeclaredIn>AWSDynamoDBModel.h</DeclaredIn>
			
			<Declaration>@property (nonatomic, strong) NSNumber *BOOLEAN</Declaration>
			
			
			<Anchor>//api/name/BOOLEAN</Anchor>
            <NodeRef refid="198"/>
		</Token>
		
		<Token>
			<TokenIdentifier>//apple_ref/occ/instp/AWSDynamoDBAttributeValue/BOOLEAN</TokenIdentifier>
			<Abstract type="html">&lt;p&gt;A Boolean data type.&lt;/p&gt;</Abstract>
			<DeclaredIn>AWSDynamoDBModel.h</DeclaredIn>
			
			<Declaration>@property (nonatomic, strong) NSNumber *BOOLEAN</Declaration>
			
			
			<Anchor>//api/name/BOOLEAN</Anchor>
            <NodeRef refid="198"/>
		</Token>
		
		<Token>
			<TokenIdentifier>//apple_ref/occ/instm/AWSDynamoDBAttributeValue/setBS:</TokenIdentifier>
			<Abstract type="html">&lt;p&gt;A Binary Set data type.&lt;/p&gt;</Abstract>
			<DeclaredIn>AWSDynamoDBModel.h</DeclaredIn>
			
			<Declaration>@property (nonatomic, strong) NSArray *BS</Declaration>
			
			
			<Anchor>//api/name/BS</Anchor>
            <NodeRef refid="198"/>
		</Token>
		
		<Token>
			<TokenIdentifier>//apple_ref/occ/instm/AWSDynamoDBAttributeValue/BS</TokenIdentifier>
			<Abstract type="html">&lt;p&gt;A Binary Set data type.&lt;/p&gt;</Abstract>
			<DeclaredIn>AWSDynamoDBModel.h</DeclaredIn>
			
			<Declaration>@property (nonatomic, strong) NSArray *BS</Declaration>
			
			
			<Anchor>//api/name/BS</Anchor>
            <NodeRef refid="198"/>
		</Token>
		
		<Token>
			<TokenIdentifier>//apple_ref/occ/instp/AWSDynamoDBAttributeValue/BS</TokenIdentifier>
			<Abstract type="html">&lt;p&gt;A Binary Set data type.&lt;/p&gt;</Abstract>
			<DeclaredIn>AWSDynamoDBModel.h</DeclaredIn>
			
			<Declaration>@property (nonatomic, strong) NSArray *BS</Declaration>
			
			
			<Anchor>//api/name/BS</Anchor>
            <NodeRef refid="198"/>
		</Token>
		
		<Token>
			<TokenIdentifier>//apple_ref/occ/instm/AWSDynamoDBAttributeValue/setL:</TokenIdentifier>
			<Abstract type="html">&lt;p&gt;A List of attribute values.&lt;/p&gt;</Abstract>
			<DeclaredIn>AWSDynamoDBModel.h</DeclaredIn>
			
			<Declaration>@property (nonatomic, strong) NSArray *L</Declaration>
			
			
			<Anchor>//api/name/L</Anchor>
            <NodeRef refid="198"/>
		</Token>
		
		<Token>
			<TokenIdentifier>//apple_ref/occ/instm/AWSDynamoDBAttributeValue/L</TokenIdentifier>
			<Abstract type="html">&lt;p&gt;A List of attribute values.&lt;/p&gt;</Abstract>
			<DeclaredIn>AWSDynamoDBModel.h</DeclaredIn>
			
			<Declaration>@property (nonatomic, strong) NSArray *L</Declaration>
			
			
			<Anchor>//api/name/L</Anchor>
            <NodeRef refid="198"/>
		</Token>
		
		<Token>
			<TokenIdentifier>//apple_ref/occ/instp/AWSDynamoDBAttributeValue/L</TokenIdentifier>
			<Abstract type="html">&lt;p&gt;A List of attribute values.&lt;/p&gt;</Abstract>
			<DeclaredIn>AWSDynamoDBModel.h</DeclaredIn>
			
			<Declaration>@property (nonatomic, strong) NSArray *L</Declaration>
			
			
			<Anchor>//api/name/L</Anchor>
            <NodeRef refid="198"/>
		</Token>
		
		<Token>
			<TokenIdentifier>//apple_ref/occ/instm/AWSDynamoDBAttributeValue/setM:</TokenIdentifier>
			<Abstract type="html">&lt;p&gt;A Map of attribute values.&lt;/p&gt;</Abstract>
			<DeclaredIn>AWSDynamoDBModel.h</DeclaredIn>
			
			<Declaration>@property (nonatomic, strong) NSDictionary *M</Declaration>
			
			
			<Anchor>//api/name/M</Anchor>
            <NodeRef refid="198"/>
		</Token>
		
		<Token>
			<TokenIdentifier>//apple_ref/occ/instm/AWSDynamoDBAttributeValue/M</TokenIdentifier>
			<Abstract type="html">&lt;p&gt;A Map of attribute values.&lt;/p&gt;</Abstract>
			<DeclaredIn>AWSDynamoDBModel.h</DeclaredIn>
			
			<Declaration>@property (nonatomic, strong) NSDictionary *M</Declaration>
			
			
			<Anchor>//api/name/M</Anchor>
            <NodeRef refid="198"/>
		</Token>
		
		<Token>
			<TokenIdentifier>//apple_ref/occ/instp/AWSDynamoDBAttributeValue/M</TokenIdentifier>
			<Abstract type="html">&lt;p&gt;A Map of attribute values.&lt;/p&gt;</Abstract>
			<DeclaredIn>AWSDynamoDBModel.h</DeclaredIn>
			
			<Declaration>@property (nonatomic, strong) NSDictionary *M</Declaration>
			
			
			<Anchor>//api/name/M</Anchor>
            <NodeRef refid="198"/>
		</Token>
		
		<Token>
			<TokenIdentifier>//apple_ref/occ/instm/AWSDynamoDBAttributeValue/setN:</TokenIdentifier>
			<Abstract type="html">&lt;p&gt;A Number data type.&lt;/p&gt;</Abstract>
			<DeclaredIn>AWSDynamoDBModel.h</DeclaredIn>
			
			<Declaration>@property (nonatomic, strong) NSString *N</Declaration>
			
			
			<Anchor>//api/name/N</Anchor>
            <NodeRef refid="198"/>
		</Token>
		
		<Token>
			<TokenIdentifier>//apple_ref/occ/instm/AWSDynamoDBAttributeValue/N</TokenIdentifier>
			<Abstract type="html">&lt;p&gt;A Number data type.&lt;/p&gt;</Abstract>
			<DeclaredIn>AWSDynamoDBModel.h</DeclaredIn>
			
			<Declaration>@property (nonatomic, strong) NSString *N</Declaration>
			
			
			<Anchor>//api/name/N</Anchor>
            <NodeRef refid="198"/>
		</Token>
		
		<Token>
			<TokenIdentifier>//apple_ref/occ/instp/AWSDynamoDBAttributeValue/N</TokenIdentifier>
			<Abstract type="html">&lt;p&gt;A Number data type.&lt;/p&gt;</Abstract>
			<DeclaredIn>AWSDynamoDBModel.h</DeclaredIn>
			
			<Declaration>@property (nonatomic, strong) NSString *N</Declaration>
			
			
			<Anchor>//api/name/N</Anchor>
            <NodeRef refid="198"/>
		</Token>
		
		<Token>
			<TokenIdentifier>//apple_ref/occ/instm/AWSDynamoDBAttributeValue/setNIL:</TokenIdentifier>
			<Abstract type="html">&lt;p&gt;A Null data type.&lt;/p&gt;</Abstract>
			<DeclaredIn>AWSDynamoDBModel.h</DeclaredIn>
			
			<Declaration>@property (nonatomic, strong) NSNumber *NIL</Declaration>
			
			
			<Anchor>//api/name/NIL</Anchor>
            <NodeRef refid="198"/>
		</Token>
		
		<Token>
			<TokenIdentifier>//apple_ref/occ/instm/AWSDynamoDBAttributeValue/NIL</TokenIdentifier>
			<Abstract type="html">&lt;p&gt;A Null data type.&lt;/p&gt;</Abstract>
			<DeclaredIn>AWSDynamoDBModel.h</DeclaredIn>
			
			<Declaration>@property (nonatomic, strong) NSNumber *NIL</Declaration>
			
			
			<Anchor>//api/name/NIL</Anchor>
            <NodeRef refid="198"/>
		</Token>
		
		<Token>
			<TokenIdentifier>//apple_ref/occ/instp/AWSDynamoDBAttributeValue/NIL</TokenIdentifier>
			<Abstract type="html">&lt;p&gt;A Null data type.&lt;/p&gt;</Abstract>
			<DeclaredIn>AWSDynamoDBModel.h</DeclaredIn>
			
			<Declaration>@property (nonatomic, strong) NSNumber *NIL</Declaration>
			
			
			<Anchor>//api/name/NIL</Anchor>
            <NodeRef refid="198"/>
		</Token>
		
		<Token>
			<TokenIdentifier>//apple_ref/occ/instm/AWSDynamoDBAttributeValue/setNS:</TokenIdentifier>
			<Abstract type="html">&lt;p&gt;A Number Set data type.&lt;/p&gt;</Abstract>
			<DeclaredIn>AWSDynamoDBModel.h</DeclaredIn>
			
			<Declaration>@property (nonatomic, strong) NSArray *NS</Declaration>
			
			
			<Anchor>//api/name/NS</Anchor>
            <NodeRef refid="198"/>
		</Token>
		
		<Token>
			<TokenIdentifier>//apple_ref/occ/instm/AWSDynamoDBAttributeValue/NS</TokenIdentifier>
			<Abstract type="html">&lt;p&gt;A Number Set data type.&lt;/p&gt;</Abstract>
			<DeclaredIn>AWSDynamoDBModel.h</DeclaredIn>
			
			<Declaration>@property (nonatomic, strong) NSArray *NS</Declaration>
			
			
			<Anchor>//api/name/NS</Anchor>
            <NodeRef refid="198"/>
		</Token>
		
		<Token>
			<TokenIdentifier>//apple_ref/occ/instp/AWSDynamoDBAttributeValue/NS</TokenIdentifier>
			<Abstract type="html">&lt;p&gt;A Number Set data type.&lt;/p&gt;</Abstract>
			<DeclaredIn>AWSDynamoDBModel.h</DeclaredIn>
			
			<Declaration>@property (nonatomic, strong) NSArray *NS</Declaration>
			
			
			<Anchor>//api/name/NS</Anchor>
            <NodeRef refid="198"/>
		</Token>
		
		<Token>
			<TokenIdentifier>//apple_ref/occ/instm/AWSDynamoDBAttributeValue/setS:</TokenIdentifier>
			<Abstract type="html">&lt;p&gt;A String data type.&lt;/p&gt;</Abstract>
			<DeclaredIn>AWSDynamoDBModel.h</DeclaredIn>
			
			<Declaration>@property (nonatomic, strong) NSString *S</Declaration>
			
			
			<Anchor>//api/name/S</Anchor>
            <NodeRef refid="198"/>
		</Token>
		
		<Token>
			<TokenIdentifier>//apple_ref/occ/instm/AWSDynamoDBAttributeValue/S</TokenIdentifier>
			<Abstract type="html">&lt;p&gt;A String data type.&lt;/p&gt;</Abstract>
			<DeclaredIn>AWSDynamoDBModel.h</DeclaredIn>
			
			<Declaration>@property (nonatomic, strong) NSString *S</Declaration>
			
			
			<Anchor>//api/name/S</Anchor>
            <NodeRef refid="198"/>
		</Token>
		
		<Token>
			<TokenIdentifier>//apple_ref/occ/instp/AWSDynamoDBAttributeValue/S</TokenIdentifier>
			<Abstract type="html">&lt;p&gt;A String data type.&lt;/p&gt;</Abstract>
			<DeclaredIn>AWSDynamoDBModel.h</DeclaredIn>
			
			<Declaration>@property (nonatomic, strong) NSString *S</Declaration>
			
			
			<Anchor>//api/name/S</Anchor>
            <NodeRef refid="198"/>
		</Token>
		
		<Token>
			<TokenIdentifier>//apple_ref/occ/instm/AWSDynamoDBAttributeValue/setSS:</TokenIdentifier>
			<Abstract type="html">&lt;p&gt;A String Set data type.&lt;/p&gt;</Abstract>
			<DeclaredIn>AWSDynamoDBModel.h</DeclaredIn>
			
			<Declaration>@property (nonatomic, strong) NSArray *SS</Declaration>
			
			
			<Anchor>//api/name/SS</Anchor>
            <NodeRef refid="198"/>
		</Token>
		
		<Token>
			<TokenIdentifier>//apple_ref/occ/instm/AWSDynamoDBAttributeValue/SS</TokenIdentifier>
			<Abstract type="html">&lt;p&gt;A String Set data type.&lt;/p&gt;</Abstract>
			<DeclaredIn>AWSDynamoDBModel.h</DeclaredIn>
			
			<Declaration>@property (nonatomic, strong) NSArray *SS</Declaration>
			
			
			<Anchor>//api/name/SS</Anchor>
            <NodeRef refid="198"/>
		</Token>
		
		<Token>
			<TokenIdentifier>//apple_ref/occ/instp/AWSDynamoDBAttributeValue/SS</TokenIdentifier>
			<Abstract type="html">&lt;p&gt;A String Set data type.&lt;/p&gt;</Abstract>
			<DeclaredIn>AWSDynamoDBModel.h</DeclaredIn>
			
			<Declaration>@property (nonatomic, strong) NSArray *SS</Declaration>
			
			
			<Anchor>//api/name/SS</Anchor>
            <NodeRef refid="198"/>
		</Token>
		
        
        
	</File>
</Tokens>