<?xml version="1.0" encoding="UTF-8"?>
<Tokens version="1.0">
	<File path="Classes/AWSEC2DescribeImageAttributeRequest.html">
		
		<Token>
			<TokenIdentifier>//apple_ref/occ/cl/AWSEC2DescribeImageAttributeRequest</TokenIdentifier>
			<Abstract type="html"></Abstract>
			<DeclaredIn>AWSEC2Model.h</DeclaredIn>
            
			
			<NodeRef refid="387"/>
		</Token>
		
		
		<Token>
			<TokenIdentifier>//apple_ref/occ/instm/AWSEC2DescribeImageAttributeRequest/setAttribute:</TokenIdentifier>
			<Abstract type="html">&lt;p&gt;The AMI attribute.&lt;/p&gt;</Abstract>
			<DeclaredIn>AWSEC2Model.h</DeclaredIn>
			
			<Declaration>@property (nonatomic, assign) AWSEC2ImageAttributeName attribute</Declaration>
			
			
			<Anchor>//api/name/attribute</Anchor>
            <NodeRef refid="387"/>
		</Token>
		
		<Token>
			<TokenIdentifier>//apple_ref/occ/instm/AWSEC2DescribeImageAttributeRequest/attribute</TokenIdentifier>
			<Abstract type="html">&lt;p&gt;The AMI attribute.&lt;/p&gt;</Abstract>
			<DeclaredIn>AWSEC2Model.h</DeclaredIn>
			
			<Declaration>@property (nonatomic, assign) AWSEC2ImageAttributeName attribute</Declaration>
			
			
			<Anchor>//api/name/attribute</Anchor>
            <NodeRef refid="387"/>
		</Token>
		
		<Token>
			<TokenIdentifier>//apple_ref/occ/instp/AWSEC2DescribeImageAttributeRequest/attribute</TokenIdentifier>
			<Abstract type="html">&lt;p&gt;The AMI attribute.&lt;/p&gt;</Abstract>
			<DeclaredIn>AWSEC2Model.h</DeclaredIn>
			
			<Declaration>@property (nonatomic, assign) AWSEC2ImageAttributeName attribute</Declaration>
			
			
			<Anchor>//api/name/attribute</Anchor>
            <NodeRef refid="387"/>
		</Token>
		
		<Token>
			<TokenIdentifier>//apple_ref/occ/instm/AWSEC2DescribeImageAttributeRequest/setDryRun:</TokenIdentifier>
			<Abstract type="html"></Abstract>
			<DeclaredIn>AWSEC2Model.h</DeclaredIn>
			
			<Declaration>@property (nonatomic, strong) NSNumber *dryRun</Declaration>
			
			
			<Anchor>//api/name/dryRun</Anchor>
            <NodeRef refid="387"/>
		</Token>
		
		<Token>
			<TokenIdentifier>//apple_ref/occ/instm/AWSEC2DescribeImageAttributeRequest/dryRun</TokenIdentifier>
			<Abstract type="html"></Abstract>
			<DeclaredIn>AWSEC2Model.h</DeclaredIn>
			
			<Declaration>@property (nonatomic, strong) NSNumber *dryRun</Declaration>
			
			
			<Anchor>//api/name/dryRun</Anchor>
            <NodeRef refid="387"/>
		</Token>
		
		<Token>
			<TokenIdentifier>//apple_ref/occ/instp/AWSEC2DescribeImageAttributeRequest/dryRun</TokenIdentifier>
			<Abstract type="html"></Abstract>
			<DeclaredIn>AWSEC2Model.h</DeclaredIn>
			
			<Declaration>@property (nonatomic, strong) NSNumber *dryRun</Declaration>
			
			
			<Anchor>//api/name/dryRun</Anchor>
            <NodeRef refid="387"/>
		</Token>
		
		<Token>
			<TokenIdentifier>//apple_ref/occ/instm/AWSEC2DescribeImageAttributeRequest/setImageId:</TokenIdentifier>
			<Abstract type="html">&lt;p&gt;The ID of the AMI.&lt;/p&gt;</Abstract>
			<DeclaredIn>AWSEC2Model.h</DeclaredIn>
			
			<Declaration>@property (nonatomic, strong) NSString *imageId</Declaration>
			
			
			<Anchor>//api/name/imageId</Anchor>
            <NodeRef refid="387"/>
		</Token>
		
		<Token>
			<TokenIdentifier>//apple_ref/occ/instm/AWSEC2DescribeImageAttributeRequest/imageId</TokenIdentifier>
			<Abstract type="html">&lt;p&gt;The ID of the AMI.&lt;/p&gt;</Abstract>
			<DeclaredIn>AWSEC2Model.h</DeclaredIn>
			
			<Declaration>@property (nonatomic, strong) NSString *imageId</Declaration>
			
			
			<Anchor>//api/name/imageId</Anchor>
            <NodeRef refid="387"/>
		</Token>
		
		<Token>
			<TokenIdentifier>//apple_ref/occ/instp/AWSEC2DescribeImageAttributeRequest/imageId</TokenIdentifier>
			<Abstract type="html">&lt;p&gt;The ID of the AMI.&lt;/p&gt;</Abstract>
			<DeclaredIn>AWSEC2Model.h</DeclaredIn>
			
			<Declaration>@property (nonatomic, strong) NSString *imageId</Declaration>
			
			
			<Anchor>//api/name/imageId</Anchor>
            <NodeRef refid="387"/>
		</Token>
		
        
        
	</File>
</Tokens>