<?xml version="1.0" encoding="UTF-8"?>
<Tokens version="1.0">
	<File path="Classes/AWSEC2IpPermission.html">
		
		<Token>
			<TokenIdentifier>//apple_ref/occ/cl/AWSEC2IpPermission</TokenIdentifier>
			<Abstract type="html">&lt;p&gt;Describes a security group rule.&lt;/p&gt;</Abstract>
			<DeclaredIn>AWSEC2Model.h</DeclaredIn>
            
			
			<NodeRef refid="521"/>
		</Token>
		
		
		<Token>
			<TokenIdentifier>//apple_ref/occ/instm/AWSEC2IpPermission/setFromPort:</TokenIdentifier>
			<Abstract type="html">&lt;p&gt;The start of port range for the TCP and UDP protocols, or an ICMP type number. A value of &lt;code&gt;-1&lt;/code&gt; indicates all ICMP types.&lt;/p&gt;</Abstract>
			<DeclaredIn>AWSEC2Model.h</DeclaredIn>
			
			<Declaration>@property (nonatomic, strong) NSNumber *fromPort</Declaration>
			
			
			<Anchor>//api/name/fromPort</Anchor>
            <NodeRef refid="521"/>
		</Token>
		
		<Token>
			<TokenIdentifier>//apple_ref/occ/instm/AWSEC2IpPermission/fromPort</TokenIdentifier>
			<Abstract type="html">&lt;p&gt;The start of port range for the TCP and UDP protocols, or an ICMP type number. A value of &lt;code&gt;-1&lt;/code&gt; indicates all ICMP types.&lt;/p&gt;</Abstract>
			<DeclaredIn>AWSEC2Model.h</DeclaredIn>
			
			<Declaration>@property (nonatomic, strong) NSNumber *fromPort</Declaration>
			
			
			<Anchor>//api/name/fromPort</Anchor>
            <NodeRef refid="521"/>
		</Token>
		
		<Token>
			<TokenIdentifier>//apple_ref/occ/instp/AWSEC2IpPermission/fromPort</TokenIdentifier>
			<Abstract type="html">&lt;p&gt;The start of port range for the TCP and UDP protocols, or an ICMP type number. A value of &lt;code&gt;-1&lt;/code&gt; indicates all ICMP types.&lt;/p&gt;</Abstract>
			<DeclaredIn>AWSEC2Model.h</DeclaredIn>
			
			<Declaration>@property (nonatomic, strong) NSNumber *fromPort</Declaration>
			
			
			<Anchor>//api/name/fromPort</Anchor>
            <NodeRef refid="521"/>
		</Token>
		
		<Token>
			<TokenIdentifier>//apple_ref/occ/instm/AWSEC2IpPermission/setIpProtocol:</TokenIdentifier>
			<Abstract type="html">&lt;p&gt;The protocol.&lt;/p&gt;&lt;p&gt;When you call &lt;a&gt;DescribeSecurityGroups&lt;/a&gt;, the protocol value returned is the number. Exception: For TCP, UDP, and ICMP, the value returned is the name (for example, &lt;code&gt;tcp&lt;/code&gt;, &lt;code&gt;udp&lt;/code&gt;, or &lt;code&gt;icmp&lt;/code&gt;). For a list of protocol numbers, see Protocol Numbers.&lt;/p&gt;</Abstract>
			<DeclaredIn>AWSEC2Model.h</DeclaredIn>
			
			<Declaration>@property (nonatomic, strong) NSString *ipProtocol</Declaration>
			
			
			<Anchor>//api/name/ipProtocol</Anchor>
            <NodeRef refid="521"/>
		</Token>
		
		<Token>
			<TokenIdentifier>//apple_ref/occ/instm/AWSEC2IpPermission/ipProtocol</TokenIdentifier>
			<Abstract type="html">&lt;p&gt;The protocol.&lt;/p&gt;&lt;p&gt;When you call &lt;a&gt;DescribeSecurityGroups&lt;/a&gt;, the protocol value returned is the number. Exception: For TCP, UDP, and ICMP, the value returned is the name (for example, &lt;code&gt;tcp&lt;/code&gt;, &lt;code&gt;udp&lt;/code&gt;, or &lt;code&gt;icmp&lt;/code&gt;). For a list of protocol numbers, see Protocol Numbers.&lt;/p&gt;</Abstract>
			<DeclaredIn>AWSEC2Model.h</DeclaredIn>
			
			<Declaration>@property (nonatomic, strong) NSString *ipProtocol</Declaration>
			
			
			<Anchor>//api/name/ipProtocol</Anchor>
            <NodeRef refid="521"/>
		</Token>
		
		<Token>
			<TokenIdentifier>//apple_ref/occ/instp/AWSEC2IpPermission/ipProtocol</TokenIdentifier>
			<Abstract type="html">&lt;p&gt;The protocol.&lt;/p&gt;&lt;p&gt;When you call &lt;a&gt;DescribeSecurityGroups&lt;/a&gt;, the protocol value returned is the number. Exception: For TCP, UDP, and ICMP, the value returned is the name (for example, &lt;code&gt;tcp&lt;/code&gt;, &lt;code&gt;udp&lt;/code&gt;, or &lt;code&gt;icmp&lt;/code&gt;). For a list of protocol numbers, see Protocol Numbers.&lt;/p&gt;</Abstract>
			<DeclaredIn>AWSEC2Model.h</DeclaredIn>
			
			<Declaration>@property (nonatomic, strong) NSString *ipProtocol</Declaration>
			
			
			<Anchor>//api/name/ipProtocol</Anchor>
            <NodeRef refid="521"/>
		</Token>
		
		<Token>
			<TokenIdentifier>//apple_ref/occ/instm/AWSEC2IpPermission/setIpRanges:</TokenIdentifier>
			<Abstract type="html">&lt;p&gt;One or more IP ranges.&lt;/p&gt;</Abstract>
			<DeclaredIn>AWSEC2Model.h</DeclaredIn>
			
			<Declaration>@property (nonatomic, strong) NSArray *ipRanges</Declaration>
			
			
			<Anchor>//api/name/ipRanges</Anchor>
            <NodeRef refid="521"/>
		</Token>
		
		<Token>
			<TokenIdentifier>//apple_ref/occ/instm/AWSEC2IpPermission/ipRanges</TokenIdentifier>
			<Abstract type="html">&lt;p&gt;One or more IP ranges.&lt;/p&gt;</Abstract>
			<DeclaredIn>AWSEC2Model.h</DeclaredIn>
			
			<Declaration>@property (nonatomic, strong) NSArray *ipRanges</Declaration>
			
			
			<Anchor>//api/name/ipRanges</Anchor>
            <NodeRef refid="521"/>
		</Token>
		
		<Token>
			<TokenIdentifier>//apple_ref/occ/instp/AWSEC2IpPermission/ipRanges</TokenIdentifier>
			<Abstract type="html">&lt;p&gt;One or more IP ranges.&lt;/p&gt;</Abstract>
			<DeclaredIn>AWSEC2Model.h</DeclaredIn>
			
			<Declaration>@property (nonatomic, strong) NSArray *ipRanges</Declaration>
			
			
			<Anchor>//api/name/ipRanges</Anchor>
            <NodeRef refid="521"/>
		</Token>
		
		<Token>
			<TokenIdentifier>//apple_ref/occ/instm/AWSEC2IpPermission/setToPort:</TokenIdentifier>
			<Abstract type="html">&lt;p&gt;The end of port range for the TCP and UDP protocols, or an ICMP code. A value of &lt;code&gt;-1&lt;/code&gt; indicates all ICMP codes for the specified ICMP type.&lt;/p&gt;</Abstract>
			<DeclaredIn>AWSEC2Model.h</DeclaredIn>
			
			<Declaration>@property (nonatomic, strong) NSNumber *toPort</Declaration>
			
			
			<Anchor>//api/name/toPort</Anchor>
            <NodeRef refid="521"/>
		</Token>
		
		<Token>
			<TokenIdentifier>//apple_ref/occ/instm/AWSEC2IpPermission/toPort</TokenIdentifier>
			<Abstract type="html">&lt;p&gt;The end of port range for the TCP and UDP protocols, or an ICMP code. A value of &lt;code&gt;-1&lt;/code&gt; indicates all ICMP codes for the specified ICMP type.&lt;/p&gt;</Abstract>
			<DeclaredIn>AWSEC2Model.h</DeclaredIn>
			
			<Declaration>@property (nonatomic, strong) NSNumber *toPort</Declaration>
			
			
			<Anchor>//api/name/toPort</Anchor>
            <NodeRef refid="521"/>
		</Token>
		
		<Token>
			<TokenIdentifier>//apple_ref/occ/instp/AWSEC2IpPermission/toPort</TokenIdentifier>
			<Abstract type="html">&lt;p&gt;The end of port range for the TCP and UDP protocols, or an ICMP code. A value of &lt;code&gt;-1&lt;/code&gt; indicates all ICMP codes for the specified ICMP type.&lt;/p&gt;</Abstract>
			<DeclaredIn>AWSEC2Model.h</DeclaredIn>
			
			<Declaration>@property (nonatomic, strong) NSNumber *toPort</Declaration>
			
			
			<Anchor>//api/name/toPort</Anchor>
            <NodeRef refid="521"/>
		</Token>
		
		<Token>
			<TokenIdentifier>//apple_ref/occ/instm/AWSEC2IpPermission/setUserIdGroupPairs:</TokenIdentifier>
			<Abstract type="html">&lt;p&gt;One or more security group and AWS account ID pairs.&lt;/p&gt;</Abstract>
			<DeclaredIn>AWSEC2Model.h</DeclaredIn>
			
			<Declaration>@property (nonatomic, strong) NSArray *userIdGroupPairs</Declaration>
			
			
			<Anchor>//api/name/userIdGroupPairs</Anchor>
            <NodeRef refid="521"/>
		</Token>
		
		<Token>
			<TokenIdentifier>//apple_ref/occ/instm/AWSEC2IpPermission/userIdGroupPairs</TokenIdentifier>
			<Abstract type="html">&lt;p&gt;One or more security group and AWS account ID pairs.&lt;/p&gt;</Abstract>
			<DeclaredIn>AWSEC2Model.h</DeclaredIn>
			
			<Declaration>@property (nonatomic, strong) NSArray *userIdGroupPairs</Declaration>
			
			
			<Anchor>//api/name/userIdGroupPairs</Anchor>
            <NodeRef refid="521"/>
		</Token>
		
		<Token>
			<TokenIdentifier>//apple_ref/occ/instp/AWSEC2IpPermission/userIdGroupPairs</TokenIdentifier>
			<Abstract type="html">&lt;p&gt;One or more security group and AWS account ID pairs.&lt;/p&gt;</Abstract>
			<DeclaredIn>AWSEC2Model.h</DeclaredIn>
			
			<Declaration>@property (nonatomic, strong) NSArray *userIdGroupPairs</Declaration>
			
			
			<Anchor>//api/name/userIdGroupPairs</Anchor>
            <NodeRef refid="521"/>
		</Token>
		
        
        
	</File>
</Tokens>