<?xml version="1.0" encoding="UTF-8"?>
<Tokens version="1.0">
	<File path="Classes/AWSEC2BundleTaskError.html">
		
		<Token>
			<TokenIdentifier>//apple_ref/occ/cl/AWSEC2BundleTaskError</TokenIdentifier>
			<Abstract type="html">&lt;p&gt;Describes an error for &lt;a&gt;BundleInstance&lt;/a&gt;.&lt;/p&gt;</Abstract>
			<DeclaredIn>AWSEC2Model.h</DeclaredIn>
            
			
			<NodeRef refid="289"/>
		</Token>
		
		
		<Token>
			<TokenIdentifier>//apple_ref/occ/instm/AWSEC2BundleTaskError/setCode:</TokenIdentifier>
			<Abstract type="html">&lt;p&gt;The error code.&lt;/p&gt;</Abstract>
			<DeclaredIn>AWSEC2Model.h</DeclaredIn>
			
			<Declaration>@property (nonatomic, strong) NSString *code</Declaration>
			
			
			<Anchor>//api/name/code</Anchor>
            <NodeRef refid="289"/>
		</Token>
		
		<Token>
			<TokenIdentifier>//apple_ref/occ/instm/AWSEC2BundleTaskError/code</TokenIdentifier>
			<Abstract type="html">&lt;p&gt;The error code.&lt;/p&gt;</Abstract>
			<DeclaredIn>AWSEC2Model.h</DeclaredIn>
			
			<Declaration>@property (nonatomic, strong) NSString *code</Declaration>
			
			
			<Anchor>//api/name/code</Anchor>
            <NodeRef refid="289"/>
		</Token>
		
		<Token>
			<TokenIdentifier>//apple_ref/occ/instp/AWSEC2BundleTaskError/code</TokenIdentifier>
			<Abstract type="html">&lt;p&gt;The error code.&lt;/p&gt;</Abstract>
			<DeclaredIn>AWSEC2Model.h</DeclaredIn>
			
			<Declaration>@property (nonatomic, strong) NSString *code</Declaration>
			
			
			<Anchor>//api/name/code</Anchor>
            <NodeRef refid="289"/>
		</Token>
		
		<Token>
			<TokenIdentifier>//apple_ref/occ/instm/AWSEC2BundleTaskError/setMessage:</TokenIdentifier>
			<Abstract type="html">&lt;p&gt;The error message.&lt;/p&gt;</Abstract>
			<DeclaredIn>AWSEC2Model.h</DeclaredIn>
			
			<Declaration>@property (nonatomic, strong) NSString *message</Declaration>
			
			
			<Anchor>//api/name/message</Anchor>
            <NodeRef refid="289"/>
		</Token>
		
		<Token>
			<TokenIdentifier>//apple_ref/occ/instm/AWSEC2BundleTaskError/message</TokenIdentifier>
			<Abstract type="html">&lt;p&gt;The error message.&lt;/p&gt;</Abstract>
			<DeclaredIn>AWSEC2Model.h</DeclaredIn>
			
			<Declaration>@property (nonatomic, strong) NSString *message</Declaration>
			
			
			<Anchor>//api/name/message</Anchor>
            <NodeRef refid="289"/>
		</Token>
		
		<Token>
			<TokenIdentifier>//apple_ref/occ/instp/AWSEC2BundleTaskError/message</TokenIdentifier>
			<Abstract type="html">&lt;p&gt;The error message.&lt;/p&gt;</Abstract>
			<DeclaredIn>AWSEC2Model.h</DeclaredIn>
			
			<Declaration>@property (nonatomic, strong) NSString *message</Declaration>
			
			
			<Anchor>//api/name/message</Anchor>
            <NodeRef refid="289"/>
		</Token>
		
        
        
	</File>
</Tokens>