<?xml version="1.0" encoding="UTF-8"?>
<Tokens version="1.0">
	<File path="Classes/AWSElasticLoadBalancingHealthCheck.html">
		
		<Token>
			<TokenIdentifier>//apple_ref/occ/cl/AWSElasticLoadBalancingHealthCheck</TokenIdentifier>
			<Abstract type="html"></Abstract>
			<DeclaredIn>AWSElasticLoadBalancingModel.h</DeclaredIn>
            
			
			<NodeRef refid="696"/>
		</Token>
		
		
		<Token>
			<TokenIdentifier>//apple_ref/occ/instm/AWSElasticLoadBalancingHealthCheck/setHealthyThreshold:</TokenIdentifier>
			<Abstract type="html"></Abstract>
			<DeclaredIn>AWSElasticLoadBalancingModel.h</DeclaredIn>
			
			<Declaration>@property (nonatomic, strong) NSNumber *healthyThreshold</Declaration>
			
			
			<Anchor>//api/name/healthyThreshold</Anchor>
            <NodeRef refid="696"/>
		</Token>
		
		<Token>
			<TokenIdentifier>//apple_ref/occ/instm/AWSElasticLoadBalancingHealthCheck/healthyThreshold</TokenIdentifier>
			<Abstract type="html"></Abstract>
			<DeclaredIn>AWSElasticLoadBalancingModel.h</DeclaredIn>
			
			<Declaration>@property (nonatomic, strong) NSNumber *healthyThreshold</Declaration>
			
			
			<Anchor>//api/name/healthyThreshold</Anchor>
            <NodeRef refid="696"/>
		</Token>
		
		<Token>
			<TokenIdentifier>//apple_ref/occ/instp/AWSElasticLoadBalancingHealthCheck/healthyThreshold</TokenIdentifier>
			<Abstract type="html"></Abstract>
			<DeclaredIn>AWSElasticLoadBalancingModel.h</DeclaredIn>
			
			<Declaration>@property (nonatomic, strong) NSNumber *healthyThreshold</Declaration>
			
			
			<Anchor>//api/name/healthyThreshold</Anchor>
            <NodeRef refid="696"/>
		</Token>
		
		<Token>
			<TokenIdentifier>//apple_ref/occ/instm/AWSElasticLoadBalancingHealthCheck/setInterval:</TokenIdentifier>
			<Abstract type="html"></Abstract>
			<DeclaredIn>AWSElasticLoadBalancingModel.h</DeclaredIn>
			
			<Declaration>@property (nonatomic, strong) NSNumber *interval</Declaration>
			
			
			<Anchor>//api/name/interval</Anchor>
            <NodeRef refid="696"/>
		</Token>
		
		<Token>
			<TokenIdentifier>//apple_ref/occ/instm/AWSElasticLoadBalancingHealthCheck/interval</TokenIdentifier>
			<Abstract type="html"></Abstract>
			<DeclaredIn>AWSElasticLoadBalancingModel.h</DeclaredIn>
			
			<Declaration>@property (nonatomic, strong) NSNumber *interval</Declaration>
			
			
			<Anchor>//api/name/interval</Anchor>
            <NodeRef refid="696"/>
		</Token>
		
		<Token>
			<TokenIdentifier>//apple_ref/occ/instp/AWSElasticLoadBalancingHealthCheck/interval</TokenIdentifier>
			<Abstract type="html"></Abstract>
			<DeclaredIn>AWSElasticLoadBalancingModel.h</DeclaredIn>
			
			<Declaration>@property (nonatomic, strong) NSNumber *interval</Declaration>
			
			
			<Anchor>//api/name/interval</Anchor>
            <NodeRef refid="696"/>
		</Token>
		
		<Token>
			<TokenIdentifier>//apple_ref/occ/instm/AWSElasticLoadBalancingHealthCheck/setTarget:</TokenIdentifier>
			<Abstract type="html"></Abstract>
			<DeclaredIn>AWSElasticLoadBalancingModel.h</DeclaredIn>
			
			<Declaration>@property (nonatomic, strong) NSString *target</Declaration>
			
			
			<Anchor>//api/name/target</Anchor>
            <NodeRef refid="696"/>
		</Token>
		
		<Token>
			<TokenIdentifier>//apple_ref/occ/instm/AWSElasticLoadBalancingHealthCheck/target</TokenIdentifier>
			<Abstract type="html"></Abstract>
			<DeclaredIn>AWSElasticLoadBalancingModel.h</DeclaredIn>
			
			<Declaration>@property (nonatomic, strong) NSString *target</Declaration>
			
			
			<Anchor>//api/name/target</Anchor>
            <NodeRef refid="696"/>
		</Token>
		
		<Token>
			<TokenIdentifier>//apple_ref/occ/instp/AWSElasticLoadBalancingHealthCheck/target</TokenIdentifier>
			<Abstract type="html"></Abstract>
			<DeclaredIn>AWSElasticLoadBalancingModel.h</DeclaredIn>
			
			<Declaration>@property (nonatomic, strong) NSString *target</Declaration>
			
			
			<Anchor>//api/name/target</Anchor>
            <NodeRef refid="696"/>
		</Token>
		
		<Token>
			<TokenIdentifier>//apple_ref/occ/instm/AWSElasticLoadBalancingHealthCheck/setTimeout:</TokenIdentifier>
			<Abstract type="html"></Abstract>
			<DeclaredIn>AWSElasticLoadBalancingModel.h</DeclaredIn>
			
			<Declaration>@property (nonatomic, strong) NSNumber *timeout</Declaration>
			
			
			<Anchor>//api/name/timeout</Anchor>
            <NodeRef refid="696"/>
		</Token>
		
		<Token>
			<TokenIdentifier>//apple_ref/occ/instm/AWSElasticLoadBalancingHealthCheck/timeout</TokenIdentifier>
			<Abstract type="html"></Abstract>
			<DeclaredIn>AWSElasticLoadBalancingModel.h</DeclaredIn>
			
			<Declaration>@property (nonatomic, strong) NSNumber *timeout</Declaration>
			
			
			<Anchor>//api/name/timeout</Anchor>
            <NodeRef refid="696"/>
		</Token>
		
		<Token>
			<TokenIdentifier>//apple_ref/occ/instp/AWSElasticLoadBalancingHealthCheck/timeout</TokenIdentifier>
			<Abstract type="html"></Abstract>
			<DeclaredIn>AWSElasticLoadBalancingModel.h</DeclaredIn>
			
			<Declaration>@property (nonatomic, strong) NSNumber *timeout</Declaration>
			
			
			<Anchor>//api/name/timeout</Anchor>
            <NodeRef refid="696"/>
		</Token>
		
		<Token>
			<TokenIdentifier>//apple_ref/occ/instm/AWSElasticLoadBalancingHealthCheck/setUnhealthyThreshold:</TokenIdentifier>
			<Abstract type="html"></Abstract>
			<DeclaredIn>AWSElasticLoadBalancingModel.h</DeclaredIn>
			
			<Declaration>@property (nonatomic, strong) NSNumber *unhealthyThreshold</Declaration>
			
			
			<Anchor>//api/name/unhealthyThreshold</Anchor>
            <NodeRef refid="696"/>
		</Token>
		
		<Token>
			<TokenIdentifier>//apple_ref/occ/instm/AWSElasticLoadBalancingHealthCheck/unhealthyThreshold</TokenIdentifier>
			<Abstract type="html"></Abstract>
			<DeclaredIn>AWSElasticLoadBalancingModel.h</DeclaredIn>
			
			<Declaration>@property (nonatomic, strong) NSNumber *unhealthyThreshold</Declaration>
			
			
			<Anchor>//api/name/unhealthyThreshold</Anchor>
            <NodeRef refid="696"/>
		</Token>
		
		<Token>
			<TokenIdentifier>//apple_ref/occ/instp/AWSElasticLoadBalancingHealthCheck/unhealthyThreshold</TokenIdentifier>
			<Abstract type="html"></Abstract>
			<DeclaredIn>AWSElasticLoadBalancingModel.h</DeclaredIn>
			
			<Declaration>@property (nonatomic, strong) NSNumber *unhealthyThreshold</Declaration>
			
			
			<Anchor>//api/name/unhealthyThreshold</Anchor>
            <NodeRef refid="696"/>
		</Token>
		
        
        
	</File>
</Tokens>