<?xml version="1.0" encoding="UTF-8"?>
<Tokens version="1.0">
	<File path="Classes/AWSEC2ReservedInstancesOffering.html">
		
		<Token>
			<TokenIdentifier>//apple_ref/occ/cl/AWSEC2ReservedInstancesOffering</TokenIdentifier>
			<Abstract type="html">&lt;p&gt;Describes a Reserved Instance offering.&lt;/p&gt;</Abstract>
			<DeclaredIn>AWSEC2Model.h</DeclaredIn>
            
			
			<NodeRef refid="590"/>
		</Token>
		
		
		<Token>
			<TokenIdentifier>//apple_ref/occ/instm/AWSEC2ReservedInstancesOffering/setAvailabilityZone:</TokenIdentifier>
			<Abstract type="html">&lt;p&gt;The Availability Zone in which the Reserved Instance can be used.&lt;/p&gt;</Abstract>
			<DeclaredIn>AWSEC2Model.h</DeclaredIn>
			
			<Declaration>@property (nonatomic, strong) NSString *availabilityZone</Declaration>
			
			
			<Anchor>//api/name/availabilityZone</Anchor>
            <NodeRef refid="590"/>
		</Token>
		
		<Token>
			<TokenIdentifier>//apple_ref/occ/instm/AWSEC2ReservedInstancesOffering/availabilityZone</TokenIdentifier>
			<Abstract type="html">&lt;p&gt;The Availability Zone in which the Reserved Instance can be used.&lt;/p&gt;</Abstract>
			<DeclaredIn>AWSEC2Model.h</DeclaredIn>
			
			<Declaration>@property (nonatomic, strong) NSString *availabilityZone</Declaration>
			
			
			<Anchor>//api/name/availabilityZone</Anchor>
            <NodeRef refid="590"/>
		</Token>
		
		<Token>
			<TokenIdentifier>//apple_ref/occ/instp/AWSEC2ReservedInstancesOffering/availabilityZone</TokenIdentifier>
			<Abstract type="html">&lt;p&gt;The Availability Zone in which the Reserved Instance can be used.&lt;/p&gt;</Abstract>
			<DeclaredIn>AWSEC2Model.h</DeclaredIn>
			
			<Declaration>@property (nonatomic, strong) NSString *availabilityZone</Declaration>
			
			
			<Anchor>//api/name/availabilityZone</Anchor>
            <NodeRef refid="590"/>
		</Token>
		
		<Token>
			<TokenIdentifier>//apple_ref/occ/instm/AWSEC2ReservedInstancesOffering/setCurrencyCode:</TokenIdentifier>
			<Abstract type="html">&lt;p&gt;The currency of the Reserved Instance offering you are purchasing. It&apos;s specified using ISO 4217 standard currency codes. At this time, the only supported currency is &lt;code&gt;USD&lt;/code&gt;.&lt;/p&gt;</Abstract>
			<DeclaredIn>AWSEC2Model.h</DeclaredIn>
			
			<Declaration>@property (nonatomic, assign) AWSEC2CurrencyCodeValues currencyCode</Declaration>
			
			
			<Anchor>//api/name/currencyCode</Anchor>
            <NodeRef refid="590"/>
		</Token>
		
		<Token>
			<TokenIdentifier>//apple_ref/occ/instm/AWSEC2ReservedInstancesOffering/currencyCode</TokenIdentifier>
			<Abstract type="html">&lt;p&gt;The currency of the Reserved Instance offering you are purchasing. It&apos;s specified using ISO 4217 standard currency codes. At this time, the only supported currency is &lt;code&gt;USD&lt;/code&gt;.&lt;/p&gt;</Abstract>
			<DeclaredIn>AWSEC2Model.h</DeclaredIn>
			
			<Declaration>@property (nonatomic, assign) AWSEC2CurrencyCodeValues currencyCode</Declaration>
			
			
			<Anchor>//api/name/currencyCode</Anchor>
            <NodeRef refid="590"/>
		</Token>
		
		<Token>
			<TokenIdentifier>//apple_ref/occ/instp/AWSEC2ReservedInstancesOffering/currencyCode</TokenIdentifier>
			<Abstract type="html">&lt;p&gt;The currency of the Reserved Instance offering you are purchasing. It&apos;s specified using ISO 4217 standard currency codes. At this time, the only supported currency is &lt;code&gt;USD&lt;/code&gt;.&lt;/p&gt;</Abstract>
			<DeclaredIn>AWSEC2Model.h</DeclaredIn>
			
			<Declaration>@property (nonatomic, assign) AWSEC2CurrencyCodeValues currencyCode</Declaration>
			
			
			<Anchor>//api/name/currencyCode</Anchor>
            <NodeRef refid="590"/>
		</Token>
		
		<Token>
			<TokenIdentifier>//apple_ref/occ/instm/AWSEC2ReservedInstancesOffering/setDuration:</TokenIdentifier>
			<Abstract type="html">&lt;p&gt;The duration of the Reserved Instance, in seconds.&lt;/p&gt;</Abstract>
			<DeclaredIn>AWSEC2Model.h</DeclaredIn>
			
			<Declaration>@property (nonatomic, strong) NSNumber *duration</Declaration>
			
			
			<Anchor>//api/name/duration</Anchor>
            <NodeRef refid="590"/>
		</Token>
		
		<Token>
			<TokenIdentifier>//apple_ref/occ/instm/AWSEC2ReservedInstancesOffering/duration</TokenIdentifier>
			<Abstract type="html">&lt;p&gt;The duration of the Reserved Instance, in seconds.&lt;/p&gt;</Abstract>
			<DeclaredIn>AWSEC2Model.h</DeclaredIn>
			
			<Declaration>@property (nonatomic, strong) NSNumber *duration</Declaration>
			
			
			<Anchor>//api/name/duration</Anchor>
            <NodeRef refid="590"/>
		</Token>
		
		<Token>
			<TokenIdentifier>//apple_ref/occ/instp/AWSEC2ReservedInstancesOffering/duration</TokenIdentifier>
			<Abstract type="html">&lt;p&gt;The duration of the Reserved Instance, in seconds.&lt;/p&gt;</Abstract>
			<DeclaredIn>AWSEC2Model.h</DeclaredIn>
			
			<Declaration>@property (nonatomic, strong) NSNumber *duration</Declaration>
			
			
			<Anchor>//api/name/duration</Anchor>
            <NodeRef refid="590"/>
		</Token>
		
		<Token>
			<TokenIdentifier>//apple_ref/occ/instm/AWSEC2ReservedInstancesOffering/setFixedPrice:</TokenIdentifier>
			<Abstract type="html">&lt;p&gt;The purchase price of the Reserved Instance.&lt;/p&gt;</Abstract>
			<DeclaredIn>AWSEC2Model.h</DeclaredIn>
			
			<Declaration>@property (nonatomic, strong) NSNumber *fixedPrice</Declaration>
			
			
			<Anchor>//api/name/fixedPrice</Anchor>
            <NodeRef refid="590"/>
		</Token>
		
		<Token>
			<TokenIdentifier>//apple_ref/occ/instm/AWSEC2ReservedInstancesOffering/fixedPrice</TokenIdentifier>
			<Abstract type="html">&lt;p&gt;The purchase price of the Reserved Instance.&lt;/p&gt;</Abstract>
			<DeclaredIn>AWSEC2Model.h</DeclaredIn>
			
			<Declaration>@property (nonatomic, strong) NSNumber *fixedPrice</Declaration>
			
			
			<Anchor>//api/name/fixedPrice</Anchor>
            <NodeRef refid="590"/>
		</Token>
		
		<Token>
			<TokenIdentifier>//apple_ref/occ/instp/AWSEC2ReservedInstancesOffering/fixedPrice</TokenIdentifier>
			<Abstract type="html">&lt;p&gt;The purchase price of the Reserved Instance.&lt;/p&gt;</Abstract>
			<DeclaredIn>AWSEC2Model.h</DeclaredIn>
			
			<Declaration>@property (nonatomic, strong) NSNumber *fixedPrice</Declaration>
			
			
			<Anchor>//api/name/fixedPrice</Anchor>
            <NodeRef refid="590"/>
		</Token>
		
		<Token>
			<TokenIdentifier>//apple_ref/occ/instm/AWSEC2ReservedInstancesOffering/setInstanceTenancy:</TokenIdentifier>
			<Abstract type="html">&lt;p&gt;The tenancy of the reserved instance.&lt;/p&gt;</Abstract>
			<DeclaredIn>AWSEC2Model.h</DeclaredIn>
			
			<Declaration>@property (nonatomic, assign) AWSEC2Tenancy instanceTenancy</Declaration>
			
			
			<Anchor>//api/name/instanceTenancy</Anchor>
            <NodeRef refid="590"/>
		</Token>
		
		<Token>
			<TokenIdentifier>//apple_ref/occ/instm/AWSEC2ReservedInstancesOffering/instanceTenancy</TokenIdentifier>
			<Abstract type="html">&lt;p&gt;The tenancy of the reserved instance.&lt;/p&gt;</Abstract>
			<DeclaredIn>AWSEC2Model.h</DeclaredIn>
			
			<Declaration>@property (nonatomic, assign) AWSEC2Tenancy instanceTenancy</Declaration>
			
			
			<Anchor>//api/name/instanceTenancy</Anchor>
            <NodeRef refid="590"/>
		</Token>
		
		<Token>
			<TokenIdentifier>//apple_ref/occ/instp/AWSEC2ReservedInstancesOffering/instanceTenancy</TokenIdentifier>
			<Abstract type="html">&lt;p&gt;The tenancy of the reserved instance.&lt;/p&gt;</Abstract>
			<DeclaredIn>AWSEC2Model.h</DeclaredIn>
			
			<Declaration>@property (nonatomic, assign) AWSEC2Tenancy instanceTenancy</Declaration>
			
			
			<Anchor>//api/name/instanceTenancy</Anchor>
            <NodeRef refid="590"/>
		</Token>
		
		<Token>
			<TokenIdentifier>//apple_ref/occ/instm/AWSEC2ReservedInstancesOffering/setInstanceType:</TokenIdentifier>
			<Abstract type="html">&lt;p&gt;The instance type on which the Reserved Instance can be used.&lt;/p&gt;</Abstract>
			<DeclaredIn>AWSEC2Model.h</DeclaredIn>
			
			<Declaration>@property (nonatomic, assign) AWSEC2InstanceType instanceType</Declaration>
			
			
			<Anchor>//api/name/instanceType</Anchor>
            <NodeRef refid="590"/>
		</Token>
		
		<Token>
			<TokenIdentifier>//apple_ref/occ/instm/AWSEC2ReservedInstancesOffering/instanceType</TokenIdentifier>
			<Abstract type="html">&lt;p&gt;The instance type on which the Reserved Instance can be used.&lt;/p&gt;</Abstract>
			<DeclaredIn>AWSEC2Model.h</DeclaredIn>
			
			<Declaration>@property (nonatomic, assign) AWSEC2InstanceType instanceType</Declaration>
			
			
			<Anchor>//api/name/instanceType</Anchor>
            <NodeRef refid="590"/>
		</Token>
		
		<Token>
			<TokenIdentifier>//apple_ref/occ/instp/AWSEC2ReservedInstancesOffering/instanceType</TokenIdentifier>
			<Abstract type="html">&lt;p&gt;The instance type on which the Reserved Instance can be used.&lt;/p&gt;</Abstract>
			<DeclaredIn>AWSEC2Model.h</DeclaredIn>
			
			<Declaration>@property (nonatomic, assign) AWSEC2InstanceType instanceType</Declaration>
			
			
			<Anchor>//api/name/instanceType</Anchor>
            <NodeRef refid="590"/>
		</Token>
		
		<Token>
			<TokenIdentifier>//apple_ref/occ/instm/AWSEC2ReservedInstancesOffering/setMarketplace:</TokenIdentifier>
			<Abstract type="html">&lt;p&gt;Indicates whether the offering is available through the Reserved Instance Marketplace (resale) or AWS. If it&apos;s a Reserved Instance Marketplace offering, this is &lt;code&gt;true&lt;/code&gt;.&lt;/p&gt;</Abstract>
			<DeclaredIn>AWSEC2Model.h</DeclaredIn>
			
			<Declaration>@property (nonatomic, strong) NSNumber *marketplace</Declaration>
			
			
			<Anchor>//api/name/marketplace</Anchor>
            <NodeRef refid="590"/>
		</Token>
		
		<Token>
			<TokenIdentifier>//apple_ref/occ/instm/AWSEC2ReservedInstancesOffering/marketplace</TokenIdentifier>
			<Abstract type="html">&lt;p&gt;Indicates whether the offering is available through the Reserved Instance Marketplace (resale) or AWS. If it&apos;s a Reserved Instance Marketplace offering, this is &lt;code&gt;true&lt;/code&gt;.&lt;/p&gt;</Abstract>
			<DeclaredIn>AWSEC2Model.h</DeclaredIn>
			
			<Declaration>@property (nonatomic, strong) NSNumber *marketplace</Declaration>
			
			
			<Anchor>//api/name/marketplace</Anchor>
            <NodeRef refid="590"/>
		</Token>
		
		<Token>
			<TokenIdentifier>//apple_ref/occ/instp/AWSEC2ReservedInstancesOffering/marketplace</TokenIdentifier>
			<Abstract type="html">&lt;p&gt;Indicates whether the offering is available through the Reserved Instance Marketplace (resale) or AWS. If it&apos;s a Reserved Instance Marketplace offering, this is &lt;code&gt;true&lt;/code&gt;.&lt;/p&gt;</Abstract>
			<DeclaredIn>AWSEC2Model.h</DeclaredIn>
			
			<Declaration>@property (nonatomic, strong) NSNumber *marketplace</Declaration>
			
			
			<Anchor>//api/name/marketplace</Anchor>
            <NodeRef refid="590"/>
		</Token>
		
		<Token>
			<TokenIdentifier>//apple_ref/occ/instm/AWSEC2ReservedInstancesOffering/setOfferingType:</TokenIdentifier>
			<Abstract type="html">&lt;p&gt;The Reserved Instance offering type.&lt;/p&gt;</Abstract>
			<DeclaredIn>AWSEC2Model.h</DeclaredIn>
			
			<Declaration>@property (nonatomic, assign) AWSEC2OfferingTypeValues offeringType</Declaration>
			
			
			<Anchor>//api/name/offeringType</Anchor>
            <NodeRef refid="590"/>
		</Token>
		
		<Token>
			<TokenIdentifier>//apple_ref/occ/instm/AWSEC2ReservedInstancesOffering/offeringType</TokenIdentifier>
			<Abstract type="html">&lt;p&gt;The Reserved Instance offering type.&lt;/p&gt;</Abstract>
			<DeclaredIn>AWSEC2Model.h</DeclaredIn>
			
			<Declaration>@property (nonatomic, assign) AWSEC2OfferingTypeValues offeringType</Declaration>
			
			
			<Anchor>//api/name/offeringType</Anchor>
            <NodeRef refid="590"/>
		</Token>
		
		<Token>
			<TokenIdentifier>//apple_ref/occ/instp/AWSEC2ReservedInstancesOffering/offeringType</TokenIdentifier>
			<Abstract type="html">&lt;p&gt;The Reserved Instance offering type.&lt;/p&gt;</Abstract>
			<DeclaredIn>AWSEC2Model.h</DeclaredIn>
			
			<Declaration>@property (nonatomic, assign) AWSEC2OfferingTypeValues offeringType</Declaration>
			
			
			<Anchor>//api/name/offeringType</Anchor>
            <NodeRef refid="590"/>
		</Token>
		
		<Token>
			<TokenIdentifier>//apple_ref/occ/instm/AWSEC2ReservedInstancesOffering/setPricingDetails:</TokenIdentifier>
			<Abstract type="html">&lt;p&gt;The pricing details of the Reserved Instance offering.&lt;/p&gt;</Abstract>
			<DeclaredIn>AWSEC2Model.h</DeclaredIn>
			
			<Declaration>@property (nonatomic, strong) NSArray *pricingDetails</Declaration>
			
			
			<Anchor>//api/name/pricingDetails</Anchor>
            <NodeRef refid="590"/>
		</Token>
		
		<Token>
			<TokenIdentifier>//apple_ref/occ/instm/AWSEC2ReservedInstancesOffering/pricingDetails</TokenIdentifier>
			<Abstract type="html">&lt;p&gt;The pricing details of the Reserved Instance offering.&lt;/p&gt;</Abstract>
			<DeclaredIn>AWSEC2Model.h</DeclaredIn>
			
			<Declaration>@property (nonatomic, strong) NSArray *pricingDetails</Declaration>
			
			
			<Anchor>//api/name/pricingDetails</Anchor>
            <NodeRef refid="590"/>
		</Token>
		
		<Token>
			<TokenIdentifier>//apple_ref/occ/instp/AWSEC2ReservedInstancesOffering/pricingDetails</TokenIdentifier>
			<Abstract type="html">&lt;p&gt;The pricing details of the Reserved Instance offering.&lt;/p&gt;</Abstract>
			<DeclaredIn>AWSEC2Model.h</DeclaredIn>
			
			<Declaration>@property (nonatomic, strong) NSArray *pricingDetails</Declaration>
			
			
			<Anchor>//api/name/pricingDetails</Anchor>
            <NodeRef refid="590"/>
		</Token>
		
		<Token>
			<TokenIdentifier>//apple_ref/occ/instm/AWSEC2ReservedInstancesOffering/setProductDescription:</TokenIdentifier>
			<Abstract type="html">&lt;p&gt;The Reserved Instance description.&lt;/p&gt;</Abstract>
			<DeclaredIn>AWSEC2Model.h</DeclaredIn>
			
			<Declaration>@property (nonatomic, assign) AWSEC2RIProductDescription productDescription</Declaration>
			
			
			<Anchor>//api/name/productDescription</Anchor>
            <NodeRef refid="590"/>
		</Token>
		
		<Token>
			<TokenIdentifier>//apple_ref/occ/instm/AWSEC2ReservedInstancesOffering/productDescription</TokenIdentifier>
			<Abstract type="html">&lt;p&gt;The Reserved Instance description.&lt;/p&gt;</Abstract>
			<DeclaredIn>AWSEC2Model.h</DeclaredIn>
			
			<Declaration>@property (nonatomic, assign) AWSEC2RIProductDescription productDescription</Declaration>
			
			
			<Anchor>//api/name/productDescription</Anchor>
            <NodeRef refid="590"/>
		</Token>
		
		<Token>
			<TokenIdentifier>//apple_ref/occ/instp/AWSEC2ReservedInstancesOffering/productDescription</TokenIdentifier>
			<Abstract type="html">&lt;p&gt;The Reserved Instance description.&lt;/p&gt;</Abstract>
			<DeclaredIn>AWSEC2Model.h</DeclaredIn>
			
			<Declaration>@property (nonatomic, assign) AWSEC2RIProductDescription productDescription</Declaration>
			
			
			<Anchor>//api/name/productDescription</Anchor>
            <NodeRef refid="590"/>
		</Token>
		
		<Token>
			<TokenIdentifier>//apple_ref/occ/instm/AWSEC2ReservedInstancesOffering/setRecurringCharges:</TokenIdentifier>
			<Abstract type="html">&lt;p&gt;The recurring charge tag assigned to the resource.&lt;/p&gt;</Abstract>
			<DeclaredIn>AWSEC2Model.h</DeclaredIn>
			
			<Declaration>@property (nonatomic, strong) NSArray *recurringCharges</Declaration>
			
			
			<Anchor>//api/name/recurringCharges</Anchor>
            <NodeRef refid="590"/>
		</Token>
		
		<Token>
			<TokenIdentifier>//apple_ref/occ/instm/AWSEC2ReservedInstancesOffering/recurringCharges</TokenIdentifier>
			<Abstract type="html">&lt;p&gt;The recurring charge tag assigned to the resource.&lt;/p&gt;</Abstract>
			<DeclaredIn>AWSEC2Model.h</DeclaredIn>
			
			<Declaration>@property (nonatomic, strong) NSArray *recurringCharges</Declaration>
			
			
			<Anchor>//api/name/recurringCharges</Anchor>
            <NodeRef refid="590"/>
		</Token>
		
		<Token>
			<TokenIdentifier>//apple_ref/occ/instp/AWSEC2ReservedInstancesOffering/recurringCharges</TokenIdentifier>
			<Abstract type="html">&lt;p&gt;The recurring charge tag assigned to the resource.&lt;/p&gt;</Abstract>
			<DeclaredIn>AWSEC2Model.h</DeclaredIn>
			
			<Declaration>@property (nonatomic, strong) NSArray *recurringCharges</Declaration>
			
			
			<Anchor>//api/name/recurringCharges</Anchor>
            <NodeRef refid="590"/>
		</Token>
		
		<Token>
			<TokenIdentifier>//apple_ref/occ/instm/AWSEC2ReservedInstancesOffering/setReservedInstancesOfferingId:</TokenIdentifier>
			<Abstract type="html">&lt;p&gt;The ID of the Reserved Instance offering.&lt;/p&gt;</Abstract>
			<DeclaredIn>AWSEC2Model.h</DeclaredIn>
			
			<Declaration>@property (nonatomic, strong) NSString *reservedInstancesOfferingId</Declaration>
			
			
			<Anchor>//api/name/reservedInstancesOfferingId</Anchor>
            <NodeRef refid="590"/>
		</Token>
		
		<Token>
			<TokenIdentifier>//apple_ref/occ/instm/AWSEC2ReservedInstancesOffering/reservedInstancesOfferingId</TokenIdentifier>
			<Abstract type="html">&lt;p&gt;The ID of the Reserved Instance offering.&lt;/p&gt;</Abstract>
			<DeclaredIn>AWSEC2Model.h</DeclaredIn>
			
			<Declaration>@property (nonatomic, strong) NSString *reservedInstancesOfferingId</Declaration>
			
			
			<Anchor>//api/name/reservedInstancesOfferingId</Anchor>
            <NodeRef refid="590"/>
		</Token>
		
		<Token>
			<TokenIdentifier>//apple_ref/occ/instp/AWSEC2ReservedInstancesOffering/reservedInstancesOfferingId</TokenIdentifier>
			<Abstract type="html">&lt;p&gt;The ID of the Reserved Instance offering.&lt;/p&gt;</Abstract>
			<DeclaredIn>AWSEC2Model.h</DeclaredIn>
			
			<Declaration>@property (nonatomic, strong) NSString *reservedInstancesOfferingId</Declaration>
			
			
			<Anchor>//api/name/reservedInstancesOfferingId</Anchor>
            <NodeRef refid="590"/>
		</Token>
		
		<Token>
			<TokenIdentifier>//apple_ref/occ/instm/AWSEC2ReservedInstancesOffering/setUsagePrice:</TokenIdentifier>
			<Abstract type="html">&lt;p&gt;The usage price of the Reserved Instance, per hour.&lt;/p&gt;</Abstract>
			<DeclaredIn>AWSEC2Model.h</DeclaredIn>
			
			<Declaration>@property (nonatomic, strong) NSNumber *usagePrice</Declaration>
			
			
			<Anchor>//api/name/usagePrice</Anchor>
            <NodeRef refid="590"/>
		</Token>
		
		<Token>
			<TokenIdentifier>//apple_ref/occ/instm/AWSEC2ReservedInstancesOffering/usagePrice</TokenIdentifier>
			<Abstract type="html">&lt;p&gt;The usage price of the Reserved Instance, per hour.&lt;/p&gt;</Abstract>
			<DeclaredIn>AWSEC2Model.h</DeclaredIn>
			
			<Declaration>@property (nonatomic, strong) NSNumber *usagePrice</Declaration>
			
			
			<Anchor>//api/name/usagePrice</Anchor>
            <NodeRef refid="590"/>
		</Token>
		
		<Token>
			<TokenIdentifier>//apple_ref/occ/instp/AWSEC2ReservedInstancesOffering/usagePrice</TokenIdentifier>
			<Abstract type="html">&lt;p&gt;The usage price of the Reserved Instance, per hour.&lt;/p&gt;</Abstract>
			<DeclaredIn>AWSEC2Model.h</DeclaredIn>
			
			<Declaration>@property (nonatomic, strong) NSNumber *usagePrice</Declaration>
			
			
			<Anchor>//api/name/usagePrice</Anchor>
            <NodeRef refid="590"/>
		</Token>
		
        
        
	</File>
</Tokens>