<?xml version="1.0" encoding="UTF-8"?>
<Tokens version="1.0">
	<File path="Classes/AWSElasticLoadBalancingPolicyDescription.html">
		
		<Token>
			<TokenIdentifier>//apple_ref/occ/cl/AWSElasticLoadBalancingPolicyDescription</TokenIdentifier>
			<Abstract type="html"></Abstract>
			<DeclaredIn>AWSElasticLoadBalancingModel.h</DeclaredIn>
            
			
			<NodeRef refid="710"/>
		</Token>
		
		
		<Token>
			<TokenIdentifier>//apple_ref/occ/instm/AWSElasticLoadBalancingPolicyDescription/setPolicyAttributeDescriptions:</TokenIdentifier>
			<Abstract type="html"></Abstract>
			<DeclaredIn>AWSElasticLoadBalancingModel.h</DeclaredIn>
			
			<Declaration>@property (nonatomic, strong) NSArray *policyAttributeDescriptions</Declaration>
			
			
			<Anchor>//api/name/policyAttributeDescriptions</Anchor>
            <NodeRef refid="710"/>
		</Token>
		
		<Token>
			<TokenIdentifier>//apple_ref/occ/instm/AWSElasticLoadBalancingPolicyDescription/policyAttributeDescriptions</TokenIdentifier>
			<Abstract type="html"></Abstract>
			<DeclaredIn>AWSElasticLoadBalancingModel.h</DeclaredIn>
			
			<Declaration>@property (nonatomic, strong) NSArray *policyAttributeDescriptions</Declaration>
			
			
			<Anchor>//api/name/policyAttributeDescriptions</Anchor>
            <NodeRef refid="710"/>
		</Token>
		
		<Token>
			<TokenIdentifier>//apple_ref/occ/instp/AWSElasticLoadBalancingPolicyDescription/policyAttributeDescriptions</TokenIdentifier>
			<Abstract type="html"></Abstract>
			<DeclaredIn>AWSElasticLoadBalancingModel.h</DeclaredIn>
			
			<Declaration>@property (nonatomic, strong) NSArray *policyAttributeDescriptions</Declaration>
			
			
			<Anchor>//api/name/policyAttributeDescriptions</Anchor>
            <NodeRef refid="710"/>
		</Token>
		
		<Token>
			<TokenIdentifier>//apple_ref/occ/instm/AWSElasticLoadBalancingPolicyDescription/setPolicyName:</TokenIdentifier>
			<Abstract type="html"></Abstract>
			<DeclaredIn>AWSElasticLoadBalancingModel.h</DeclaredIn>
			
			<Declaration>@property (nonatomic, strong) NSString *policyName</Declaration>
			
			
			<Anchor>//api/name/policyName</Anchor>
            <NodeRef refid="710"/>
		</Token>
		
		<Token>
			<TokenIdentifier>//apple_ref/occ/instm/AWSElasticLoadBalancingPolicyDescription/policyName</TokenIdentifier>
			<Abstract type="html"></Abstract>
			<DeclaredIn>AWSElasticLoadBalancingModel.h</DeclaredIn>
			
			<Declaration>@property (nonatomic, strong) NSString *policyName</Declaration>
			
			
			<Anchor>//api/name/policyName</Anchor>
            <NodeRef refid="710"/>
		</Token>
		
		<Token>
			<TokenIdentifier>//apple_ref/occ/instp/AWSElasticLoadBalancingPolicyDescription/policyName</TokenIdentifier>
			<Abstract type="html"></Abstract>
			<DeclaredIn>AWSElasticLoadBalancingModel.h</DeclaredIn>
			
			<Declaration>@property (nonatomic, strong) NSString *policyName</Declaration>
			
			
			<Anchor>//api/name/policyName</Anchor>
            <NodeRef refid="710"/>
		</Token>
		
		<Token>
			<TokenIdentifier>//apple_ref/occ/instm/AWSElasticLoadBalancingPolicyDescription/setPolicyTypeName:</TokenIdentifier>
			<Abstract type="html"></Abstract>
			<DeclaredIn>AWSElasticLoadBalancingModel.h</DeclaredIn>
			
			<Declaration>@property (nonatomic, strong) NSString *policyTypeName</Declaration>
			
			
			<Anchor>//api/name/policyTypeName</Anchor>
            <NodeRef refid="710"/>
		</Token>
		
		<Token>
			<TokenIdentifier>//apple_ref/occ/instm/AWSElasticLoadBalancingPolicyDescription/policyTypeName</TokenIdentifier>
			<Abstract type="html"></Abstract>
			<DeclaredIn>AWSElasticLoadBalancingModel.h</DeclaredIn>
			
			<Declaration>@property (nonatomic, strong) NSString *policyTypeName</Declaration>
			
			
			<Anchor>//api/name/policyTypeName</Anchor>
            <NodeRef refid="710"/>
		</Token>
		
		<Token>
			<TokenIdentifier>//apple_ref/occ/instp/AWSElasticLoadBalancingPolicyDescription/policyTypeName</TokenIdentifier>
			<Abstract type="html"></Abstract>
			<DeclaredIn>AWSElasticLoadBalancingModel.h</DeclaredIn>
			
			<Declaration>@property (nonatomic, strong) NSString *policyTypeName</Declaration>
			
			
			<Anchor>//api/name/policyTypeName</Anchor>
            <NodeRef refid="710"/>
		</Token>
		
        
        
	</File>
</Tokens>