<?xml version="1.0" encoding="UTF-8"?>
<Tokens version="1.0">
	<File path="Classes/AWSCognitoIdentityLookupDeveloperIdentityResponse.html">
		
		<Token>
			<TokenIdentifier>//apple_ref/occ/cl/AWSCognitoIdentityLookupDeveloperIdentityResponse</TokenIdentifier>
			<Abstract type="html">&lt;p&gt;Returned in response to a successful &lt;code&gt;LookupDeveloperIdentity&lt;/code&gt; action.&lt;/p&gt;</Abstract>
			<DeclaredIn>AWSCognitoIdentityModel.h</DeclaredIn>
            
			
			<NodeRef refid="144"/>
		</Token>
		
		
		<Token>
			<TokenIdentifier>//apple_ref/occ/instm/AWSCognitoIdentityLookupDeveloperIdentityResponse/setDeveloperUserIdentifierList:</TokenIdentifier>
			<Abstract type="html">&lt;p&gt;This is the list of developer user identifiers associated with an identity ID. Cognito supports the association of multiple developer user identifiers with an identity ID.&lt;/p&gt;</Abstract>
			<DeclaredIn>AWSCognitoIdentityModel.h</DeclaredIn>
			
			<Declaration>@property (nonatomic, strong) NSArray *developerUserIdentifierList</Declaration>
			
			
			<Anchor>//api/name/developerUserIdentifierList</Anchor>
            <NodeRef refid="144"/>
		</Token>
		
		<Token>
			<TokenIdentifier>//apple_ref/occ/instm/AWSCognitoIdentityLookupDeveloperIdentityResponse/developerUserIdentifierList</TokenIdentifier>
			<Abstract type="html">&lt;p&gt;This is the list of developer user identifiers associated with an identity ID. Cognito supports the association of multiple developer user identifiers with an identity ID.&lt;/p&gt;</Abstract>
			<DeclaredIn>AWSCognitoIdentityModel.h</DeclaredIn>
			
			<Declaration>@property (nonatomic, strong) NSArray *developerUserIdentifierList</Declaration>
			
			
			<Anchor>//api/name/developerUserIdentifierList</Anchor>
            <NodeRef refid="144"/>
		</Token>
		
		<Token>
			<TokenIdentifier>//apple_ref/occ/instp/AWSCognitoIdentityLookupDeveloperIdentityResponse/developerUserIdentifierList</TokenIdentifier>
			<Abstract type="html">&lt;p&gt;This is the list of developer user identifiers associated with an identity ID. Cognito supports the association of multiple developer user identifiers with an identity ID.&lt;/p&gt;</Abstract>
			<DeclaredIn>AWSCognitoIdentityModel.h</DeclaredIn>
			
			<Declaration>@property (nonatomic, strong) NSArray *developerUserIdentifierList</Declaration>
			
			
			<Anchor>//api/name/developerUserIdentifierList</Anchor>
            <NodeRef refid="144"/>
		</Token>
		
		<Token>
			<TokenIdentifier>//apple_ref/occ/instm/AWSCognitoIdentityLookupDeveloperIdentityResponse/setIdentityId:</TokenIdentifier>
			<Abstract type="html">&lt;p&gt;A unique identifier in the format REGION:GUID.&lt;/p&gt;</Abstract>
			<DeclaredIn>AWSCognitoIdentityModel.h</DeclaredIn>
			
			<Declaration>@property (nonatomic, strong) NSString *identityId</Declaration>
			
			
			<Anchor>//api/name/identityId</Anchor>
            <NodeRef refid="144"/>
		</Token>
		
		<Token>
			<TokenIdentifier>//apple_ref/occ/instm/AWSCognitoIdentityLookupDeveloperIdentityResponse/identityId</TokenIdentifier>
			<Abstract type="html">&lt;p&gt;A unique identifier in the format REGION:GUID.&lt;/p&gt;</Abstract>
			<DeclaredIn>AWSCognitoIdentityModel.h</DeclaredIn>
			
			<Declaration>@property (nonatomic, strong) NSString *identityId</Declaration>
			
			
			<Anchor>//api/name/identityId</Anchor>
            <NodeRef refid="144"/>
		</Token>
		
		<Token>
			<TokenIdentifier>//apple_ref/occ/instp/AWSCognitoIdentityLookupDeveloperIdentityResponse/identityId</TokenIdentifier>
			<Abstract type="html">&lt;p&gt;A unique identifier in the format REGION:GUID.&lt;/p&gt;</Abstract>
			<DeclaredIn>AWSCognitoIdentityModel.h</DeclaredIn>
			
			<Declaration>@property (nonatomic, strong) NSString *identityId</Declaration>
			
			
			<Anchor>//api/name/identityId</Anchor>
            <NodeRef refid="144"/>
		</Token>
		
		<Token>
			<TokenIdentifier>//apple_ref/occ/instm/AWSCognitoIdentityLookupDeveloperIdentityResponse/setNextToken:</TokenIdentifier>
			<Abstract type="html">&lt;p&gt;A pagination token. The first call you make will have &lt;code&gt;NextToken&lt;/code&gt; set to null. After that the service will return &lt;code&gt;NextToken&lt;/code&gt; values as needed. For example, let&apos;s say you make a request with &lt;code&gt;MaxResults&lt;/code&gt; set to 10, and there are 20 matches in the database. The service will return a pagination token as a part of the response. This token can be used to call the API again and get results starting from the 11th match.&lt;/p&gt;</Abstract>
			<DeclaredIn>AWSCognitoIdentityModel.h</DeclaredIn>
			
			<Declaration>@property (nonatomic, strong) NSString *nextToken</Declaration>
			
			
			<Anchor>//api/name/nextToken</Anchor>
            <NodeRef refid="144"/>
		</Token>
		
		<Token>
			<TokenIdentifier>//apple_ref/occ/instm/AWSCognitoIdentityLookupDeveloperIdentityResponse/nextToken</TokenIdentifier>
			<Abstract type="html">&lt;p&gt;A pagination token. The first call you make will have &lt;code&gt;NextToken&lt;/code&gt; set to null. After that the service will return &lt;code&gt;NextToken&lt;/code&gt; values as needed. For example, let&apos;s say you make a request with &lt;code&gt;MaxResults&lt;/code&gt; set to 10, and there are 20 matches in the database. The service will return a pagination token as a part of the response. This token can be used to call the API again and get results starting from the 11th match.&lt;/p&gt;</Abstract>
			<DeclaredIn>AWSCognitoIdentityModel.h</DeclaredIn>
			
			<Declaration>@property (nonatomic, strong) NSString *nextToken</Declaration>
			
			
			<Anchor>//api/name/nextToken</Anchor>
            <NodeRef refid="144"/>
		</Token>
		
		<Token>
			<TokenIdentifier>//apple_ref/occ/instp/AWSCognitoIdentityLookupDeveloperIdentityResponse/nextToken</TokenIdentifier>
			<Abstract type="html">&lt;p&gt;A pagination token. The first call you make will have &lt;code&gt;NextToken&lt;/code&gt; set to null. After that the service will return &lt;code&gt;NextToken&lt;/code&gt; values as needed. For example, let&apos;s say you make a request with &lt;code&gt;MaxResults&lt;/code&gt; set to 10, and there are 20 matches in the database. The service will return a pagination token as a part of the response. This token can be used to call the API again and get results starting from the 11th match.&lt;/p&gt;</Abstract>
			<DeclaredIn>AWSCognitoIdentityModel.h</DeclaredIn>
			
			<Declaration>@property (nonatomic, strong) NSString *nextToken</Declaration>
			
			
			<Anchor>//api/name/nextToken</Anchor>
            <NodeRef refid="144"/>
		</Token>
		
        
        
	</File>
</Tokens>