<?xml version="1.0" encoding="UTF-8"?>
<Tokens version="1.0">
	<File path="Constants/AWSEC2ConversionTaskState.html">
		
		<Token>
			<TokenIdentifier>//apple_ref/c/tdef/AWSEC2ConversionTaskState</TokenIdentifier>
			<Abstract type="html"></Abstract>
			<DeclaredIn>AWSEC2Model.h</DeclaredIn>
            
			
			<NodeRef refid="1165"/>
		</Token>
		
		
        
        <Token>
            <TokenIdentifier>//apple_ref/c/econst/AWSEC2ConversionTaskStateUnknown</TokenIdentifier>
            <Abstract type="html"></Abstract>
            <Declaration>AWSEC2ConversionTaskStateUnknown</Declaration>
            
            <DeclaredIn>AWSEC2Model.h</DeclaredIn>
            
            <NodeRef refid="1165"/>
        </Token>
        
        <Token>
            <TokenIdentifier>//apple_ref/c/econst/AWSEC2ConversionTaskStateActive</TokenIdentifier>
            <Abstract type="html"></Abstract>
            <Declaration>AWSEC2ConversionTaskStateActive</Declaration>
            
            <DeclaredIn>AWSEC2Model.h</DeclaredIn>
            
            <NodeRef refid="1165"/>
        </Token>
        
        <Token>
            <TokenIdentifier>//apple_ref/c/econst/AWSEC2ConversionTaskStateCancelling</TokenIdentifier>
            <Abstract type="html"></Abstract>
            <Declaration>AWSEC2ConversionTaskStateCancelling</Declaration>
            
            <DeclaredIn>AWSEC2Model.h</DeclaredIn>
            
            <NodeRef refid="1165"/>
        </Token>
        
        <Token>
            <TokenIdentifier>//apple_ref/c/econst/AWSEC2ConversionTaskStateCancelled</TokenIdentifier>
            <Abstract type="html"></Abstract>
            <Declaration>AWSEC2ConversionTaskStateCancelled</Declaration>
            
            <DeclaredIn>AWSEC2Model.h</DeclaredIn>
            
            <NodeRef refid="1165"/>
        </Token>
        
        <Token>
            <TokenIdentifier>//apple_ref/c/econst/AWSEC2ConversionTaskStateCompleted</TokenIdentifier>
            <Abstract type="html"></Abstract>
            <Declaration>AWSEC2ConversionTaskStateCompleted</Declaration>
            
            <DeclaredIn>AWSEC2Model.h</DeclaredIn>
            
            <NodeRef refid="1165"/>
        </Token>
        
        
	</File>
</Tokens>