<?xml version="1.0" encoding="UTF-8"?>
<Tokens version="1.0">
	<File path="Classes/AWSDynamoDBKeySchemaElement.html">
		
		<Token>
			<TokenIdentifier>//apple_ref/occ/cl/AWSDynamoDBKeySchemaElement</TokenIdentifier>
			<Abstract type="html">&lt;p&gt;Represents &lt;i&gt;a single element&lt;/i&gt; of a key schema. A key schema specifies the attributes that make up the primary key of a table, or the key attributes of an index.&lt;/p&gt;&lt;p&gt;A &lt;i&gt;KeySchemaElement&lt;/i&gt; represents exactly one attribute of the primary key. For example, a hash type primary key would be represented by one &lt;i&gt;KeySchemaElement&lt;/i&gt;. A hash-and-range type primary key would require one &lt;i&gt;KeySchemaElement&lt;/i&gt; for the hash attribute, and another &lt;i&gt;KeySchemaElement&lt;/i&gt; for the range attribute.&lt;/p&gt;
Required parameters: [AttributeName, KeyType]</Abstract>
			<DeclaredIn>AWSDynamoDBModel.h</DeclaredIn>
            
			
			<NodeRef refid="225"/>
		</Token>
		
		
		<Token>
			<TokenIdentifier>//apple_ref/occ/instm/AWSDynamoDBKeySchemaElement/setAttributeName:</TokenIdentifier>
			<Abstract type="html">&lt;p&gt;The name of a key attribute.&lt;/p&gt;</Abstract>
			<DeclaredIn>AWSDynamoDBModel.h</DeclaredIn>
			
			<Declaration>@property (nonatomic, strong) NSString *attributeName</Declaration>
			
			
			<Anchor>//api/name/attributeName</Anchor>
            <NodeRef refid="225"/>
		</Token>
		
		<Token>
			<TokenIdentifier>//apple_ref/occ/instm/AWSDynamoDBKeySchemaElement/attributeName</TokenIdentifier>
			<Abstract type="html">&lt;p&gt;The name of a key attribute.&lt;/p&gt;</Abstract>
			<DeclaredIn>AWSDynamoDBModel.h</DeclaredIn>
			
			<Declaration>@property (nonatomic, strong) NSString *attributeName</Declaration>
			
			
			<Anchor>//api/name/attributeName</Anchor>
            <NodeRef refid="225"/>
		</Token>
		
		<Token>
			<TokenIdentifier>//apple_ref/occ/instp/AWSDynamoDBKeySchemaElement/attributeName</TokenIdentifier>
			<Abstract type="html">&lt;p&gt;The name of a key attribute.&lt;/p&gt;</Abstract>
			<DeclaredIn>AWSDynamoDBModel.h</DeclaredIn>
			
			<Declaration>@property (nonatomic, strong) NSString *attributeName</Declaration>
			
			
			<Anchor>//api/name/attributeName</Anchor>
            <NodeRef refid="225"/>
		</Token>
		
		<Token>
			<TokenIdentifier>//apple_ref/occ/instm/AWSDynamoDBKeySchemaElement/setKeyType:</TokenIdentifier>
			<Abstract type="html">&lt;p&gt;The attribute data, consisting of the data type and the attribute value itself.&lt;/p&gt;</Abstract>
			<DeclaredIn>AWSDynamoDBModel.h</DeclaredIn>
			
			<Declaration>@property (nonatomic, assign) AWSDynamoDBKeyType keyType</Declaration>
			
			
			<Anchor>//api/name/keyType</Anchor>
            <NodeRef refid="225"/>
		</Token>
		
		<Token>
			<TokenIdentifier>//apple_ref/occ/instm/AWSDynamoDBKeySchemaElement/keyType</TokenIdentifier>
			<Abstract type="html">&lt;p&gt;The attribute data, consisting of the data type and the attribute value itself.&lt;/p&gt;</Abstract>
			<DeclaredIn>AWSDynamoDBModel.h</DeclaredIn>
			
			<Declaration>@property (nonatomic, assign) AWSDynamoDBKeyType keyType</Declaration>
			
			
			<Anchor>//api/name/keyType</Anchor>
            <NodeRef refid="225"/>
		</Token>
		
		<Token>
			<TokenIdentifier>//apple_ref/occ/instp/AWSDynamoDBKeySchemaElement/keyType</TokenIdentifier>
			<Abstract type="html">&lt;p&gt;The attribute data, consisting of the data type and the attribute value itself.&lt;/p&gt;</Abstract>
			<DeclaredIn>AWSDynamoDBModel.h</DeclaredIn>
			
			<Declaration>@property (nonatomic, assign) AWSDynamoDBKeyType keyType</Declaration>
			
			
			<Anchor>//api/name/keyType</Anchor>
            <NodeRef refid="225"/>
		</Token>
		
        
        
	</File>
</Tokens>