<?xml version="1.0" encoding="UTF-8"?>
<Tokens version="1.0">
	<File path="Classes/AWSEC2VpcPeeringConnectionStateReason.html">
		
		<Token>
			<TokenIdentifier>//apple_ref/occ/cl/AWSEC2VpcPeeringConnectionStateReason</TokenIdentifier>
			<Abstract type="html">&lt;p&gt;Describes the status of a VPC peering connection.&lt;/p&gt;</Abstract>
			<DeclaredIn>AWSEC2Model.h</DeclaredIn>
            
			
			<NodeRef refid="640"/>
		</Token>
		
		
		<Token>
			<TokenIdentifier>//apple_ref/occ/instm/AWSEC2VpcPeeringConnectionStateReason/setCode:</TokenIdentifier>
			<Abstract type="html">&lt;p&gt;The status of the VPC peering connection.&lt;/p&gt;</Abstract>
			<DeclaredIn>AWSEC2Model.h</DeclaredIn>
			
			<Declaration>@property (nonatomic, strong) NSString *code</Declaration>
			
			
			<Anchor>//api/name/code</Anchor>
            <NodeRef refid="640"/>
		</Token>
		
		<Token>
			<TokenIdentifier>//apple_ref/occ/instm/AWSEC2VpcPeeringConnectionStateReason/code</TokenIdentifier>
			<Abstract type="html">&lt;p&gt;The status of the VPC peering connection.&lt;/p&gt;</Abstract>
			<DeclaredIn>AWSEC2Model.h</DeclaredIn>
			
			<Declaration>@property (nonatomic, strong) NSString *code</Declaration>
			
			
			<Anchor>//api/name/code</Anchor>
            <NodeRef refid="640"/>
		</Token>
		
		<Token>
			<TokenIdentifier>//apple_ref/occ/instp/AWSEC2VpcPeeringConnectionStateReason/code</TokenIdentifier>
			<Abstract type="html">&lt;p&gt;The status of the VPC peering connection.&lt;/p&gt;</Abstract>
			<DeclaredIn>AWSEC2Model.h</DeclaredIn>
			
			<Declaration>@property (nonatomic, strong) NSString *code</Declaration>
			
			
			<Anchor>//api/name/code</Anchor>
            <NodeRef refid="640"/>
		</Token>
		
		<Token>
			<TokenIdentifier>//apple_ref/occ/instm/AWSEC2VpcPeeringConnectionStateReason/setMessage:</TokenIdentifier>
			<Abstract type="html">&lt;p&gt;A message that provides more information about the status, if applicable.&lt;/p&gt;</Abstract>
			<DeclaredIn>AWSEC2Model.h</DeclaredIn>
			
			<Declaration>@property (nonatomic, strong) NSString *message</Declaration>
			
			
			<Anchor>//api/name/message</Anchor>
            <NodeRef refid="640"/>
		</Token>
		
		<Token>
			<TokenIdentifier>//apple_ref/occ/instm/AWSEC2VpcPeeringConnectionStateReason/message</TokenIdentifier>
			<Abstract type="html">&lt;p&gt;A message that provides more information about the status, if applicable.&lt;/p&gt;</Abstract>
			<DeclaredIn>AWSEC2Model.h</DeclaredIn>
			
			<Declaration>@property (nonatomic, strong) NSString *message</Declaration>
			
			
			<Anchor>//api/name/message</Anchor>
            <NodeRef refid="640"/>
		</Token>
		
		<Token>
			<TokenIdentifier>//apple_ref/occ/instp/AWSEC2VpcPeeringConnectionStateReason/message</TokenIdentifier>
			<Abstract type="html">&lt;p&gt;A message that provides more information about the status, if applicable.&lt;/p&gt;</Abstract>
			<DeclaredIn>AWSEC2Model.h</DeclaredIn>
			
			<Declaration>@property (nonatomic, strong) NSString *message</Declaration>
			
			
			<Anchor>//api/name/message</Anchor>
            <NodeRef refid="640"/>
		</Token>
		
        
        
	</File>
</Tokens>