<?xml version="1.0" encoding="UTF-8"?>
<Tokens version="1.0">
	<File path="Constants/AWSJSONParserErrorType.html">
		
		<Token>
			<TokenIdentifier>//apple_ref/c/tdef/AWSJSONParserErrorType</TokenIdentifier>
			<Abstract type="html"></Abstract>
			<DeclaredIn>AWSSerialization.h</DeclaredIn>
            
			
			<NodeRef refid="1232"/>
		</Token>
		
		
        
        <Token>
            <TokenIdentifier>//apple_ref/c/econst/AWSJSONParserUnknownError</TokenIdentifier>
            <Abstract type="html"></Abstract>
            <Declaration>AWSJSONParserUnknownError</Declaration>
            
            <DeclaredIn>AWSSerialization.h</DeclaredIn>
            
            <NodeRef refid="1232"/>
        </Token>
        
        <Token>
            <TokenIdentifier>//apple_ref/c/econst/AWSJSONParserDefinitionFileIsEmpty</TokenIdentifier>
            <Abstract type="html"></Abstract>
            <Declaration>AWSJSONParserDefinitionFileIsEmpty</Declaration>
            
            <DeclaredIn>AWSSerialization.h</DeclaredIn>
            
            <NodeRef refid="1232"/>
        </Token>
        
        <Token>
            <TokenIdentifier>//apple_ref/c/econst/AWSJSONParserUndefinedActionRule</TokenIdentifier>
            <Abstract type="html"></Abstract>
            <Declaration>AWSJSONParserUndefinedActionRule</Declaration>
            
            <DeclaredIn>AWSSerialization.h</DeclaredIn>
            
            <NodeRef refid="1232"/>
        </Token>
        
        <Token>
            <TokenIdentifier>//apple_ref/c/econst/AWSJSONParserInternalError</TokenIdentifier>
            <Abstract type="html"></Abstract>
            <Declaration>AWSJSONParserInternalError</Declaration>
            
            <DeclaredIn>AWSSerialization.h</DeclaredIn>
            
            <NodeRef refid="1232"/>
        </Token>
        
        <Token>
            <TokenIdentifier>//apple_ref/c/econst/AWSJSONParserInvalidParameter</TokenIdentifier>
            <Abstract type="html"></Abstract>
            <Declaration>AWSJSONParserInvalidParameter</Declaration>
            
            <DeclaredIn>AWSSerialization.h</DeclaredIn>
            
            <NodeRef refid="1232"/>
        </Token>
        
        
	</File>
</Tokens>