<?xml version="1.0" encoding="UTF-8"?>
<Tokens version="1.0">
	<File path="Classes/AWSEC2TagDescription.html">
		
		<Token>
			<TokenIdentifier>//apple_ref/occ/cl/AWSEC2TagDescription</TokenIdentifier>
			<Abstract type="html">&lt;p&gt;Describes a tag.&lt;/p&gt;</Abstract>
			<DeclaredIn>AWSEC2Model.h</DeclaredIn>
            
			
			<NodeRef refid="619"/>
		</Token>
		
		
		<Token>
			<TokenIdentifier>//apple_ref/occ/instm/AWSEC2TagDescription/setKey:</TokenIdentifier>
			<Abstract type="html">&lt;p&gt;The key of the tag.&lt;/p&gt;</Abstract>
			<DeclaredIn>AWSEC2Model.h</DeclaredIn>
			
			<Declaration>@property (nonatomic, strong) NSString *key</Declaration>
			
			
			<Anchor>//api/name/key</Anchor>
            <NodeRef refid="619"/>
		</Token>
		
		<Token>
			<TokenIdentifier>//apple_ref/occ/instm/AWSEC2TagDescription/key</TokenIdentifier>
			<Abstract type="html">&lt;p&gt;The key of the tag.&lt;/p&gt;</Abstract>
			<DeclaredIn>AWSEC2Model.h</DeclaredIn>
			
			<Declaration>@property (nonatomic, strong) NSString *key</Declaration>
			
			
			<Anchor>//api/name/key</Anchor>
            <NodeRef refid="619"/>
		</Token>
		
		<Token>
			<TokenIdentifier>//apple_ref/occ/instp/AWSEC2TagDescription/key</TokenIdentifier>
			<Abstract type="html">&lt;p&gt;The key of the tag.&lt;/p&gt;</Abstract>
			<DeclaredIn>AWSEC2Model.h</DeclaredIn>
			
			<Declaration>@property (nonatomic, strong) NSString *key</Declaration>
			
			
			<Anchor>//api/name/key</Anchor>
            <NodeRef refid="619"/>
		</Token>
		
		<Token>
			<TokenIdentifier>//apple_ref/occ/instm/AWSEC2TagDescription/setResourceId:</TokenIdentifier>
			<Abstract type="html">&lt;p&gt;The ID of the resource. For example, &lt;code&gt;ami-1a2b3c4d&lt;/code&gt;.&lt;/p&gt;</Abstract>
			<DeclaredIn>AWSEC2Model.h</DeclaredIn>
			
			<Declaration>@property (nonatomic, strong) NSString *resourceId</Declaration>
			
			
			<Anchor>//api/name/resourceId</Anchor>
            <NodeRef refid="619"/>
		</Token>
		
		<Token>
			<TokenIdentifier>//apple_ref/occ/instm/AWSEC2TagDescription/resourceId</TokenIdentifier>
			<Abstract type="html">&lt;p&gt;The ID of the resource. For example, &lt;code&gt;ami-1a2b3c4d&lt;/code&gt;.&lt;/p&gt;</Abstract>
			<DeclaredIn>AWSEC2Model.h</DeclaredIn>
			
			<Declaration>@property (nonatomic, strong) NSString *resourceId</Declaration>
			
			
			<Anchor>//api/name/resourceId</Anchor>
            <NodeRef refid="619"/>
		</Token>
		
		<Token>
			<TokenIdentifier>//apple_ref/occ/instp/AWSEC2TagDescription/resourceId</TokenIdentifier>
			<Abstract type="html">&lt;p&gt;The ID of the resource. For example, &lt;code&gt;ami-1a2b3c4d&lt;/code&gt;.&lt;/p&gt;</Abstract>
			<DeclaredIn>AWSEC2Model.h</DeclaredIn>
			
			<Declaration>@property (nonatomic, strong) NSString *resourceId</Declaration>
			
			
			<Anchor>//api/name/resourceId</Anchor>
            <NodeRef refid="619"/>
		</Token>
		
		<Token>
			<TokenIdentifier>//apple_ref/occ/instm/AWSEC2TagDescription/setResourceType:</TokenIdentifier>
			<Abstract type="html">&lt;p&gt;The type of resource.&lt;/p&gt;</Abstract>
			<DeclaredIn>AWSEC2Model.h</DeclaredIn>
			
			<Declaration>@property (nonatomic, assign) AWSEC2ResourceType resourceType</Declaration>
			
			
			<Anchor>//api/name/resourceType</Anchor>
            <NodeRef refid="619"/>
		</Token>
		
		<Token>
			<TokenIdentifier>//apple_ref/occ/instm/AWSEC2TagDescription/resourceType</TokenIdentifier>
			<Abstract type="html">&lt;p&gt;The type of resource.&lt;/p&gt;</Abstract>
			<DeclaredIn>AWSEC2Model.h</DeclaredIn>
			
			<Declaration>@property (nonatomic, assign) AWSEC2ResourceType resourceType</Declaration>
			
			
			<Anchor>//api/name/resourceType</Anchor>
            <NodeRef refid="619"/>
		</Token>
		
		<Token>
			<TokenIdentifier>//apple_ref/occ/instp/AWSEC2TagDescription/resourceType</TokenIdentifier>
			<Abstract type="html">&lt;p&gt;The type of resource.&lt;/p&gt;</Abstract>
			<DeclaredIn>AWSEC2Model.h</DeclaredIn>
			
			<Declaration>@property (nonatomic, assign) AWSEC2ResourceType resourceType</Declaration>
			
			
			<Anchor>//api/name/resourceType</Anchor>
            <NodeRef refid="619"/>
		</Token>
		
		<Token>
			<TokenIdentifier>//apple_ref/occ/instm/AWSEC2TagDescription/setValue:</TokenIdentifier>
			<Abstract type="html">&lt;p&gt;The value of the tag.&lt;/p&gt;</Abstract>
			<DeclaredIn>AWSEC2Model.h</DeclaredIn>
			
			<Declaration>@property (nonatomic, strong) NSString *value</Declaration>
			
			
			<Anchor>//api/name/value</Anchor>
            <NodeRef refid="619"/>
		</Token>
		
		<Token>
			<TokenIdentifier>//apple_ref/occ/instm/AWSEC2TagDescription/value</TokenIdentifier>
			<Abstract type="html">&lt;p&gt;The value of the tag.&lt;/p&gt;</Abstract>
			<DeclaredIn>AWSEC2Model.h</DeclaredIn>
			
			<Declaration>@property (nonatomic, strong) NSString *value</Declaration>
			
			
			<Anchor>//api/name/value</Anchor>
            <NodeRef refid="619"/>
		</Token>
		
		<Token>
			<TokenIdentifier>//apple_ref/occ/instp/AWSEC2TagDescription/value</TokenIdentifier>
			<Abstract type="html">&lt;p&gt;The value of the tag.&lt;/p&gt;</Abstract>
			<DeclaredIn>AWSEC2Model.h</DeclaredIn>
			
			<Declaration>@property (nonatomic, strong) NSString *value</Declaration>
			
			
			<Anchor>//api/name/value</Anchor>
            <NodeRef refid="619"/>
		</Token>
		
        
        
	</File>
</Tokens>