<?xml version="1.0" encoding="UTF-8"?>
<Tokens version="1.0">
	<File path="Classes/AWSEC2RejectVpcPeeringConnectionResult.html">
		
		<Token>
			<TokenIdentifier>//apple_ref/occ/cl/AWSEC2RejectVpcPeeringConnectionResult</TokenIdentifier>
			<Abstract type="html"></Abstract>
			<DeclaredIn>AWSEC2Model.h</DeclaredIn>
            
			
			<NodeRef refid="566"/>
		</Token>
		
		
		<Token>
			<TokenIdentifier>//apple_ref/occ/instm/AWSEC2RejectVpcPeeringConnectionResult/setReturned:</TokenIdentifier>
			<Abstract type="html">&lt;p&gt;Returns &lt;code&gt;true&lt;/code&gt; if the request succeeds; otherwise, it returns an error.&lt;/p&gt;</Abstract>
			<DeclaredIn>AWSEC2Model.h</DeclaredIn>
			
			<Declaration>@property (nonatomic, strong) NSNumber *returned</Declaration>
			
			
			<Anchor>//api/name/returned</Anchor>
            <NodeRef refid="566"/>
		</Token>
		
		<Token>
			<TokenIdentifier>//apple_ref/occ/instm/AWSEC2RejectVpcPeeringConnectionResult/returned</TokenIdentifier>
			<Abstract type="html">&lt;p&gt;Returns &lt;code&gt;true&lt;/code&gt; if the request succeeds; otherwise, it returns an error.&lt;/p&gt;</Abstract>
			<DeclaredIn>AWSEC2Model.h</DeclaredIn>
			
			<Declaration>@property (nonatomic, strong) NSNumber *returned</Declaration>
			
			
			<Anchor>//api/name/returned</Anchor>
            <NodeRef refid="566"/>
		</Token>
		
		<Token>
			<TokenIdentifier>//apple_ref/occ/instp/AWSEC2RejectVpcPeeringConnectionResult/returned</TokenIdentifier>
			<Abstract type="html">&lt;p&gt;Returns &lt;code&gt;true&lt;/code&gt; if the request succeeds; otherwise, it returns an error.&lt;/p&gt;</Abstract>
			<DeclaredIn>AWSEC2Model.h</DeclaredIn>
			
			<Declaration>@property (nonatomic, strong) NSNumber *returned</Declaration>
			
			
			<Anchor>//api/name/returned</Anchor>
            <NodeRef refid="566"/>
		</Token>
		
        
        
	</File>
</Tokens>