<?xml version="1.0" encoding="UTF-8"?>
<Tokens version="1.0">
	<File path="Classes/AWSAutoScalingAutoScalingInstancesType.html">
		
		<Token>
			<TokenIdentifier>//apple_ref/occ/cl/AWSAutoScalingAutoScalingInstancesType</TokenIdentifier>
			<Abstract type="html">&lt;p&gt; The &lt;code&gt;AutoScalingInstancesType&lt;/code&gt; data type. &lt;/p&gt;</Abstract>
			<DeclaredIn>AWSAutoScalingModel.h</DeclaredIn>
            
			
			<NodeRef refid="15"/>
		</Token>
		
		
		<Token>
			<TokenIdentifier>//apple_ref/occ/instm/AWSAutoScalingAutoScalingInstancesType/setAutoScalingInstances:</TokenIdentifier>
			<Abstract type="html">&lt;p&gt; A list of Auto Scaling instances. &lt;/p&gt;</Abstract>
			<DeclaredIn>AWSAutoScalingModel.h</DeclaredIn>
			
			<Declaration>@property (nonatomic, strong) NSArray *autoScalingInstances</Declaration>
			
			
			<Anchor>//api/name/autoScalingInstances</Anchor>
            <NodeRef refid="15"/>
		</Token>
		
		<Token>
			<TokenIdentifier>//apple_ref/occ/instm/AWSAutoScalingAutoScalingInstancesType/autoScalingInstances</TokenIdentifier>
			<Abstract type="html">&lt;p&gt; A list of Auto Scaling instances. &lt;/p&gt;</Abstract>
			<DeclaredIn>AWSAutoScalingModel.h</DeclaredIn>
			
			<Declaration>@property (nonatomic, strong) NSArray *autoScalingInstances</Declaration>
			
			
			<Anchor>//api/name/autoScalingInstances</Anchor>
            <NodeRef refid="15"/>
		</Token>
		
		<Token>
			<TokenIdentifier>//apple_ref/occ/instp/AWSAutoScalingAutoScalingInstancesType/autoScalingInstances</TokenIdentifier>
			<Abstract type="html">&lt;p&gt; A list of Auto Scaling instances. &lt;/p&gt;</Abstract>
			<DeclaredIn>AWSAutoScalingModel.h</DeclaredIn>
			
			<Declaration>@property (nonatomic, strong) NSArray *autoScalingInstances</Declaration>
			
			
			<Anchor>//api/name/autoScalingInstances</Anchor>
            <NodeRef refid="15"/>
		</Token>
		
		<Token>
			<TokenIdentifier>//apple_ref/occ/instm/AWSAutoScalingAutoScalingInstancesType/setNextToken:</TokenIdentifier>
			<Abstract type="html">&lt;p&gt; A string that marks the start of the next batch of returned results. &lt;/p&gt;</Abstract>
			<DeclaredIn>AWSAutoScalingModel.h</DeclaredIn>
			
			<Declaration>@property (nonatomic, strong) NSString *nextToken</Declaration>
			
			
			<Anchor>//api/name/nextToken</Anchor>
            <NodeRef refid="15"/>
		</Token>
		
		<Token>
			<TokenIdentifier>//apple_ref/occ/instm/AWSAutoScalingAutoScalingInstancesType/nextToken</TokenIdentifier>
			<Abstract type="html">&lt;p&gt; A string that marks the start of the next batch of returned results. &lt;/p&gt;</Abstract>
			<DeclaredIn>AWSAutoScalingModel.h</DeclaredIn>
			
			<Declaration>@property (nonatomic, strong) NSString *nextToken</Declaration>
			
			
			<Anchor>//api/name/nextToken</Anchor>
            <NodeRef refid="15"/>
		</Token>
		
		<Token>
			<TokenIdentifier>//apple_ref/occ/instp/AWSAutoScalingAutoScalingInstancesType/nextToken</TokenIdentifier>
			<Abstract type="html">&lt;p&gt; A string that marks the start of the next batch of returned results. &lt;/p&gt;</Abstract>
			<DeclaredIn>AWSAutoScalingModel.h</DeclaredIn>
			
			<Declaration>@property (nonatomic, strong) NSString *nextToken</Declaration>
			
			
			<Anchor>//api/name/nextToken</Anchor>
            <NodeRef refid="15"/>
		</Token>
		
        
        
	</File>
</Tokens>