<?xml version="1.0" encoding="UTF-8"?>
<Tokens version="1.0">
	<File path="Classes/AWSLambdaListFunctionsResponse.html">
		
		<Token>
			<TokenIdentifier>//apple_ref/occ/cl/AWSLambdaListFunctionsResponse</TokenIdentifier>
			<Abstract type="html">&lt;p&gt;Contains a list of AWS Lambda function configurations (see &lt;a&gt;FunctionConfiguration&lt;/a&gt;.&lt;/p&gt;</Abstract>
			<DeclaredIn>AWSLambdaModel.h</DeclaredIn>
            
			
			<NodeRef refid="786"/>
		</Token>
		
		
		<Token>
			<TokenIdentifier>//apple_ref/occ/instm/AWSLambdaListFunctionsResponse/setFunctions:</TokenIdentifier>
			<Abstract type="html">&lt;p&gt;A list of Lambda functions.&lt;/p&gt;</Abstract>
			<DeclaredIn>AWSLambdaModel.h</DeclaredIn>
			
			<Declaration>@property (nonatomic, strong) NSArray *functions</Declaration>
			
			
			<Anchor>//api/name/functions</Anchor>
            <NodeRef refid="786"/>
		</Token>
		
		<Token>
			<TokenIdentifier>//apple_ref/occ/instm/AWSLambdaListFunctionsResponse/functions</TokenIdentifier>
			<Abstract type="html">&lt;p&gt;A list of Lambda functions.&lt;/p&gt;</Abstract>
			<DeclaredIn>AWSLambdaModel.h</DeclaredIn>
			
			<Declaration>@property (nonatomic, strong) NSArray *functions</Declaration>
			
			
			<Anchor>//api/name/functions</Anchor>
            <NodeRef refid="786"/>
		</Token>
		
		<Token>
			<TokenIdentifier>//apple_ref/occ/instp/AWSLambdaListFunctionsResponse/functions</TokenIdentifier>
			<Abstract type="html">&lt;p&gt;A list of Lambda functions.&lt;/p&gt;</Abstract>
			<DeclaredIn>AWSLambdaModel.h</DeclaredIn>
			
			<Declaration>@property (nonatomic, strong) NSArray *functions</Declaration>
			
			
			<Anchor>//api/name/functions</Anchor>
            <NodeRef refid="786"/>
		</Token>
		
		<Token>
			<TokenIdentifier>//apple_ref/occ/instm/AWSLambdaListFunctionsResponse/setNextMarker:</TokenIdentifier>
			<Abstract type="html">&lt;p&gt;A string, present if there are more functions.&lt;/p&gt;</Abstract>
			<DeclaredIn>AWSLambdaModel.h</DeclaredIn>
			
			<Declaration>@property (nonatomic, strong) NSString *nextMarker</Declaration>
			
			
			<Anchor>//api/name/nextMarker</Anchor>
            <NodeRef refid="786"/>
		</Token>
		
		<Token>
			<TokenIdentifier>//apple_ref/occ/instm/AWSLambdaListFunctionsResponse/nextMarker</TokenIdentifier>
			<Abstract type="html">&lt;p&gt;A string, present if there are more functions.&lt;/p&gt;</Abstract>
			<DeclaredIn>AWSLambdaModel.h</DeclaredIn>
			
			<Declaration>@property (nonatomic, strong) NSString *nextMarker</Declaration>
			
			
			<Anchor>//api/name/nextMarker</Anchor>
            <NodeRef refid="786"/>
		</Token>
		
		<Token>
			<TokenIdentifier>//apple_ref/occ/instp/AWSLambdaListFunctionsResponse/nextMarker</TokenIdentifier>
			<Abstract type="html">&lt;p&gt;A string, present if there are more functions.&lt;/p&gt;</Abstract>
			<DeclaredIn>AWSLambdaModel.h</DeclaredIn>
			
			<Declaration>@property (nonatomic, strong) NSString *nextMarker</Declaration>
			
			
			<Anchor>//api/name/nextMarker</Anchor>
            <NodeRef refid="786"/>
		</Token>
		
        
        
	</File>
</Tokens>