<?xml version="1.0" encoding="UTF-8"?>
<Tokens version="1.0">
	<File path="Constants/AWSEC2VpnState.html">
		
		<Token>
			<TokenIdentifier>//apple_ref/c/tdef/AWSEC2VpnState</TokenIdentifier>
			<Abstract type="html"></Abstract>
			<DeclaredIn>AWSEC2Model.h</DeclaredIn>
            
			
			<NodeRef refid="1226"/>
		</Token>
		
		
        
        <Token>
            <TokenIdentifier>//apple_ref/c/econst/AWSEC2VpnStateUnknown</TokenIdentifier>
            <Abstract type="html"></Abstract>
            <Declaration>AWSEC2VpnStateUnknown</Declaration>
            
            <DeclaredIn>AWSEC2Model.h</DeclaredIn>
            
            <NodeRef refid="1226"/>
        </Token>
        
        <Token>
            <TokenIdentifier>//apple_ref/c/econst/AWSEC2VpnStatePending</TokenIdentifier>
            <Abstract type="html"></Abstract>
            <Declaration>AWSEC2VpnStatePending</Declaration>
            
            <DeclaredIn>AWSEC2Model.h</DeclaredIn>
            
            <NodeRef refid="1226"/>
        </Token>
        
        <Token>
            <TokenIdentifier>//apple_ref/c/econst/AWSEC2VpnStateAvailable</TokenIdentifier>
            <Abstract type="html"></Abstract>
            <Declaration>AWSEC2VpnStateAvailable</Declaration>
            
            <DeclaredIn>AWSEC2Model.h</DeclaredIn>
            
            <NodeRef refid="1226"/>
        </Token>
        
        <Token>
            <TokenIdentifier>//apple_ref/c/econst/AWSEC2VpnStateDeleting</TokenIdentifier>
            <Abstract type="html"></Abstract>
            <Declaration>AWSEC2VpnStateDeleting</Declaration>
            
            <DeclaredIn>AWSEC2Model.h</DeclaredIn>
            
            <NodeRef refid="1226"/>
        </Token>
        
        <Token>
            <TokenIdentifier>//apple_ref/c/econst/AWSEC2VpnStateDeleted</TokenIdentifier>
            <Abstract type="html"></Abstract>
            <Declaration>AWSEC2VpnStateDeleted</Declaration>
            
            <DeclaredIn>AWSEC2Model.h</DeclaredIn>
            
            <NodeRef refid="1226"/>
        </Token>
        
        
	</File>
</Tokens>