<?xml version="1.0" encoding="UTF-8"?>
<Tokens version="1.0">
	<File path="Classes/AWSSNSGetTopicAttributesResponse.html">
		
		<Token>
			<TokenIdentifier>//apple_ref/occ/cl/AWSSNSGetTopicAttributesResponse</TokenIdentifier>
			<Abstract type="html">&lt;p&gt;Response for GetTopicAttributes action.&lt;/p&gt;</Abstract>
			<DeclaredIn>AWSSNSModel.h</DeclaredIn>
            
			
			<NodeRef refid="1008"/>
		</Token>
		
		
		<Token>
			<TokenIdentifier>//apple_ref/occ/instm/AWSSNSGetTopicAttributesResponse/setAttributes:</TokenIdentifier>
			<Abstract type="html">&lt;p&gt;A map of the topic&apos;s attributes. Attributes in this map include the following:&lt;/p&gt;&lt;ul&gt;&lt;li&gt;&lt;code&gt;TopicArn&lt;/code&gt; -- the topic&apos;s ARN&lt;/li&gt;&lt;li&gt;&lt;code&gt;Owner&lt;/code&gt; -- the AWS account ID of the topic&apos;s owner&lt;/li&gt;&lt;li&gt;&lt;code&gt;Policy&lt;/code&gt; -- the JSON serialization of the topic&apos;s access control policy&lt;/li&gt;&lt;li&gt;&lt;code&gt;DisplayName&lt;/code&gt; -- the human-readable name used in the &quot;From&quot; field for notifications to email and email-json endpoints&lt;/li&gt;&lt;li&gt;&lt;code&gt;SubscriptionsPending&lt;/code&gt; -- the number of subscriptions pending confirmation on this topic&lt;/li&gt;&lt;li&gt;&lt;code&gt;SubscriptionsConfirmed&lt;/code&gt; -- the number of confirmed subscriptions on this topic&lt;/li&gt;&lt;li&gt;&lt;code&gt;SubscriptionsDeleted&lt;/code&gt; -- the number of deleted subscriptions on this topic&lt;/li&gt;&lt;li&gt;&lt;code&gt;DeliveryPolicy&lt;/code&gt; -- the JSON serialization of the topic&apos;s delivery policy&lt;/li&gt;&lt;li&gt;&lt;code&gt;EffectiveDeliveryPolicy&lt;/code&gt; -- the JSON serialization of the effective delivery policy that takes into account system defaults&lt;/li&gt;&lt;/ul&gt;</Abstract>
			<DeclaredIn>AWSSNSModel.h</DeclaredIn>
			
			<Declaration>@property (nonatomic, strong) NSDictionary *attributes</Declaration>
			
			
			<Anchor>//api/name/attributes</Anchor>
            <NodeRef refid="1008"/>
		</Token>
		
		<Token>
			<TokenIdentifier>//apple_ref/occ/instm/AWSSNSGetTopicAttributesResponse/attributes</TokenIdentifier>
			<Abstract type="html">&lt;p&gt;A map of the topic&apos;s attributes. Attributes in this map include the following:&lt;/p&gt;&lt;ul&gt;&lt;li&gt;&lt;code&gt;TopicArn&lt;/code&gt; -- the topic&apos;s ARN&lt;/li&gt;&lt;li&gt;&lt;code&gt;Owner&lt;/code&gt; -- the AWS account ID of the topic&apos;s owner&lt;/li&gt;&lt;li&gt;&lt;code&gt;Policy&lt;/code&gt; -- the JSON serialization of the topic&apos;s access control policy&lt;/li&gt;&lt;li&gt;&lt;code&gt;DisplayName&lt;/code&gt; -- the human-readable name used in the &quot;From&quot; field for notifications to email and email-json endpoints&lt;/li&gt;&lt;li&gt;&lt;code&gt;SubscriptionsPending&lt;/code&gt; -- the number of subscriptions pending confirmation on this topic&lt;/li&gt;&lt;li&gt;&lt;code&gt;SubscriptionsConfirmed&lt;/code&gt; -- the number of confirmed subscriptions on this topic&lt;/li&gt;&lt;li&gt;&lt;code&gt;SubscriptionsDeleted&lt;/code&gt; -- the number of deleted subscriptions on this topic&lt;/li&gt;&lt;li&gt;&lt;code&gt;DeliveryPolicy&lt;/code&gt; -- the JSON serialization of the topic&apos;s delivery policy&lt;/li&gt;&lt;li&gt;&lt;code&gt;EffectiveDeliveryPolicy&lt;/code&gt; -- the JSON serialization of the effective delivery policy that takes into account system defaults&lt;/li&gt;&lt;/ul&gt;</Abstract>
			<DeclaredIn>AWSSNSModel.h</DeclaredIn>
			
			<Declaration>@property (nonatomic, strong) NSDictionary *attributes</Declaration>
			
			
			<Anchor>//api/name/attributes</Anchor>
            <NodeRef refid="1008"/>
		</Token>
		
		<Token>
			<TokenIdentifier>//apple_ref/occ/instp/AWSSNSGetTopicAttributesResponse/attributes</TokenIdentifier>
			<Abstract type="html">&lt;p&gt;A map of the topic&apos;s attributes. Attributes in this map include the following:&lt;/p&gt;&lt;ul&gt;&lt;li&gt;&lt;code&gt;TopicArn&lt;/code&gt; -- the topic&apos;s ARN&lt;/li&gt;&lt;li&gt;&lt;code&gt;Owner&lt;/code&gt; -- the AWS account ID of the topic&apos;s owner&lt;/li&gt;&lt;li&gt;&lt;code&gt;Policy&lt;/code&gt; -- the JSON serialization of the topic&apos;s access control policy&lt;/li&gt;&lt;li&gt;&lt;code&gt;DisplayName&lt;/code&gt; -- the human-readable name used in the &quot;From&quot; field for notifications to email and email-json endpoints&lt;/li&gt;&lt;li&gt;&lt;code&gt;SubscriptionsPending&lt;/code&gt; -- the number of subscriptions pending confirmation on this topic&lt;/li&gt;&lt;li&gt;&lt;code&gt;SubscriptionsConfirmed&lt;/code&gt; -- the number of confirmed subscriptions on this topic&lt;/li&gt;&lt;li&gt;&lt;code&gt;SubscriptionsDeleted&lt;/code&gt; -- the number of deleted subscriptions on this topic&lt;/li&gt;&lt;li&gt;&lt;code&gt;DeliveryPolicy&lt;/code&gt; -- the JSON serialization of the topic&apos;s delivery policy&lt;/li&gt;&lt;li&gt;&lt;code&gt;EffectiveDeliveryPolicy&lt;/code&gt; -- the JSON serialization of the effective delivery policy that takes into account system defaults&lt;/li&gt;&lt;/ul&gt;</Abstract>
			<DeclaredIn>AWSSNSModel.h</DeclaredIn>
			
			<Declaration>@property (nonatomic, strong) NSDictionary *attributes</Declaration>
			
			
			<Anchor>//api/name/attributes</Anchor>
            <NodeRef refid="1008"/>
		</Token>
		
        
        
	</File>
</Tokens>