<?xml version="1.0" encoding="UTF-8"?>
<Tokens version="1.0">
	<File path="Classes/AWSEC2ModifyReservedInstancesResult.html">
		
		<Token>
			<TokenIdentifier>//apple_ref/occ/cl/AWSEC2ModifyReservedInstancesResult</TokenIdentifier>
			<Abstract type="html"></Abstract>
			<DeclaredIn>AWSEC2Model.h</DeclaredIn>
            
			
			<NodeRef refid="533"/>
		</Token>
		
		
		<Token>
			<TokenIdentifier>//apple_ref/occ/instm/AWSEC2ModifyReservedInstancesResult/setReservedInstancesModificationId:</TokenIdentifier>
			<Abstract type="html">&lt;p&gt;The ID for the modification.&lt;/p&gt;</Abstract>
			<DeclaredIn>AWSEC2Model.h</DeclaredIn>
			
			<Declaration>@property (nonatomic, strong) NSString *reservedInstancesModificationId</Declaration>
			
			
			<Anchor>//api/name/reservedInstancesModificationId</Anchor>
            <NodeRef refid="533"/>
		</Token>
		
		<Token>
			<TokenIdentifier>//apple_ref/occ/instm/AWSEC2ModifyReservedInstancesResult/reservedInstancesModificationId</TokenIdentifier>
			<Abstract type="html">&lt;p&gt;The ID for the modification.&lt;/p&gt;</Abstract>
			<DeclaredIn>AWSEC2Model.h</DeclaredIn>
			
			<Declaration>@property (nonatomic, strong) NSString *reservedInstancesModificationId</Declaration>
			
			
			<Anchor>//api/name/reservedInstancesModificationId</Anchor>
            <NodeRef refid="533"/>
		</Token>
		
		<Token>
			<TokenIdentifier>//apple_ref/occ/instp/AWSEC2ModifyReservedInstancesResult/reservedInstancesModificationId</TokenIdentifier>
			<Abstract type="html">&lt;p&gt;The ID for the modification.&lt;/p&gt;</Abstract>
			<DeclaredIn>AWSEC2Model.h</DeclaredIn>
			
			<Declaration>@property (nonatomic, strong) NSString *reservedInstancesModificationId</Declaration>
			
			
			<Anchor>//api/name/reservedInstancesModificationId</Anchor>
            <NodeRef refid="533"/>
		</Token>
		
        
        
	</File>
</Tokens>