<?xml version="1.0" encoding="UTF-8"?>
<Tokens version="1.0">
	<File path="Classes/AWSSQSGetQueueAttributesRequest.html">
		
		<Token>
			<TokenIdentifier>//apple_ref/occ/cl/AWSSQSGetQueueAttributesRequest</TokenIdentifier>
			<Abstract type="html"></Abstract>
			<DeclaredIn>AWSSQSModel.h</DeclaredIn>
            
			
			<NodeRef refid="1049"/>
		</Token>
		
		
		<Token>
			<TokenIdentifier>//apple_ref/occ/instm/AWSSQSGetQueueAttributesRequest/setAttributeNames:</TokenIdentifier>
			<Abstract type="html">&lt;p&gt;A list of attributes to retrieve information for. &lt;/p&gt;</Abstract>
			<DeclaredIn>AWSSQSModel.h</DeclaredIn>
			
			<Declaration>@property (nonatomic, strong) NSArray *attributeNames</Declaration>
			
			
			<Anchor>//api/name/attributeNames</Anchor>
            <NodeRef refid="1049"/>
		</Token>
		
		<Token>
			<TokenIdentifier>//apple_ref/occ/instm/AWSSQSGetQueueAttributesRequest/attributeNames</TokenIdentifier>
			<Abstract type="html">&lt;p&gt;A list of attributes to retrieve information for. &lt;/p&gt;</Abstract>
			<DeclaredIn>AWSSQSModel.h</DeclaredIn>
			
			<Declaration>@property (nonatomic, strong) NSArray *attributeNames</Declaration>
			
			
			<Anchor>//api/name/attributeNames</Anchor>
            <NodeRef refid="1049"/>
		</Token>
		
		<Token>
			<TokenIdentifier>//apple_ref/occ/instp/AWSSQSGetQueueAttributesRequest/attributeNames</TokenIdentifier>
			<Abstract type="html">&lt;p&gt;A list of attributes to retrieve information for. &lt;/p&gt;</Abstract>
			<DeclaredIn>AWSSQSModel.h</DeclaredIn>
			
			<Declaration>@property (nonatomic, strong) NSArray *attributeNames</Declaration>
			
			
			<Anchor>//api/name/attributeNames</Anchor>
            <NodeRef refid="1049"/>
		</Token>
		
		<Token>
			<TokenIdentifier>//apple_ref/occ/instm/AWSSQSGetQueueAttributesRequest/setQueueUrl:</TokenIdentifier>
			<Abstract type="html">&lt;p&gt;The URL of the Amazon SQS queue to take action on.&lt;/p&gt;</Abstract>
			<DeclaredIn>AWSSQSModel.h</DeclaredIn>
			
			<Declaration>@property (nonatomic, strong) NSString *queueUrl</Declaration>
			
			
			<Anchor>//api/name/queueUrl</Anchor>
            <NodeRef refid="1049"/>
		</Token>
		
		<Token>
			<TokenIdentifier>//apple_ref/occ/instm/AWSSQSGetQueueAttributesRequest/queueUrl</TokenIdentifier>
			<Abstract type="html">&lt;p&gt;The URL of the Amazon SQS queue to take action on.&lt;/p&gt;</Abstract>
			<DeclaredIn>AWSSQSModel.h</DeclaredIn>
			
			<Declaration>@property (nonatomic, strong) NSString *queueUrl</Declaration>
			
			
			<Anchor>//api/name/queueUrl</Anchor>
            <NodeRef refid="1049"/>
		</Token>
		
		<Token>
			<TokenIdentifier>//apple_ref/occ/instp/AWSSQSGetQueueAttributesRequest/queueUrl</TokenIdentifier>
			<Abstract type="html">&lt;p&gt;The URL of the Amazon SQS queue to take action on.&lt;/p&gt;</Abstract>
			<DeclaredIn>AWSSQSModel.h</DeclaredIn>
			
			<Declaration>@property (nonatomic, strong) NSString *queueUrl</Declaration>
			
			
			<Anchor>//api/name/queueUrl</Anchor>
            <NodeRef refid="1049"/>
		</Token>
		
        
        
	</File>
</Tokens>