<?xml version="1.0" encoding="UTF-8"?>
<Tokens version="1.0">
	<File path="Constants/AWSEC2ReportInstanceReasonCodes.html">
		
		<Token>
			<TokenIdentifier>//apple_ref/c/tdef/AWSEC2ReportInstanceReasonCodes</TokenIdentifier>
			<Abstract type="html"></Abstract>
			<DeclaredIn>AWSEC2Model.h</DeclaredIn>
            
			
			<NodeRef refid="1198"/>
		</Token>
		
		
        
        <Token>
            <TokenIdentifier>//apple_ref/c/econst/AWSEC2ReportInstanceReasonCodesUnknown</TokenIdentifier>
            <Abstract type="html"></Abstract>
            <Declaration>AWSEC2ReportInstanceReasonCodesUnknown</Declaration>
            
            <DeclaredIn>AWSEC2Model.h</DeclaredIn>
            
            <NodeRef refid="1198"/>
        </Token>
        
        <Token>
            <TokenIdentifier>//apple_ref/c/econst/AWSEC2ReportInstanceReasonCodesInstanceStuckInState</TokenIdentifier>
            <Abstract type="html"></Abstract>
            <Declaration>AWSEC2ReportInstanceReasonCodesInstanceStuckInState</Declaration>
            
            <DeclaredIn>AWSEC2Model.h</DeclaredIn>
            
            <NodeRef refid="1198"/>
        </Token>
        
        <Token>
            <TokenIdentifier>//apple_ref/c/econst/AWSEC2ReportInstanceReasonCodesUnresponsive</TokenIdentifier>
            <Abstract type="html"></Abstract>
            <Declaration>AWSEC2ReportInstanceReasonCodesUnresponsive</Declaration>
            
            <DeclaredIn>AWSEC2Model.h</DeclaredIn>
            
            <NodeRef refid="1198"/>
        </Token>
        
        <Token>
            <TokenIdentifier>//apple_ref/c/econst/AWSEC2ReportInstanceReasonCodesNotAcceptingCredentials</TokenIdentifier>
            <Abstract type="html"></Abstract>
            <Declaration>AWSEC2ReportInstanceReasonCodesNotAcceptingCredentials</Declaration>
            
            <DeclaredIn>AWSEC2Model.h</DeclaredIn>
            
            <NodeRef refid="1198"/>
        </Token>
        
        <Token>
            <TokenIdentifier>//apple_ref/c/econst/AWSEC2ReportInstanceReasonCodesPasswordNotAvailable</TokenIdentifier>
            <Abstract type="html"></Abstract>
            <Declaration>AWSEC2ReportInstanceReasonCodesPasswordNotAvailable</Declaration>
            
            <DeclaredIn>AWSEC2Model.h</DeclaredIn>
            
            <NodeRef refid="1198"/>
        </Token>
        
        <Token>
            <TokenIdentifier>//apple_ref/c/econst/AWSEC2ReportInstanceReasonCodesPerformanceNetwork</TokenIdentifier>
            <Abstract type="html"></Abstract>
            <Declaration>AWSEC2ReportInstanceReasonCodesPerformanceNetwork</Declaration>
            
            <DeclaredIn>AWSEC2Model.h</DeclaredIn>
            
            <NodeRef refid="1198"/>
        </Token>
        
        <Token>
            <TokenIdentifier>//apple_ref/c/econst/AWSEC2ReportInstanceReasonCodesPerformanceInstanceStore</TokenIdentifier>
            <Abstract type="html"></Abstract>
            <Declaration>AWSEC2ReportInstanceReasonCodesPerformanceInstanceStore</Declaration>
            
            <DeclaredIn>AWSEC2Model.h</DeclaredIn>
            
            <NodeRef refid="1198"/>
        </Token>
        
        <Token>
            <TokenIdentifier>//apple_ref/c/econst/AWSEC2ReportInstanceReasonCodesPerformanceEBSVolume</TokenIdentifier>
            <Abstract type="html"></Abstract>
            <Declaration>AWSEC2ReportInstanceReasonCodesPerformanceEBSVolume</Declaration>
            
            <DeclaredIn>AWSEC2Model.h</DeclaredIn>
            
            <NodeRef refid="1198"/>
        </Token>
        
        <Token>
            <TokenIdentifier>//apple_ref/c/econst/AWSEC2ReportInstanceReasonCodesPerformanceOther</TokenIdentifier>
            <Abstract type="html"></Abstract>
            <Declaration>AWSEC2ReportInstanceReasonCodesPerformanceOther</Declaration>
            
            <DeclaredIn>AWSEC2Model.h</DeclaredIn>
            
            <NodeRef refid="1198"/>
        </Token>
        
        <Token>
            <TokenIdentifier>//apple_ref/c/econst/AWSEC2ReportInstanceReasonCodesOther</TokenIdentifier>
            <Abstract type="html"></Abstract>
            <Declaration>AWSEC2ReportInstanceReasonCodesOther</Declaration>
            
            <DeclaredIn>AWSEC2Model.h</DeclaredIn>
            
            <NodeRef refid="1198"/>
        </Token>
        
        
	</File>
</Tokens>