<?xml version="1.0" encoding="UTF-8"?>
<Tokens version="1.0">
	<File path="Classes/AWSSTSAssumedRoleUser.html">
		
		<Token>
			<TokenIdentifier>//apple_ref/occ/cl/AWSSTSAssumedRoleUser</TokenIdentifier>
			<Abstract type="html">&lt;p&gt;The identifiers for the temporary security credentials that the operation returns. &lt;/p&gt;
Required parameters: [AssumedRoleId, Arn]</Abstract>
			<DeclaredIn>AWSSTSModel.h</DeclaredIn>
            
			
			<NodeRef refid="1076"/>
		</Token>
		
		
		<Token>
			<TokenIdentifier>//apple_ref/occ/instm/AWSSTSAssumedRoleUser/setArn:</TokenIdentifier>
			<Abstract type="html">&lt;p&gt;The ARN of the temporary security credentials that are returned from the &lt;a&gt;AssumeRole&lt;/a&gt; action. For more information about ARNs and how to use them in policies, see  Identifiers for IAM Entities  in &lt;i&gt;Using IAM&lt;/i&gt;. &lt;/p&gt;</Abstract>
			<DeclaredIn>AWSSTSModel.h</DeclaredIn>
			
			<Declaration>@property (nonatomic, strong) NSString *arn</Declaration>
			
			
			<Anchor>//api/name/arn</Anchor>
            <NodeRef refid="1076"/>
		</Token>
		
		<Token>
			<TokenIdentifier>//apple_ref/occ/instm/AWSSTSAssumedRoleUser/arn</TokenIdentifier>
			<Abstract type="html">&lt;p&gt;The ARN of the temporary security credentials that are returned from the &lt;a&gt;AssumeRole&lt;/a&gt; action. For more information about ARNs and how to use them in policies, see  Identifiers for IAM Entities  in &lt;i&gt;Using IAM&lt;/i&gt;. &lt;/p&gt;</Abstract>
			<DeclaredIn>AWSSTSModel.h</DeclaredIn>
			
			<Declaration>@property (nonatomic, strong) NSString *arn</Declaration>
			
			
			<Anchor>//api/name/arn</Anchor>
            <NodeRef refid="1076"/>
		</Token>
		
		<Token>
			<TokenIdentifier>//apple_ref/occ/instp/AWSSTSAssumedRoleUser/arn</TokenIdentifier>
			<Abstract type="html">&lt;p&gt;The ARN of the temporary security credentials that are returned from the &lt;a&gt;AssumeRole&lt;/a&gt; action. For more information about ARNs and how to use them in policies, see  Identifiers for IAM Entities  in &lt;i&gt;Using IAM&lt;/i&gt;. &lt;/p&gt;</Abstract>
			<DeclaredIn>AWSSTSModel.h</DeclaredIn>
			
			<Declaration>@property (nonatomic, strong) NSString *arn</Declaration>
			
			
			<Anchor>//api/name/arn</Anchor>
            <NodeRef refid="1076"/>
		</Token>
		
		<Token>
			<TokenIdentifier>//apple_ref/occ/instm/AWSSTSAssumedRoleUser/setAssumedRoleId:</TokenIdentifier>
			<Abstract type="html">&lt;p&gt;A unique identifier that contains the role ID and the role session name of the role that is being assumed. The role ID is generated by AWS when the role is created.&lt;/p&gt;</Abstract>
			<DeclaredIn>AWSSTSModel.h</DeclaredIn>
			
			<Declaration>@property (nonatomic, strong) NSString *assumedRoleId</Declaration>
			
			
			<Anchor>//api/name/assumedRoleId</Anchor>
            <NodeRef refid="1076"/>
		</Token>
		
		<Token>
			<TokenIdentifier>//apple_ref/occ/instm/AWSSTSAssumedRoleUser/assumedRoleId</TokenIdentifier>
			<Abstract type="html">&lt;p&gt;A unique identifier that contains the role ID and the role session name of the role that is being assumed. The role ID is generated by AWS when the role is created.&lt;/p&gt;</Abstract>
			<DeclaredIn>AWSSTSModel.h</DeclaredIn>
			
			<Declaration>@property (nonatomic, strong) NSString *assumedRoleId</Declaration>
			
			
			<Anchor>//api/name/assumedRoleId</Anchor>
            <NodeRef refid="1076"/>
		</Token>
		
		<Token>
			<TokenIdentifier>//apple_ref/occ/instp/AWSSTSAssumedRoleUser/assumedRoleId</TokenIdentifier>
			<Abstract type="html">&lt;p&gt;A unique identifier that contains the role ID and the role session name of the role that is being assumed. The role ID is generated by AWS when the role is created.&lt;/p&gt;</Abstract>
			<DeclaredIn>AWSSTSModel.h</DeclaredIn>
			
			<Declaration>@property (nonatomic, strong) NSString *assumedRoleId</Declaration>
			
			
			<Anchor>//api/name/assumedRoleId</Anchor>
            <NodeRef refid="1076"/>
		</Token>
		
        
        
	</File>
</Tokens>