<?xml version="1.0" encoding="UTF-8"?>
<Tokens version="1.0">
	<File path="Constants/AWSEC2ReportStatusType.html">
		
		<Token>
			<TokenIdentifier>//apple_ref/c/tdef/AWSEC2ReportStatusType</TokenIdentifier>
			<Abstract type="html"></Abstract>
			<DeclaredIn>AWSEC2Model.h</DeclaredIn>
            
			
			<NodeRef refid="1199"/>
		</Token>
		
		
        
        <Token>
            <TokenIdentifier>//apple_ref/c/econst/AWSEC2ReportStatusTypeUnknown</TokenIdentifier>
            <Abstract type="html"></Abstract>
            <Declaration>AWSEC2ReportStatusTypeUnknown</Declaration>
            
            <DeclaredIn>AWSEC2Model.h</DeclaredIn>
            
            <NodeRef refid="1199"/>
        </Token>
        
        <Token>
            <TokenIdentifier>//apple_ref/c/econst/AWSEC2ReportStatusTypeOK</TokenIdentifier>
            <Abstract type="html"></Abstract>
            <Declaration>AWSEC2ReportStatusTypeOK</Declaration>
            
            <DeclaredIn>AWSEC2Model.h</DeclaredIn>
            
            <NodeRef refid="1199"/>
        </Token>
        
        <Token>
            <TokenIdentifier>//apple_ref/c/econst/AWSEC2ReportStatusTypeImpaired</TokenIdentifier>
            <Abstract type="html"></Abstract>
            <Declaration>AWSEC2ReportStatusTypeImpaired</Declaration>
            
            <DeclaredIn>AWSEC2Model.h</DeclaredIn>
            
            <NodeRef refid="1199"/>
        </Token>
        
        
	</File>
</Tokens>