<?xml version="1.0" encoding="UTF-8"?>
<Tokens version="1.0">
	<File path="Classes/AWSEC2ReleaseAddressRequest.html">
		
		<Token>
			<TokenIdentifier>//apple_ref/occ/cl/AWSEC2ReleaseAddressRequest</TokenIdentifier>
			<Abstract type="html"></Abstract>
			<DeclaredIn>AWSEC2Model.h</DeclaredIn>
            
			
			<NodeRef refid="567"/>
		</Token>
		
		
		<Token>
			<TokenIdentifier>//apple_ref/occ/instm/AWSEC2ReleaseAddressRequest/setAllocationId:</TokenIdentifier>
			<Abstract type="html">&lt;p&gt;[EC2-VPC] The allocation ID. Required for EC2-VPC.&lt;/p&gt;</Abstract>
			<DeclaredIn>AWSEC2Model.h</DeclaredIn>
			
			<Declaration>@property (nonatomic, strong) NSString *allocationId</Declaration>
			
			
			<Anchor>//api/name/allocationId</Anchor>
            <NodeRef refid="567"/>
		</Token>
		
		<Token>
			<TokenIdentifier>//apple_ref/occ/instm/AWSEC2ReleaseAddressRequest/allocationId</TokenIdentifier>
			<Abstract type="html">&lt;p&gt;[EC2-VPC] The allocation ID. Required for EC2-VPC.&lt;/p&gt;</Abstract>
			<DeclaredIn>AWSEC2Model.h</DeclaredIn>
			
			<Declaration>@property (nonatomic, strong) NSString *allocationId</Declaration>
			
			
			<Anchor>//api/name/allocationId</Anchor>
            <NodeRef refid="567"/>
		</Token>
		
		<Token>
			<TokenIdentifier>//apple_ref/occ/instp/AWSEC2ReleaseAddressRequest/allocationId</TokenIdentifier>
			<Abstract type="html">&lt;p&gt;[EC2-VPC] The allocation ID. Required for EC2-VPC.&lt;/p&gt;</Abstract>
			<DeclaredIn>AWSEC2Model.h</DeclaredIn>
			
			<Declaration>@property (nonatomic, strong) NSString *allocationId</Declaration>
			
			
			<Anchor>//api/name/allocationId</Anchor>
            <NodeRef refid="567"/>
		</Token>
		
		<Token>
			<TokenIdentifier>//apple_ref/occ/instm/AWSEC2ReleaseAddressRequest/setDryRun:</TokenIdentifier>
			<Abstract type="html"></Abstract>
			<DeclaredIn>AWSEC2Model.h</DeclaredIn>
			
			<Declaration>@property (nonatomic, strong) NSNumber *dryRun</Declaration>
			
			
			<Anchor>//api/name/dryRun</Anchor>
            <NodeRef refid="567"/>
		</Token>
		
		<Token>
			<TokenIdentifier>//apple_ref/occ/instm/AWSEC2ReleaseAddressRequest/dryRun</TokenIdentifier>
			<Abstract type="html"></Abstract>
			<DeclaredIn>AWSEC2Model.h</DeclaredIn>
			
			<Declaration>@property (nonatomic, strong) NSNumber *dryRun</Declaration>
			
			
			<Anchor>//api/name/dryRun</Anchor>
            <NodeRef refid="567"/>
		</Token>
		
		<Token>
			<TokenIdentifier>//apple_ref/occ/instp/AWSEC2ReleaseAddressRequest/dryRun</TokenIdentifier>
			<Abstract type="html"></Abstract>
			<DeclaredIn>AWSEC2Model.h</DeclaredIn>
			
			<Declaration>@property (nonatomic, strong) NSNumber *dryRun</Declaration>
			
			
			<Anchor>//api/name/dryRun</Anchor>
            <NodeRef refid="567"/>
		</Token>
		
		<Token>
			<TokenIdentifier>//apple_ref/occ/instm/AWSEC2ReleaseAddressRequest/setPublicIp:</TokenIdentifier>
			<Abstract type="html">&lt;p&gt;[EC2-Classic] The Elastic IP address. Required for EC2-Classic.&lt;/p&gt;</Abstract>
			<DeclaredIn>AWSEC2Model.h</DeclaredIn>
			
			<Declaration>@property (nonatomic, strong) NSString *publicIp</Declaration>
			
			
			<Anchor>//api/name/publicIp</Anchor>
            <NodeRef refid="567"/>
		</Token>
		
		<Token>
			<TokenIdentifier>//apple_ref/occ/instm/AWSEC2ReleaseAddressRequest/publicIp</TokenIdentifier>
			<Abstract type="html">&lt;p&gt;[EC2-Classic] The Elastic IP address. Required for EC2-Classic.&lt;/p&gt;</Abstract>
			<DeclaredIn>AWSEC2Model.h</DeclaredIn>
			
			<Declaration>@property (nonatomic, strong) NSString *publicIp</Declaration>
			
			
			<Anchor>//api/name/publicIp</Anchor>
            <NodeRef refid="567"/>
		</Token>
		
		<Token>
			<TokenIdentifier>//apple_ref/occ/instp/AWSEC2ReleaseAddressRequest/publicIp</TokenIdentifier>
			<Abstract type="html">&lt;p&gt;[EC2-Classic] The Elastic IP address. Required for EC2-Classic.&lt;/p&gt;</Abstract>
			<DeclaredIn>AWSEC2Model.h</DeclaredIn>
			
			<Declaration>@property (nonatomic, strong) NSString *publicIp</Declaration>
			
			
			<Anchor>//api/name/publicIp</Anchor>
            <NodeRef refid="567"/>
		</Token>
		
        
        
	</File>
</Tokens>