<?xml version="1.0" encoding="UTF-8"?>
<Tokens version="1.0">
	<File path="Classes/AWSSimpleDBListDomainsRequest.html">
		
		<Token>
			<TokenIdentifier>//apple_ref/occ/cl/AWSSimpleDBListDomainsRequest</TokenIdentifier>
			<Abstract type="html"></Abstract>
			<DeclaredIn>AWSSimpleDBModel.h</DeclaredIn>
            
			
			<NodeRef refid="1102"/>
		</Token>
		
		
		<Token>
			<TokenIdentifier>//apple_ref/occ/instm/AWSSimpleDBListDomainsRequest/setMaxNumberOfDomains:</TokenIdentifier>
			<Abstract type="html">The maximum number of domain names you want returned. The range is 1 to 100. The default setting is 100.</Abstract>
			<DeclaredIn>AWSSimpleDBModel.h</DeclaredIn>
			
			<Declaration>@property (nonatomic, strong) NSNumber *maxNumberOfDomains</Declaration>
			
			
			<Anchor>//api/name/maxNumberOfDomains</Anchor>
            <NodeRef refid="1102"/>
		</Token>
		
		<Token>
			<TokenIdentifier>//apple_ref/occ/instm/AWSSimpleDBListDomainsRequest/maxNumberOfDomains</TokenIdentifier>
			<Abstract type="html">The maximum number of domain names you want returned. The range is 1 to 100. The default setting is 100.</Abstract>
			<DeclaredIn>AWSSimpleDBModel.h</DeclaredIn>
			
			<Declaration>@property (nonatomic, strong) NSNumber *maxNumberOfDomains</Declaration>
			
			
			<Anchor>//api/name/maxNumberOfDomains</Anchor>
            <NodeRef refid="1102"/>
		</Token>
		
		<Token>
			<TokenIdentifier>//apple_ref/occ/instp/AWSSimpleDBListDomainsRequest/maxNumberOfDomains</TokenIdentifier>
			<Abstract type="html">The maximum number of domain names you want returned. The range is 1 to 100. The default setting is 100.</Abstract>
			<DeclaredIn>AWSSimpleDBModel.h</DeclaredIn>
			
			<Declaration>@property (nonatomic, strong) NSNumber *maxNumberOfDomains</Declaration>
			
			
			<Anchor>//api/name/maxNumberOfDomains</Anchor>
            <NodeRef refid="1102"/>
		</Token>
		
		<Token>
			<TokenIdentifier>//apple_ref/occ/instm/AWSSimpleDBListDomainsRequest/setNextToken:</TokenIdentifier>
			<Abstract type="html">A string informing Amazon SimpleDB where to start the next list of domain names.</Abstract>
			<DeclaredIn>AWSSimpleDBModel.h</DeclaredIn>
			
			<Declaration>@property (nonatomic, strong) NSString *nextToken</Declaration>
			
			
			<Anchor>//api/name/nextToken</Anchor>
            <NodeRef refid="1102"/>
		</Token>
		
		<Token>
			<TokenIdentifier>//apple_ref/occ/instm/AWSSimpleDBListDomainsRequest/nextToken</TokenIdentifier>
			<Abstract type="html">A string informing Amazon SimpleDB where to start the next list of domain names.</Abstract>
			<DeclaredIn>AWSSimpleDBModel.h</DeclaredIn>
			
			<Declaration>@property (nonatomic, strong) NSString *nextToken</Declaration>
			
			
			<Anchor>//api/name/nextToken</Anchor>
            <NodeRef refid="1102"/>
		</Token>
		
		<Token>
			<TokenIdentifier>//apple_ref/occ/instp/AWSSimpleDBListDomainsRequest/nextToken</TokenIdentifier>
			<Abstract type="html">A string informing Amazon SimpleDB where to start the next list of domain names.</Abstract>
			<DeclaredIn>AWSSimpleDBModel.h</DeclaredIn>
			
			<Declaration>@property (nonatomic, strong) NSString *nextToken</Declaration>
			
			
			<Anchor>//api/name/nextToken</Anchor>
            <NodeRef refid="1102"/>
		</Token>
		
        
        
	</File>
</Tokens>