<?xml version="1.0" encoding="UTF-8"?>
<Tokens version="1.0">
	<File path="Classes/AWSEC2Image.html">
		
		<Token>
			<TokenIdentifier>//apple_ref/occ/cl/AWSEC2Image</TokenIdentifier>
			<Abstract type="html">&lt;p&gt;Describes an image.&lt;/p&gt;</Abstract>
			<DeclaredIn>AWSEC2Model.h</DeclaredIn>
            
			
			<NodeRef refid="489"/>
		</Token>
		
		
		<Token>
			<TokenIdentifier>//apple_ref/occ/instm/AWSEC2Image/setArchitecture:</TokenIdentifier>
			<Abstract type="html">&lt;p&gt;The architecture of the image.&lt;/p&gt;</Abstract>
			<DeclaredIn>AWSEC2Model.h</DeclaredIn>
			
			<Declaration>@property (nonatomic, assign) AWSEC2ArchitectureValues architecture</Declaration>
			
			
			<Anchor>//api/name/architecture</Anchor>
            <NodeRef refid="489"/>
		</Token>
		
		<Token>
			<TokenIdentifier>//apple_ref/occ/instm/AWSEC2Image/architecture</TokenIdentifier>
			<Abstract type="html">&lt;p&gt;The architecture of the image.&lt;/p&gt;</Abstract>
			<DeclaredIn>AWSEC2Model.h</DeclaredIn>
			
			<Declaration>@property (nonatomic, assign) AWSEC2ArchitectureValues architecture</Declaration>
			
			
			<Anchor>//api/name/architecture</Anchor>
            <NodeRef refid="489"/>
		</Token>
		
		<Token>
			<TokenIdentifier>//apple_ref/occ/instp/AWSEC2Image/architecture</TokenIdentifier>
			<Abstract type="html">&lt;p&gt;The architecture of the image.&lt;/p&gt;</Abstract>
			<DeclaredIn>AWSEC2Model.h</DeclaredIn>
			
			<Declaration>@property (nonatomic, assign) AWSEC2ArchitectureValues architecture</Declaration>
			
			
			<Anchor>//api/name/architecture</Anchor>
            <NodeRef refid="489"/>
		</Token>
		
		<Token>
			<TokenIdentifier>//apple_ref/occ/instm/AWSEC2Image/setBlockDeviceMappings:</TokenIdentifier>
			<Abstract type="html">&lt;p&gt;Any block device mapping entries.&lt;/p&gt;</Abstract>
			<DeclaredIn>AWSEC2Model.h</DeclaredIn>
			
			<Declaration>@property (nonatomic, strong) NSArray *blockDeviceMappings</Declaration>
			
			
			<Anchor>//api/name/blockDeviceMappings</Anchor>
            <NodeRef refid="489"/>
		</Token>
		
		<Token>
			<TokenIdentifier>//apple_ref/occ/instm/AWSEC2Image/blockDeviceMappings</TokenIdentifier>
			<Abstract type="html">&lt;p&gt;Any block device mapping entries.&lt;/p&gt;</Abstract>
			<DeclaredIn>AWSEC2Model.h</DeclaredIn>
			
			<Declaration>@property (nonatomic, strong) NSArray *blockDeviceMappings</Declaration>
			
			
			<Anchor>//api/name/blockDeviceMappings</Anchor>
            <NodeRef refid="489"/>
		</Token>
		
		<Token>
			<TokenIdentifier>//apple_ref/occ/instp/AWSEC2Image/blockDeviceMappings</TokenIdentifier>
			<Abstract type="html">&lt;p&gt;Any block device mapping entries.&lt;/p&gt;</Abstract>
			<DeclaredIn>AWSEC2Model.h</DeclaredIn>
			
			<Declaration>@property (nonatomic, strong) NSArray *blockDeviceMappings</Declaration>
			
			
			<Anchor>//api/name/blockDeviceMappings</Anchor>
            <NodeRef refid="489"/>
		</Token>
		
		<Token>
			<TokenIdentifier>//apple_ref/occ/instm/AWSEC2Image/setCreationDate:</TokenIdentifier>
			<Abstract type="html"></Abstract>
			<DeclaredIn>AWSEC2Model.h</DeclaredIn>
			
			<Declaration>@property (nonatomic, strong) NSString *creationDate</Declaration>
			
			
			<Anchor>//api/name/creationDate</Anchor>
            <NodeRef refid="489"/>
		</Token>
		
		<Token>
			<TokenIdentifier>//apple_ref/occ/instm/AWSEC2Image/creationDate</TokenIdentifier>
			<Abstract type="html"></Abstract>
			<DeclaredIn>AWSEC2Model.h</DeclaredIn>
			
			<Declaration>@property (nonatomic, strong) NSString *creationDate</Declaration>
			
			
			<Anchor>//api/name/creationDate</Anchor>
            <NodeRef refid="489"/>
		</Token>
		
		<Token>
			<TokenIdentifier>//apple_ref/occ/instp/AWSEC2Image/creationDate</TokenIdentifier>
			<Abstract type="html"></Abstract>
			<DeclaredIn>AWSEC2Model.h</DeclaredIn>
			
			<Declaration>@property (nonatomic, strong) NSString *creationDate</Declaration>
			
			
			<Anchor>//api/name/creationDate</Anchor>
            <NodeRef refid="489"/>
		</Token>
		
		<Token>
			<TokenIdentifier>//apple_ref/occ/instm/AWSEC2Image/setDetail:</TokenIdentifier>
			<Abstract type="html">&lt;p&gt;The description of the AMI that was provided during image creation.&lt;/p&gt;</Abstract>
			<DeclaredIn>AWSEC2Model.h</DeclaredIn>
			
			<Declaration>@property (nonatomic, strong) NSString *detail</Declaration>
			
			
			<Anchor>//api/name/detail</Anchor>
            <NodeRef refid="489"/>
		</Token>
		
		<Token>
			<TokenIdentifier>//apple_ref/occ/instm/AWSEC2Image/detail</TokenIdentifier>
			<Abstract type="html">&lt;p&gt;The description of the AMI that was provided during image creation.&lt;/p&gt;</Abstract>
			<DeclaredIn>AWSEC2Model.h</DeclaredIn>
			
			<Declaration>@property (nonatomic, strong) NSString *detail</Declaration>
			
			
			<Anchor>//api/name/detail</Anchor>
            <NodeRef refid="489"/>
		</Token>
		
		<Token>
			<TokenIdentifier>//apple_ref/occ/instp/AWSEC2Image/detail</TokenIdentifier>
			<Abstract type="html">&lt;p&gt;The description of the AMI that was provided during image creation.&lt;/p&gt;</Abstract>
			<DeclaredIn>AWSEC2Model.h</DeclaredIn>
			
			<Declaration>@property (nonatomic, strong) NSString *detail</Declaration>
			
			
			<Anchor>//api/name/detail</Anchor>
            <NodeRef refid="489"/>
		</Token>
		
		<Token>
			<TokenIdentifier>//apple_ref/occ/instm/AWSEC2Image/setHypervisor:</TokenIdentifier>
			<Abstract type="html">&lt;p&gt;The hypervisor type of the image.&lt;/p&gt;</Abstract>
			<DeclaredIn>AWSEC2Model.h</DeclaredIn>
			
			<Declaration>@property (nonatomic, assign) AWSEC2HypervisorType hypervisor</Declaration>
			
			
			<Anchor>//api/name/hypervisor</Anchor>
            <NodeRef refid="489"/>
		</Token>
		
		<Token>
			<TokenIdentifier>//apple_ref/occ/instm/AWSEC2Image/hypervisor</TokenIdentifier>
			<Abstract type="html">&lt;p&gt;The hypervisor type of the image.&lt;/p&gt;</Abstract>
			<DeclaredIn>AWSEC2Model.h</DeclaredIn>
			
			<Declaration>@property (nonatomic, assign) AWSEC2HypervisorType hypervisor</Declaration>
			
			
			<Anchor>//api/name/hypervisor</Anchor>
            <NodeRef refid="489"/>
		</Token>
		
		<Token>
			<TokenIdentifier>//apple_ref/occ/instp/AWSEC2Image/hypervisor</TokenIdentifier>
			<Abstract type="html">&lt;p&gt;The hypervisor type of the image.&lt;/p&gt;</Abstract>
			<DeclaredIn>AWSEC2Model.h</DeclaredIn>
			
			<Declaration>@property (nonatomic, assign) AWSEC2HypervisorType hypervisor</Declaration>
			
			
			<Anchor>//api/name/hypervisor</Anchor>
            <NodeRef refid="489"/>
		</Token>
		
		<Token>
			<TokenIdentifier>//apple_ref/occ/instm/AWSEC2Image/setImageId:</TokenIdentifier>
			<Abstract type="html">&lt;p&gt;The ID of the AMI.&lt;/p&gt;</Abstract>
			<DeclaredIn>AWSEC2Model.h</DeclaredIn>
			
			<Declaration>@property (nonatomic, strong) NSString *imageId</Declaration>
			
			
			<Anchor>//api/name/imageId</Anchor>
            <NodeRef refid="489"/>
		</Token>
		
		<Token>
			<TokenIdentifier>//apple_ref/occ/instm/AWSEC2Image/imageId</TokenIdentifier>
			<Abstract type="html">&lt;p&gt;The ID of the AMI.&lt;/p&gt;</Abstract>
			<DeclaredIn>AWSEC2Model.h</DeclaredIn>
			
			<Declaration>@property (nonatomic, strong) NSString *imageId</Declaration>
			
			
			<Anchor>//api/name/imageId</Anchor>
            <NodeRef refid="489"/>
		</Token>
		
		<Token>
			<TokenIdentifier>//apple_ref/occ/instp/AWSEC2Image/imageId</TokenIdentifier>
			<Abstract type="html">&lt;p&gt;The ID of the AMI.&lt;/p&gt;</Abstract>
			<DeclaredIn>AWSEC2Model.h</DeclaredIn>
			
			<Declaration>@property (nonatomic, strong) NSString *imageId</Declaration>
			
			
			<Anchor>//api/name/imageId</Anchor>
            <NodeRef refid="489"/>
		</Token>
		
		<Token>
			<TokenIdentifier>//apple_ref/occ/instm/AWSEC2Image/setImageLocation:</TokenIdentifier>
			<Abstract type="html">&lt;p&gt;The location of the AMI.&lt;/p&gt;</Abstract>
			<DeclaredIn>AWSEC2Model.h</DeclaredIn>
			
			<Declaration>@property (nonatomic, strong) NSString *imageLocation</Declaration>
			
			
			<Anchor>//api/name/imageLocation</Anchor>
            <NodeRef refid="489"/>
		</Token>
		
		<Token>
			<TokenIdentifier>//apple_ref/occ/instm/AWSEC2Image/imageLocation</TokenIdentifier>
			<Abstract type="html">&lt;p&gt;The location of the AMI.&lt;/p&gt;</Abstract>
			<DeclaredIn>AWSEC2Model.h</DeclaredIn>
			
			<Declaration>@property (nonatomic, strong) NSString *imageLocation</Declaration>
			
			
			<Anchor>//api/name/imageLocation</Anchor>
            <NodeRef refid="489"/>
		</Token>
		
		<Token>
			<TokenIdentifier>//apple_ref/occ/instp/AWSEC2Image/imageLocation</TokenIdentifier>
			<Abstract type="html">&lt;p&gt;The location of the AMI.&lt;/p&gt;</Abstract>
			<DeclaredIn>AWSEC2Model.h</DeclaredIn>
			
			<Declaration>@property (nonatomic, strong) NSString *imageLocation</Declaration>
			
			
			<Anchor>//api/name/imageLocation</Anchor>
            <NodeRef refid="489"/>
		</Token>
		
		<Token>
			<TokenIdentifier>//apple_ref/occ/instm/AWSEC2Image/setImageOwnerAlias:</TokenIdentifier>
			<Abstract type="html">&lt;p&gt;The AWS account alias (for example, &lt;code&gt;amazon&lt;/code&gt;, &lt;code&gt;self&lt;/code&gt;) or the AWS account ID of the AMI owner.&lt;/p&gt;</Abstract>
			<DeclaredIn>AWSEC2Model.h</DeclaredIn>
			
			<Declaration>@property (nonatomic, strong) NSString *imageOwnerAlias</Declaration>
			
			
			<Anchor>//api/name/imageOwnerAlias</Anchor>
            <NodeRef refid="489"/>
		</Token>
		
		<Token>
			<TokenIdentifier>//apple_ref/occ/instm/AWSEC2Image/imageOwnerAlias</TokenIdentifier>
			<Abstract type="html">&lt;p&gt;The AWS account alias (for example, &lt;code&gt;amazon&lt;/code&gt;, &lt;code&gt;self&lt;/code&gt;) or the AWS account ID of the AMI owner.&lt;/p&gt;</Abstract>
			<DeclaredIn>AWSEC2Model.h</DeclaredIn>
			
			<Declaration>@property (nonatomic, strong) NSString *imageOwnerAlias</Declaration>
			
			
			<Anchor>//api/name/imageOwnerAlias</Anchor>
            <NodeRef refid="489"/>
		</Token>
		
		<Token>
			<TokenIdentifier>//apple_ref/occ/instp/AWSEC2Image/imageOwnerAlias</TokenIdentifier>
			<Abstract type="html">&lt;p&gt;The AWS account alias (for example, &lt;code&gt;amazon&lt;/code&gt;, &lt;code&gt;self&lt;/code&gt;) or the AWS account ID of the AMI owner.&lt;/p&gt;</Abstract>
			<DeclaredIn>AWSEC2Model.h</DeclaredIn>
			
			<Declaration>@property (nonatomic, strong) NSString *imageOwnerAlias</Declaration>
			
			
			<Anchor>//api/name/imageOwnerAlias</Anchor>
            <NodeRef refid="489"/>
		</Token>
		
		<Token>
			<TokenIdentifier>//apple_ref/occ/instm/AWSEC2Image/setImageType:</TokenIdentifier>
			<Abstract type="html">&lt;p&gt;The type of image.&lt;/p&gt;</Abstract>
			<DeclaredIn>AWSEC2Model.h</DeclaredIn>
			
			<Declaration>@property (nonatomic, assign) AWSEC2ImageTypeValues imageType</Declaration>
			
			
			<Anchor>//api/name/imageType</Anchor>
            <NodeRef refid="489"/>
		</Token>
		
		<Token>
			<TokenIdentifier>//apple_ref/occ/instm/AWSEC2Image/imageType</TokenIdentifier>
			<Abstract type="html">&lt;p&gt;The type of image.&lt;/p&gt;</Abstract>
			<DeclaredIn>AWSEC2Model.h</DeclaredIn>
			
			<Declaration>@property (nonatomic, assign) AWSEC2ImageTypeValues imageType</Declaration>
			
			
			<Anchor>//api/name/imageType</Anchor>
            <NodeRef refid="489"/>
		</Token>
		
		<Token>
			<TokenIdentifier>//apple_ref/occ/instp/AWSEC2Image/imageType</TokenIdentifier>
			<Abstract type="html">&lt;p&gt;The type of image.&lt;/p&gt;</Abstract>
			<DeclaredIn>AWSEC2Model.h</DeclaredIn>
			
			<Declaration>@property (nonatomic, assign) AWSEC2ImageTypeValues imageType</Declaration>
			
			
			<Anchor>//api/name/imageType</Anchor>
            <NodeRef refid="489"/>
		</Token>
		
		<Token>
			<TokenIdentifier>//apple_ref/occ/instm/AWSEC2Image/setKernelId:</TokenIdentifier>
			<Abstract type="html">&lt;p&gt;The kernel associated with the image, if any. Only applicable for machine images.&lt;/p&gt;</Abstract>
			<DeclaredIn>AWSEC2Model.h</DeclaredIn>
			
			<Declaration>@property (nonatomic, strong) NSString *kernelId</Declaration>
			
			
			<Anchor>//api/name/kernelId</Anchor>
            <NodeRef refid="489"/>
		</Token>
		
		<Token>
			<TokenIdentifier>//apple_ref/occ/instm/AWSEC2Image/kernelId</TokenIdentifier>
			<Abstract type="html">&lt;p&gt;The kernel associated with the image, if any. Only applicable for machine images.&lt;/p&gt;</Abstract>
			<DeclaredIn>AWSEC2Model.h</DeclaredIn>
			
			<Declaration>@property (nonatomic, strong) NSString *kernelId</Declaration>
			
			
			<Anchor>//api/name/kernelId</Anchor>
            <NodeRef refid="489"/>
		</Token>
		
		<Token>
			<TokenIdentifier>//apple_ref/occ/instp/AWSEC2Image/kernelId</TokenIdentifier>
			<Abstract type="html">&lt;p&gt;The kernel associated with the image, if any. Only applicable for machine images.&lt;/p&gt;</Abstract>
			<DeclaredIn>AWSEC2Model.h</DeclaredIn>
			
			<Declaration>@property (nonatomic, strong) NSString *kernelId</Declaration>
			
			
			<Anchor>//api/name/kernelId</Anchor>
            <NodeRef refid="489"/>
		</Token>
		
		<Token>
			<TokenIdentifier>//apple_ref/occ/instm/AWSEC2Image/setName:</TokenIdentifier>
			<Abstract type="html">&lt;p&gt;The name of the AMI that was provided during image creation.&lt;/p&gt;</Abstract>
			<DeclaredIn>AWSEC2Model.h</DeclaredIn>
			
			<Declaration>@property (nonatomic, strong) NSString *name</Declaration>
			
			
			<Anchor>//api/name/name</Anchor>
            <NodeRef refid="489"/>
		</Token>
		
		<Token>
			<TokenIdentifier>//apple_ref/occ/instm/AWSEC2Image/name</TokenIdentifier>
			<Abstract type="html">&lt;p&gt;The name of the AMI that was provided during image creation.&lt;/p&gt;</Abstract>
			<DeclaredIn>AWSEC2Model.h</DeclaredIn>
			
			<Declaration>@property (nonatomic, strong) NSString *name</Declaration>
			
			
			<Anchor>//api/name/name</Anchor>
            <NodeRef refid="489"/>
		</Token>
		
		<Token>
			<TokenIdentifier>//apple_ref/occ/instp/AWSEC2Image/name</TokenIdentifier>
			<Abstract type="html">&lt;p&gt;The name of the AMI that was provided during image creation.&lt;/p&gt;</Abstract>
			<DeclaredIn>AWSEC2Model.h</DeclaredIn>
			
			<Declaration>@property (nonatomic, strong) NSString *name</Declaration>
			
			
			<Anchor>//api/name/name</Anchor>
            <NodeRef refid="489"/>
		</Token>
		
		<Token>
			<TokenIdentifier>//apple_ref/occ/instm/AWSEC2Image/setOwnerId:</TokenIdentifier>
			<Abstract type="html">&lt;p&gt;The AWS account ID of the image owner.&lt;/p&gt;</Abstract>
			<DeclaredIn>AWSEC2Model.h</DeclaredIn>
			
			<Declaration>@property (nonatomic, strong) NSString *ownerId</Declaration>
			
			
			<Anchor>//api/name/ownerId</Anchor>
            <NodeRef refid="489"/>
		</Token>
		
		<Token>
			<TokenIdentifier>//apple_ref/occ/instm/AWSEC2Image/ownerId</TokenIdentifier>
			<Abstract type="html">&lt;p&gt;The AWS account ID of the image owner.&lt;/p&gt;</Abstract>
			<DeclaredIn>AWSEC2Model.h</DeclaredIn>
			
			<Declaration>@property (nonatomic, strong) NSString *ownerId</Declaration>
			
			
			<Anchor>//api/name/ownerId</Anchor>
            <NodeRef refid="489"/>
		</Token>
		
		<Token>
			<TokenIdentifier>//apple_ref/occ/instp/AWSEC2Image/ownerId</TokenIdentifier>
			<Abstract type="html">&lt;p&gt;The AWS account ID of the image owner.&lt;/p&gt;</Abstract>
			<DeclaredIn>AWSEC2Model.h</DeclaredIn>
			
			<Declaration>@property (nonatomic, strong) NSString *ownerId</Declaration>
			
			
			<Anchor>//api/name/ownerId</Anchor>
            <NodeRef refid="489"/>
		</Token>
		
		<Token>
			<TokenIdentifier>//apple_ref/occ/instm/AWSEC2Image/setPlatform:</TokenIdentifier>
			<Abstract type="html">&lt;p&gt;The value is &lt;code&gt;Windows&lt;/code&gt; for Windows AMIs; otherwise blank.&lt;/p&gt;</Abstract>
			<DeclaredIn>AWSEC2Model.h</DeclaredIn>
			
			<Declaration>@property (nonatomic, assign) AWSEC2PlatformValues platform</Declaration>
			
			
			<Anchor>//api/name/platform</Anchor>
            <NodeRef refid="489"/>
		</Token>
		
		<Token>
			<TokenIdentifier>//apple_ref/occ/instm/AWSEC2Image/platform</TokenIdentifier>
			<Abstract type="html">&lt;p&gt;The value is &lt;code&gt;Windows&lt;/code&gt; for Windows AMIs; otherwise blank.&lt;/p&gt;</Abstract>
			<DeclaredIn>AWSEC2Model.h</DeclaredIn>
			
			<Declaration>@property (nonatomic, assign) AWSEC2PlatformValues platform</Declaration>
			
			
			<Anchor>//api/name/platform</Anchor>
            <NodeRef refid="489"/>
		</Token>
		
		<Token>
			<TokenIdentifier>//apple_ref/occ/instp/AWSEC2Image/platform</TokenIdentifier>
			<Abstract type="html">&lt;p&gt;The value is &lt;code&gt;Windows&lt;/code&gt; for Windows AMIs; otherwise blank.&lt;/p&gt;</Abstract>
			<DeclaredIn>AWSEC2Model.h</DeclaredIn>
			
			<Declaration>@property (nonatomic, assign) AWSEC2PlatformValues platform</Declaration>
			
			
			<Anchor>//api/name/platform</Anchor>
            <NodeRef refid="489"/>
		</Token>
		
		<Token>
			<TokenIdentifier>//apple_ref/occ/instm/AWSEC2Image/setProductCodes:</TokenIdentifier>
			<Abstract type="html">&lt;p&gt;Any product codes associated with the AMI.&lt;/p&gt;</Abstract>
			<DeclaredIn>AWSEC2Model.h</DeclaredIn>
			
			<Declaration>@property (nonatomic, strong) NSArray *productCodes</Declaration>
			
			
			<Anchor>//api/name/productCodes</Anchor>
            <NodeRef refid="489"/>
		</Token>
		
		<Token>
			<TokenIdentifier>//apple_ref/occ/instm/AWSEC2Image/productCodes</TokenIdentifier>
			<Abstract type="html">&lt;p&gt;Any product codes associated with the AMI.&lt;/p&gt;</Abstract>
			<DeclaredIn>AWSEC2Model.h</DeclaredIn>
			
			<Declaration>@property (nonatomic, strong) NSArray *productCodes</Declaration>
			
			
			<Anchor>//api/name/productCodes</Anchor>
            <NodeRef refid="489"/>
		</Token>
		
		<Token>
			<TokenIdentifier>//apple_ref/occ/instp/AWSEC2Image/productCodes</TokenIdentifier>
			<Abstract type="html">&lt;p&gt;Any product codes associated with the AMI.&lt;/p&gt;</Abstract>
			<DeclaredIn>AWSEC2Model.h</DeclaredIn>
			
			<Declaration>@property (nonatomic, strong) NSArray *productCodes</Declaration>
			
			
			<Anchor>//api/name/productCodes</Anchor>
            <NodeRef refid="489"/>
		</Token>
		
		<Token>
			<TokenIdentifier>//apple_ref/occ/instm/AWSEC2Image/setPublic:</TokenIdentifier>
			<Abstract type="html">&lt;p&gt;Indicates whether the image has public launch permissions. The value is &lt;code&gt;true&lt;/code&gt; if this image has public launch permissions or &lt;code&gt;false&lt;/code&gt; if it has only implicit and explicit launch permissions.&lt;/p&gt;</Abstract>
			<DeclaredIn>AWSEC2Model.h</DeclaredIn>
			
			<Declaration>@property (nonatomic, strong) NSNumber *public</Declaration>
			
			
			<Anchor>//api/name/public</Anchor>
            <NodeRef refid="489"/>
		</Token>
		
		<Token>
			<TokenIdentifier>//apple_ref/occ/instm/AWSEC2Image/public</TokenIdentifier>
			<Abstract type="html">&lt;p&gt;Indicates whether the image has public launch permissions. The value is &lt;code&gt;true&lt;/code&gt; if this image has public launch permissions or &lt;code&gt;false&lt;/code&gt; if it has only implicit and explicit launch permissions.&lt;/p&gt;</Abstract>
			<DeclaredIn>AWSEC2Model.h</DeclaredIn>
			
			<Declaration>@property (nonatomic, strong) NSNumber *public</Declaration>
			
			
			<Anchor>//api/name/public</Anchor>
            <NodeRef refid="489"/>
		</Token>
		
		<Token>
			<TokenIdentifier>//apple_ref/occ/instp/AWSEC2Image/public</TokenIdentifier>
			<Abstract type="html">&lt;p&gt;Indicates whether the image has public launch permissions. The value is &lt;code&gt;true&lt;/code&gt; if this image has public launch permissions or &lt;code&gt;false&lt;/code&gt; if it has only implicit and explicit launch permissions.&lt;/p&gt;</Abstract>
			<DeclaredIn>AWSEC2Model.h</DeclaredIn>
			
			<Declaration>@property (nonatomic, strong) NSNumber *public</Declaration>
			
			
			<Anchor>//api/name/public</Anchor>
            <NodeRef refid="489"/>
		</Token>
		
		<Token>
			<TokenIdentifier>//apple_ref/occ/instm/AWSEC2Image/setRamdiskId:</TokenIdentifier>
			<Abstract type="html">&lt;p&gt;The RAM disk associated with the image, if any. Only applicable for machine images.&lt;/p&gt;</Abstract>
			<DeclaredIn>AWSEC2Model.h</DeclaredIn>
			
			<Declaration>@property (nonatomic, strong) NSString *ramdiskId</Declaration>
			
			
			<Anchor>//api/name/ramdiskId</Anchor>
            <NodeRef refid="489"/>
		</Token>
		
		<Token>
			<TokenIdentifier>//apple_ref/occ/instm/AWSEC2Image/ramdiskId</TokenIdentifier>
			<Abstract type="html">&lt;p&gt;The RAM disk associated with the image, if any. Only applicable for machine images.&lt;/p&gt;</Abstract>
			<DeclaredIn>AWSEC2Model.h</DeclaredIn>
			
			<Declaration>@property (nonatomic, strong) NSString *ramdiskId</Declaration>
			
			
			<Anchor>//api/name/ramdiskId</Anchor>
            <NodeRef refid="489"/>
		</Token>
		
		<Token>
			<TokenIdentifier>//apple_ref/occ/instp/AWSEC2Image/ramdiskId</TokenIdentifier>
			<Abstract type="html">&lt;p&gt;The RAM disk associated with the image, if any. Only applicable for machine images.&lt;/p&gt;</Abstract>
			<DeclaredIn>AWSEC2Model.h</DeclaredIn>
			
			<Declaration>@property (nonatomic, strong) NSString *ramdiskId</Declaration>
			
			
			<Anchor>//api/name/ramdiskId</Anchor>
            <NodeRef refid="489"/>
		</Token>
		
		<Token>
			<TokenIdentifier>//apple_ref/occ/instm/AWSEC2Image/setRootDeviceName:</TokenIdentifier>
			<Abstract type="html">&lt;p&gt;The device name of the root device (for example, &lt;filename&gt;/dev/sda1&lt;/filename&gt; or &lt;filename&gt;xvda&lt;/filename&gt;).&lt;/p&gt;</Abstract>
			<DeclaredIn>AWSEC2Model.h</DeclaredIn>
			
			<Declaration>@property (nonatomic, strong) NSString *rootDeviceName</Declaration>
			
			
			<Anchor>//api/name/rootDeviceName</Anchor>
            <NodeRef refid="489"/>
		</Token>
		
		<Token>
			<TokenIdentifier>//apple_ref/occ/instm/AWSEC2Image/rootDeviceName</TokenIdentifier>
			<Abstract type="html">&lt;p&gt;The device name of the root device (for example, &lt;filename&gt;/dev/sda1&lt;/filename&gt; or &lt;filename&gt;xvda&lt;/filename&gt;).&lt;/p&gt;</Abstract>
			<DeclaredIn>AWSEC2Model.h</DeclaredIn>
			
			<Declaration>@property (nonatomic, strong) NSString *rootDeviceName</Declaration>
			
			
			<Anchor>//api/name/rootDeviceName</Anchor>
            <NodeRef refid="489"/>
		</Token>
		
		<Token>
			<TokenIdentifier>//apple_ref/occ/instp/AWSEC2Image/rootDeviceName</TokenIdentifier>
			<Abstract type="html">&lt;p&gt;The device name of the root device (for example, &lt;filename&gt;/dev/sda1&lt;/filename&gt; or &lt;filename&gt;xvda&lt;/filename&gt;).&lt;/p&gt;</Abstract>
			<DeclaredIn>AWSEC2Model.h</DeclaredIn>
			
			<Declaration>@property (nonatomic, strong) NSString *rootDeviceName</Declaration>
			
			
			<Anchor>//api/name/rootDeviceName</Anchor>
            <NodeRef refid="489"/>
		</Token>
		
		<Token>
			<TokenIdentifier>//apple_ref/occ/instm/AWSEC2Image/setRootDeviceType:</TokenIdentifier>
			<Abstract type="html">&lt;p&gt;The type of root device used by the AMI. The AMI can use an Amazon EBS volume or an instance store volume.&lt;/p&gt;</Abstract>
			<DeclaredIn>AWSEC2Model.h</DeclaredIn>
			
			<Declaration>@property (nonatomic, assign) AWSEC2DeviceType rootDeviceType</Declaration>
			
			
			<Anchor>//api/name/rootDeviceType</Anchor>
            <NodeRef refid="489"/>
		</Token>
		
		<Token>
			<TokenIdentifier>//apple_ref/occ/instm/AWSEC2Image/rootDeviceType</TokenIdentifier>
			<Abstract type="html">&lt;p&gt;The type of root device used by the AMI. The AMI can use an Amazon EBS volume or an instance store volume.&lt;/p&gt;</Abstract>
			<DeclaredIn>AWSEC2Model.h</DeclaredIn>
			
			<Declaration>@property (nonatomic, assign) AWSEC2DeviceType rootDeviceType</Declaration>
			
			
			<Anchor>//api/name/rootDeviceType</Anchor>
            <NodeRef refid="489"/>
		</Token>
		
		<Token>
			<TokenIdentifier>//apple_ref/occ/instp/AWSEC2Image/rootDeviceType</TokenIdentifier>
			<Abstract type="html">&lt;p&gt;The type of root device used by the AMI. The AMI can use an Amazon EBS volume or an instance store volume.&lt;/p&gt;</Abstract>
			<DeclaredIn>AWSEC2Model.h</DeclaredIn>
			
			<Declaration>@property (nonatomic, assign) AWSEC2DeviceType rootDeviceType</Declaration>
			
			
			<Anchor>//api/name/rootDeviceType</Anchor>
            <NodeRef refid="489"/>
		</Token>
		
		<Token>
			<TokenIdentifier>//apple_ref/occ/instm/AWSEC2Image/setSriovNetSupport:</TokenIdentifier>
			<Abstract type="html">&lt;p&gt;Specifies whether enhanced networking is enabled.&lt;/p&gt;</Abstract>
			<DeclaredIn>AWSEC2Model.h</DeclaredIn>
			
			<Declaration>@property (nonatomic, strong) NSString *sriovNetSupport</Declaration>
			
			
			<Anchor>//api/name/sriovNetSupport</Anchor>
            <NodeRef refid="489"/>
		</Token>
		
		<Token>
			<TokenIdentifier>//apple_ref/occ/instm/AWSEC2Image/sriovNetSupport</TokenIdentifier>
			<Abstract type="html">&lt;p&gt;Specifies whether enhanced networking is enabled.&lt;/p&gt;</Abstract>
			<DeclaredIn>AWSEC2Model.h</DeclaredIn>
			
			<Declaration>@property (nonatomic, strong) NSString *sriovNetSupport</Declaration>
			
			
			<Anchor>//api/name/sriovNetSupport</Anchor>
            <NodeRef refid="489"/>
		</Token>
		
		<Token>
			<TokenIdentifier>//apple_ref/occ/instp/AWSEC2Image/sriovNetSupport</TokenIdentifier>
			<Abstract type="html">&lt;p&gt;Specifies whether enhanced networking is enabled.&lt;/p&gt;</Abstract>
			<DeclaredIn>AWSEC2Model.h</DeclaredIn>
			
			<Declaration>@property (nonatomic, strong) NSString *sriovNetSupport</Declaration>
			
			
			<Anchor>//api/name/sriovNetSupport</Anchor>
            <NodeRef refid="489"/>
		</Token>
		
		<Token>
			<TokenIdentifier>//apple_ref/occ/instm/AWSEC2Image/setState:</TokenIdentifier>
			<Abstract type="html">&lt;p&gt;The current state of the AMI. If the state is &lt;code&gt;available&lt;/code&gt;, the image is successfully registered and can be used to launch an instance.&lt;/p&gt;</Abstract>
			<DeclaredIn>AWSEC2Model.h</DeclaredIn>
			
			<Declaration>@property (nonatomic, assign) AWSEC2ImageState state</Declaration>
			
			
			<Anchor>//api/name/state</Anchor>
            <NodeRef refid="489"/>
		</Token>
		
		<Token>
			<TokenIdentifier>//apple_ref/occ/instm/AWSEC2Image/state</TokenIdentifier>
			<Abstract type="html">&lt;p&gt;The current state of the AMI. If the state is &lt;code&gt;available&lt;/code&gt;, the image is successfully registered and can be used to launch an instance.&lt;/p&gt;</Abstract>
			<DeclaredIn>AWSEC2Model.h</DeclaredIn>
			
			<Declaration>@property (nonatomic, assign) AWSEC2ImageState state</Declaration>
			
			
			<Anchor>//api/name/state</Anchor>
            <NodeRef refid="489"/>
		</Token>
		
		<Token>
			<TokenIdentifier>//apple_ref/occ/instp/AWSEC2Image/state</TokenIdentifier>
			<Abstract type="html">&lt;p&gt;The current state of the AMI. If the state is &lt;code&gt;available&lt;/code&gt;, the image is successfully registered and can be used to launch an instance.&lt;/p&gt;</Abstract>
			<DeclaredIn>AWSEC2Model.h</DeclaredIn>
			
			<Declaration>@property (nonatomic, assign) AWSEC2ImageState state</Declaration>
			
			
			<Anchor>//api/name/state</Anchor>
            <NodeRef refid="489"/>
		</Token>
		
		<Token>
			<TokenIdentifier>//apple_ref/occ/instm/AWSEC2Image/setStateReason:</TokenIdentifier>
			<Abstract type="html">&lt;p&gt;The reason for the state change.&lt;/p&gt;</Abstract>
			<DeclaredIn>AWSEC2Model.h</DeclaredIn>
			
			<Declaration>@property (nonatomic, strong) AWSEC2StateReason *stateReason</Declaration>
			
			
			<Anchor>//api/name/stateReason</Anchor>
            <NodeRef refid="489"/>
		</Token>
		
		<Token>
			<TokenIdentifier>//apple_ref/occ/instm/AWSEC2Image/stateReason</TokenIdentifier>
			<Abstract type="html">&lt;p&gt;The reason for the state change.&lt;/p&gt;</Abstract>
			<DeclaredIn>AWSEC2Model.h</DeclaredIn>
			
			<Declaration>@property (nonatomic, strong) AWSEC2StateReason *stateReason</Declaration>
			
			
			<Anchor>//api/name/stateReason</Anchor>
            <NodeRef refid="489"/>
		</Token>
		
		<Token>
			<TokenIdentifier>//apple_ref/occ/instp/AWSEC2Image/stateReason</TokenIdentifier>
			<Abstract type="html">&lt;p&gt;The reason for the state change.&lt;/p&gt;</Abstract>
			<DeclaredIn>AWSEC2Model.h</DeclaredIn>
			
			<Declaration>@property (nonatomic, strong) AWSEC2StateReason *stateReason</Declaration>
			
			
			<Anchor>//api/name/stateReason</Anchor>
            <NodeRef refid="489"/>
		</Token>
		
		<Token>
			<TokenIdentifier>//apple_ref/occ/instm/AWSEC2Image/setTags:</TokenIdentifier>
			<Abstract type="html">&lt;p&gt;Any tags assigned to the image.&lt;/p&gt;</Abstract>
			<DeclaredIn>AWSEC2Model.h</DeclaredIn>
			
			<Declaration>@property (nonatomic, strong) NSArray *tags</Declaration>
			
			
			<Anchor>//api/name/tags</Anchor>
            <NodeRef refid="489"/>
		</Token>
		
		<Token>
			<TokenIdentifier>//apple_ref/occ/instm/AWSEC2Image/tags</TokenIdentifier>
			<Abstract type="html">&lt;p&gt;Any tags assigned to the image.&lt;/p&gt;</Abstract>
			<DeclaredIn>AWSEC2Model.h</DeclaredIn>
			
			<Declaration>@property (nonatomic, strong) NSArray *tags</Declaration>
			
			
			<Anchor>//api/name/tags</Anchor>
            <NodeRef refid="489"/>
		</Token>
		
		<Token>
			<TokenIdentifier>//apple_ref/occ/instp/AWSEC2Image/tags</TokenIdentifier>
			<Abstract type="html">&lt;p&gt;Any tags assigned to the image.&lt;/p&gt;</Abstract>
			<DeclaredIn>AWSEC2Model.h</DeclaredIn>
			
			<Declaration>@property (nonatomic, strong) NSArray *tags</Declaration>
			
			
			<Anchor>//api/name/tags</Anchor>
            <NodeRef refid="489"/>
		</Token>
		
		<Token>
			<TokenIdentifier>//apple_ref/occ/instm/AWSEC2Image/setVirtualizationType:</TokenIdentifier>
			<Abstract type="html">&lt;p&gt;The type of virtualization of the AMI.&lt;/p&gt;</Abstract>
			<DeclaredIn>AWSEC2Model.h</DeclaredIn>
			
			<Declaration>@property (nonatomic, assign) AWSEC2VirtualizationType virtualizationType</Declaration>
			
			
			<Anchor>//api/name/virtualizationType</Anchor>
            <NodeRef refid="489"/>
		</Token>
		
		<Token>
			<TokenIdentifier>//apple_ref/occ/instm/AWSEC2Image/virtualizationType</TokenIdentifier>
			<Abstract type="html">&lt;p&gt;The type of virtualization of the AMI.&lt;/p&gt;</Abstract>
			<DeclaredIn>AWSEC2Model.h</DeclaredIn>
			
			<Declaration>@property (nonatomic, assign) AWSEC2VirtualizationType virtualizationType</Declaration>
			
			
			<Anchor>//api/name/virtualizationType</Anchor>
            <NodeRef refid="489"/>
		</Token>
		
		<Token>
			<TokenIdentifier>//apple_ref/occ/instp/AWSEC2Image/virtualizationType</TokenIdentifier>
			<Abstract type="html">&lt;p&gt;The type of virtualization of the AMI.&lt;/p&gt;</Abstract>
			<DeclaredIn>AWSEC2Model.h</DeclaredIn>
			
			<Declaration>@property (nonatomic, assign) AWSEC2VirtualizationType virtualizationType</Declaration>
			
			
			<Anchor>//api/name/virtualizationType</Anchor>
            <NodeRef refid="489"/>
		</Token>
		
        
        
	</File>
</Tokens>