<?xml version="1.0" encoding="UTF-8"?>
<Tokens version="1.0">
	<File path="Classes/AWSS3QueueConfiguration.html">
		
		<Token>
			<TokenIdentifier>//apple_ref/occ/cl/AWSS3QueueConfiguration</TokenIdentifier>
			<Abstract type="html"></Abstract>
			<DeclaredIn>AWSS3Model.h</DeclaredIn>
            
			
			<NodeRef refid="913"/>
		</Token>
		
		
		<Token>
			<TokenIdentifier>//apple_ref/occ/instm/AWSS3QueueConfiguration/setEvent:</TokenIdentifier>
			<Abstract type="html"></Abstract>
			<DeclaredIn>AWSS3Model.h</DeclaredIn>
			
			<Declaration>@property (nonatomic, assign) AWSS3Event event</Declaration>
			
			
			<Anchor>//api/name/event</Anchor>
            <NodeRef refid="913"/>
		</Token>
		
		<Token>
			<TokenIdentifier>//apple_ref/occ/instm/AWSS3QueueConfiguration/event</TokenIdentifier>
			<Abstract type="html"></Abstract>
			<DeclaredIn>AWSS3Model.h</DeclaredIn>
			
			<Declaration>@property (nonatomic, assign) AWSS3Event event</Declaration>
			
			
			<Anchor>//api/name/event</Anchor>
            <NodeRef refid="913"/>
		</Token>
		
		<Token>
			<TokenIdentifier>//apple_ref/occ/instp/AWSS3QueueConfiguration/event</TokenIdentifier>
			<Abstract type="html"></Abstract>
			<DeclaredIn>AWSS3Model.h</DeclaredIn>
			
			<Declaration>@property (nonatomic, assign) AWSS3Event event</Declaration>
			
			
			<Anchor>//api/name/event</Anchor>
            <NodeRef refid="913"/>
		</Token>
		
		<Token>
			<TokenIdentifier>//apple_ref/occ/instm/AWSS3QueueConfiguration/setEvents:</TokenIdentifier>
			<Abstract type="html"></Abstract>
			<DeclaredIn>AWSS3Model.h</DeclaredIn>
			
			<Declaration>@property (nonatomic, strong) NSArray *events</Declaration>
			
			
			<Anchor>//api/name/events</Anchor>
            <NodeRef refid="913"/>
		</Token>
		
		<Token>
			<TokenIdentifier>//apple_ref/occ/instm/AWSS3QueueConfiguration/events</TokenIdentifier>
			<Abstract type="html"></Abstract>
			<DeclaredIn>AWSS3Model.h</DeclaredIn>
			
			<Declaration>@property (nonatomic, strong) NSArray *events</Declaration>
			
			
			<Anchor>//api/name/events</Anchor>
            <NodeRef refid="913"/>
		</Token>
		
		<Token>
			<TokenIdentifier>//apple_ref/occ/instp/AWSS3QueueConfiguration/events</TokenIdentifier>
			<Abstract type="html"></Abstract>
			<DeclaredIn>AWSS3Model.h</DeclaredIn>
			
			<Declaration>@property (nonatomic, strong) NSArray *events</Declaration>
			
			
			<Anchor>//api/name/events</Anchor>
            <NodeRef refid="913"/>
		</Token>
		
		<Token>
			<TokenIdentifier>//apple_ref/occ/instm/AWSS3QueueConfiguration/setIdentifier:</TokenIdentifier>
			<Abstract type="html"></Abstract>
			<DeclaredIn>AWSS3Model.h</DeclaredIn>
			
			<Declaration>@property (nonatomic, strong) NSString *identifier</Declaration>
			
			
			<Anchor>//api/name/identifier</Anchor>
            <NodeRef refid="913"/>
		</Token>
		
		<Token>
			<TokenIdentifier>//apple_ref/occ/instm/AWSS3QueueConfiguration/identifier</TokenIdentifier>
			<Abstract type="html"></Abstract>
			<DeclaredIn>AWSS3Model.h</DeclaredIn>
			
			<Declaration>@property (nonatomic, strong) NSString *identifier</Declaration>
			
			
			<Anchor>//api/name/identifier</Anchor>
            <NodeRef refid="913"/>
		</Token>
		
		<Token>
			<TokenIdentifier>//apple_ref/occ/instp/AWSS3QueueConfiguration/identifier</TokenIdentifier>
			<Abstract type="html"></Abstract>
			<DeclaredIn>AWSS3Model.h</DeclaredIn>
			
			<Declaration>@property (nonatomic, strong) NSString *identifier</Declaration>
			
			
			<Anchor>//api/name/identifier</Anchor>
            <NodeRef refid="913"/>
		</Token>
		
		<Token>
			<TokenIdentifier>//apple_ref/occ/instm/AWSS3QueueConfiguration/setQueue:</TokenIdentifier>
			<Abstract type="html"></Abstract>
			<DeclaredIn>AWSS3Model.h</DeclaredIn>
			
			<Declaration>@property (nonatomic, strong) NSString *queue</Declaration>
			
			
			<Anchor>//api/name/queue</Anchor>
            <NodeRef refid="913"/>
		</Token>
		
		<Token>
			<TokenIdentifier>//apple_ref/occ/instm/AWSS3QueueConfiguration/queue</TokenIdentifier>
			<Abstract type="html"></Abstract>
			<DeclaredIn>AWSS3Model.h</DeclaredIn>
			
			<Declaration>@property (nonatomic, strong) NSString *queue</Declaration>
			
			
			<Anchor>//api/name/queue</Anchor>
            <NodeRef refid="913"/>
		</Token>
		
		<Token>
			<TokenIdentifier>//apple_ref/occ/instp/AWSS3QueueConfiguration/queue</TokenIdentifier>
			<Abstract type="html"></Abstract>
			<DeclaredIn>AWSS3Model.h</DeclaredIn>
			
			<Declaration>@property (nonatomic, strong) NSString *queue</Declaration>
			
			
			<Anchor>//api/name/queue</Anchor>
            <NodeRef refid="913"/>
		</Token>
		
        
        
	</File>
</Tokens>