<?xml version="1.0" encoding="UTF-8"?>
<Tokens version="1.0">
	<File path="Constants/AWSEC2MonitoringState.html">
		
		<Token>
			<TokenIdentifier>//apple_ref/c/tdef/AWSEC2MonitoringState</TokenIdentifier>
			<Abstract type="html"></Abstract>
			<DeclaredIn>AWSEC2Model.h</DeclaredIn>
            
			
			<NodeRef refid="1186"/>
		</Token>
		
		
        
        <Token>
            <TokenIdentifier>//apple_ref/c/econst/AWSEC2MonitoringStateUnknown</TokenIdentifier>
            <Abstract type="html"></Abstract>
            <Declaration>AWSEC2MonitoringStateUnknown</Declaration>
            
            <DeclaredIn>AWSEC2Model.h</DeclaredIn>
            
            <NodeRef refid="1186"/>
        </Token>
        
        <Token>
            <TokenIdentifier>//apple_ref/c/econst/AWSEC2MonitoringStateDisabled</TokenIdentifier>
            <Abstract type="html"></Abstract>
            <Declaration>AWSEC2MonitoringStateDisabled</Declaration>
            
            <DeclaredIn>AWSEC2Model.h</DeclaredIn>
            
            <NodeRef refid="1186"/>
        </Token>
        
        <Token>
            <TokenIdentifier>//apple_ref/c/econst/AWSEC2MonitoringStateEnabled</TokenIdentifier>
            <Abstract type="html"></Abstract>
            <Declaration>AWSEC2MonitoringStateEnabled</Declaration>
            
            <DeclaredIn>AWSEC2Model.h</DeclaredIn>
            
            <NodeRef refid="1186"/>
        </Token>
        
        <Token>
            <TokenIdentifier>//apple_ref/c/econst/AWSEC2MonitoringStatePending</TokenIdentifier>
            <Abstract type="html"></Abstract>
            <Declaration>AWSEC2MonitoringStatePending</Declaration>
            
            <DeclaredIn>AWSEC2Model.h</DeclaredIn>
            
            <NodeRef refid="1186"/>
        </Token>
        
        
	</File>
</Tokens>