<?xml version="1.0" encoding="UTF-8"?>
<Tokens version="1.0">
	<File path="Classes/AWSDynamoDBListTablesInput.html">
		
		<Token>
			<TokenIdentifier>//apple_ref/occ/cl/AWSDynamoDBListTablesInput</TokenIdentifier>
			<Abstract type="html">&lt;p&gt;Represents the input of a &lt;i&gt;ListTables&lt;/i&gt; operation.&lt;/p&gt;</Abstract>
			<DeclaredIn>AWSDynamoDBModel.h</DeclaredIn>
            
			
			<NodeRef refid="227"/>
		</Token>
		
		
		<Token>
			<TokenIdentifier>//apple_ref/occ/instm/AWSDynamoDBListTablesInput/setExclusiveStartTableName:</TokenIdentifier>
			<Abstract type="html">&lt;p&gt;The first table name that this operation will evaluate. Use the value that was returned for &lt;i&gt;LastEvaluatedTableName&lt;/i&gt; in a previous operation, so that you can obtain the next page of results.&lt;/p&gt;</Abstract>
			<DeclaredIn>AWSDynamoDBModel.h</DeclaredIn>
			
			<Declaration>@property (nonatomic, strong) NSString *exclusiveStartTableName</Declaration>
			
			
			<Anchor>//api/name/exclusiveStartTableName</Anchor>
            <NodeRef refid="227"/>
		</Token>
		
		<Token>
			<TokenIdentifier>//apple_ref/occ/instm/AWSDynamoDBListTablesInput/exclusiveStartTableName</TokenIdentifier>
			<Abstract type="html">&lt;p&gt;The first table name that this operation will evaluate. Use the value that was returned for &lt;i&gt;LastEvaluatedTableName&lt;/i&gt; in a previous operation, so that you can obtain the next page of results.&lt;/p&gt;</Abstract>
			<DeclaredIn>AWSDynamoDBModel.h</DeclaredIn>
			
			<Declaration>@property (nonatomic, strong) NSString *exclusiveStartTableName</Declaration>
			
			
			<Anchor>//api/name/exclusiveStartTableName</Anchor>
            <NodeRef refid="227"/>
		</Token>
		
		<Token>
			<TokenIdentifier>//apple_ref/occ/instp/AWSDynamoDBListTablesInput/exclusiveStartTableName</TokenIdentifier>
			<Abstract type="html">&lt;p&gt;The first table name that this operation will evaluate. Use the value that was returned for &lt;i&gt;LastEvaluatedTableName&lt;/i&gt; in a previous operation, so that you can obtain the next page of results.&lt;/p&gt;</Abstract>
			<DeclaredIn>AWSDynamoDBModel.h</DeclaredIn>
			
			<Declaration>@property (nonatomic, strong) NSString *exclusiveStartTableName</Declaration>
			
			
			<Anchor>//api/name/exclusiveStartTableName</Anchor>
            <NodeRef refid="227"/>
		</Token>
		
		<Token>
			<TokenIdentifier>//apple_ref/occ/instm/AWSDynamoDBListTablesInput/setLimit:</TokenIdentifier>
			<Abstract type="html">&lt;p&gt; A maximum number of table names to return. If this parameter is not specified, the limit is 100.&lt;/p&gt;</Abstract>
			<DeclaredIn>AWSDynamoDBModel.h</DeclaredIn>
			
			<Declaration>@property (nonatomic, strong) NSNumber *limit</Declaration>
			
			
			<Anchor>//api/name/limit</Anchor>
            <NodeRef refid="227"/>
		</Token>
		
		<Token>
			<TokenIdentifier>//apple_ref/occ/instm/AWSDynamoDBListTablesInput/limit</TokenIdentifier>
			<Abstract type="html">&lt;p&gt; A maximum number of table names to return. If this parameter is not specified, the limit is 100.&lt;/p&gt;</Abstract>
			<DeclaredIn>AWSDynamoDBModel.h</DeclaredIn>
			
			<Declaration>@property (nonatomic, strong) NSNumber *limit</Declaration>
			
			
			<Anchor>//api/name/limit</Anchor>
            <NodeRef refid="227"/>
		</Token>
		
		<Token>
			<TokenIdentifier>//apple_ref/occ/instp/AWSDynamoDBListTablesInput/limit</TokenIdentifier>
			<Abstract type="html">&lt;p&gt; A maximum number of table names to return. If this parameter is not specified, the limit is 100.&lt;/p&gt;</Abstract>
			<DeclaredIn>AWSDynamoDBModel.h</DeclaredIn>
			
			<Declaration>@property (nonatomic, strong) NSNumber *limit</Declaration>
			
			
			<Anchor>//api/name/limit</Anchor>
            <NodeRef refid="227"/>
		</Token>
		
        
        
	</File>
</Tokens>