<?xml version="1.0" encoding="UTF-8"?>
<Tokens version="1.0">
	<File path="Classes/AWSEC2AvailabilityZone.html">
		
		<Token>
			<TokenIdentifier>//apple_ref/occ/cl/AWSEC2AvailabilityZone</TokenIdentifier>
			<Abstract type="html">&lt;p&gt;Describes an Availability Zone.&lt;/p&gt;</Abstract>
			<DeclaredIn>AWSEC2Model.h</DeclaredIn>
            
			
			<NodeRef refid="282"/>
		</Token>
		
		
		<Token>
			<TokenIdentifier>//apple_ref/occ/instm/AWSEC2AvailabilityZone/setMessages:</TokenIdentifier>
			<Abstract type="html">&lt;p&gt;Any messages about the Availability Zone.&lt;/p&gt;</Abstract>
			<DeclaredIn>AWSEC2Model.h</DeclaredIn>
			
			<Declaration>@property (nonatomic, strong) NSArray *messages</Declaration>
			
			
			<Anchor>//api/name/messages</Anchor>
            <NodeRef refid="282"/>
		</Token>
		
		<Token>
			<TokenIdentifier>//apple_ref/occ/instm/AWSEC2AvailabilityZone/messages</TokenIdentifier>
			<Abstract type="html">&lt;p&gt;Any messages about the Availability Zone.&lt;/p&gt;</Abstract>
			<DeclaredIn>AWSEC2Model.h</DeclaredIn>
			
			<Declaration>@property (nonatomic, strong) NSArray *messages</Declaration>
			
			
			<Anchor>//api/name/messages</Anchor>
            <NodeRef refid="282"/>
		</Token>
		
		<Token>
			<TokenIdentifier>//apple_ref/occ/instp/AWSEC2AvailabilityZone/messages</TokenIdentifier>
			<Abstract type="html">&lt;p&gt;Any messages about the Availability Zone.&lt;/p&gt;</Abstract>
			<DeclaredIn>AWSEC2Model.h</DeclaredIn>
			
			<Declaration>@property (nonatomic, strong) NSArray *messages</Declaration>
			
			
			<Anchor>//api/name/messages</Anchor>
            <NodeRef refid="282"/>
		</Token>
		
		<Token>
			<TokenIdentifier>//apple_ref/occ/instm/AWSEC2AvailabilityZone/setRegionName:</TokenIdentifier>
			<Abstract type="html">&lt;p&gt;The name of the region.&lt;/p&gt;</Abstract>
			<DeclaredIn>AWSEC2Model.h</DeclaredIn>
			
			<Declaration>@property (nonatomic, strong) NSString *regionName</Declaration>
			
			
			<Anchor>//api/name/regionName</Anchor>
            <NodeRef refid="282"/>
		</Token>
		
		<Token>
			<TokenIdentifier>//apple_ref/occ/instm/AWSEC2AvailabilityZone/regionName</TokenIdentifier>
			<Abstract type="html">&lt;p&gt;The name of the region.&lt;/p&gt;</Abstract>
			<DeclaredIn>AWSEC2Model.h</DeclaredIn>
			
			<Declaration>@property (nonatomic, strong) NSString *regionName</Declaration>
			
			
			<Anchor>//api/name/regionName</Anchor>
            <NodeRef refid="282"/>
		</Token>
		
		<Token>
			<TokenIdentifier>//apple_ref/occ/instp/AWSEC2AvailabilityZone/regionName</TokenIdentifier>
			<Abstract type="html">&lt;p&gt;The name of the region.&lt;/p&gt;</Abstract>
			<DeclaredIn>AWSEC2Model.h</DeclaredIn>
			
			<Declaration>@property (nonatomic, strong) NSString *regionName</Declaration>
			
			
			<Anchor>//api/name/regionName</Anchor>
            <NodeRef refid="282"/>
		</Token>
		
		<Token>
			<TokenIdentifier>//apple_ref/occ/instm/AWSEC2AvailabilityZone/setState:</TokenIdentifier>
			<Abstract type="html">&lt;p&gt;The state of the Availability Zone (&lt;code&gt;available&lt;/code&gt; | &lt;code&gt;impaired&lt;/code&gt; | &lt;code&gt;unavailable&lt;/code&gt;).&lt;/p&gt;</Abstract>
			<DeclaredIn>AWSEC2Model.h</DeclaredIn>
			
			<Declaration>@property (nonatomic, assign) AWSEC2AvailabilityZoneState state</Declaration>
			
			
			<Anchor>//api/name/state</Anchor>
            <NodeRef refid="282"/>
		</Token>
		
		<Token>
			<TokenIdentifier>//apple_ref/occ/instm/AWSEC2AvailabilityZone/state</TokenIdentifier>
			<Abstract type="html">&lt;p&gt;The state of the Availability Zone (&lt;code&gt;available&lt;/code&gt; | &lt;code&gt;impaired&lt;/code&gt; | &lt;code&gt;unavailable&lt;/code&gt;).&lt;/p&gt;</Abstract>
			<DeclaredIn>AWSEC2Model.h</DeclaredIn>
			
			<Declaration>@property (nonatomic, assign) AWSEC2AvailabilityZoneState state</Declaration>
			
			
			<Anchor>//api/name/state</Anchor>
            <NodeRef refid="282"/>
		</Token>
		
		<Token>
			<TokenIdentifier>//apple_ref/occ/instp/AWSEC2AvailabilityZone/state</TokenIdentifier>
			<Abstract type="html">&lt;p&gt;The state of the Availability Zone (&lt;code&gt;available&lt;/code&gt; | &lt;code&gt;impaired&lt;/code&gt; | &lt;code&gt;unavailable&lt;/code&gt;).&lt;/p&gt;</Abstract>
			<DeclaredIn>AWSEC2Model.h</DeclaredIn>
			
			<Declaration>@property (nonatomic, assign) AWSEC2AvailabilityZoneState state</Declaration>
			
			
			<Anchor>//api/name/state</Anchor>
            <NodeRef refid="282"/>
		</Token>
		
		<Token>
			<TokenIdentifier>//apple_ref/occ/instm/AWSEC2AvailabilityZone/setZoneName:</TokenIdentifier>
			<Abstract type="html">&lt;p&gt;The name of the Availability Zone.&lt;/p&gt;</Abstract>
			<DeclaredIn>AWSEC2Model.h</DeclaredIn>
			
			<Declaration>@property (nonatomic, strong) NSString *zoneName</Declaration>
			
			
			<Anchor>//api/name/zoneName</Anchor>
            <NodeRef refid="282"/>
		</Token>
		
		<Token>
			<TokenIdentifier>//apple_ref/occ/instm/AWSEC2AvailabilityZone/zoneName</TokenIdentifier>
			<Abstract type="html">&lt;p&gt;The name of the Availability Zone.&lt;/p&gt;</Abstract>
			<DeclaredIn>AWSEC2Model.h</DeclaredIn>
			
			<Declaration>@property (nonatomic, strong) NSString *zoneName</Declaration>
			
			
			<Anchor>//api/name/zoneName</Anchor>
            <NodeRef refid="282"/>
		</Token>
		
		<Token>
			<TokenIdentifier>//apple_ref/occ/instp/AWSEC2AvailabilityZone/zoneName</TokenIdentifier>
			<Abstract type="html">&lt;p&gt;The name of the Availability Zone.&lt;/p&gt;</Abstract>
			<DeclaredIn>AWSEC2Model.h</DeclaredIn>
			
			<Declaration>@property (nonatomic, strong) NSString *zoneName</Declaration>
			
			
			<Anchor>//api/name/zoneName</Anchor>
            <NodeRef refid="282"/>
		</Token>
		
        
        
	</File>
</Tokens>