<?xml version="1.0" encoding="UTF-8"?>
<Tokens version="1.0">
	<File path="Classes/AWSEC2CancelBundleTaskResult.html">
		
		<Token>
			<TokenIdentifier>//apple_ref/occ/cl/AWSEC2CancelBundleTaskResult</TokenIdentifier>
			<Abstract type="html"></Abstract>
			<DeclaredIn>AWSEC2Model.h</DeclaredIn>
            
			
			<NodeRef refid="291"/>
		</Token>
		
		
		<Token>
			<TokenIdentifier>//apple_ref/occ/instm/AWSEC2CancelBundleTaskResult/setBundleTask:</TokenIdentifier>
			<Abstract type="html">&lt;p&gt;The bundle task.&lt;/p&gt;</Abstract>
			<DeclaredIn>AWSEC2Model.h</DeclaredIn>
			
			<Declaration>@property (nonatomic, strong) AWSEC2BundleTask *bundleTask</Declaration>
			
			
			<Anchor>//api/name/bundleTask</Anchor>
            <NodeRef refid="291"/>
		</Token>
		
		<Token>
			<TokenIdentifier>//apple_ref/occ/instm/AWSEC2CancelBundleTaskResult/bundleTask</TokenIdentifier>
			<Abstract type="html">&lt;p&gt;The bundle task.&lt;/p&gt;</Abstract>
			<DeclaredIn>AWSEC2Model.h</DeclaredIn>
			
			<Declaration>@property (nonatomic, strong) AWSEC2BundleTask *bundleTask</Declaration>
			
			
			<Anchor>//api/name/bundleTask</Anchor>
            <NodeRef refid="291"/>
		</Token>
		
		<Token>
			<TokenIdentifier>//apple_ref/occ/instp/AWSEC2CancelBundleTaskResult/bundleTask</TokenIdentifier>
			<Abstract type="html">&lt;p&gt;The bundle task.&lt;/p&gt;</Abstract>
			<DeclaredIn>AWSEC2Model.h</DeclaredIn>
			
			<Declaration>@property (nonatomic, strong) AWSEC2BundleTask *bundleTask</Declaration>
			
			
			<Anchor>//api/name/bundleTask</Anchor>
            <NodeRef refid="291"/>
		</Token>
		
        
        
	</File>
</Tokens>