<?xml version="1.0" encoding="UTF-8"?>
<Tokens version="1.0">
	<File path="Classes/AWSSimpleDBCreateDomainRequest.html">
		
		<Token>
			<TokenIdentifier>//apple_ref/occ/cl/AWSSimpleDBCreateDomainRequest</TokenIdentifier>
			<Abstract type="html"></Abstract>
			<DeclaredIn>AWSSimpleDBModel.h</DeclaredIn>
            
			
			<NodeRef refid="1092"/>
		</Token>
		
		
		<Token>
			<TokenIdentifier>//apple_ref/occ/instm/AWSSimpleDBCreateDomainRequest/setDomainName:</TokenIdentifier>
			<Abstract type="html">The name of the domain to create. The name can range between 3 and 255 characters and can contain the following characters: a-z, A-Z, 0-9, &apos;_&apos;, &apos;-&apos;, and &apos;.&apos;.</Abstract>
			<DeclaredIn>AWSSimpleDBModel.h</DeclaredIn>
			
			<Declaration>@property (nonatomic, strong) NSString *domainName</Declaration>
			
			
			<Anchor>//api/name/domainName</Anchor>
            <NodeRef refid="1092"/>
		</Token>
		
		<Token>
			<TokenIdentifier>//apple_ref/occ/instm/AWSSimpleDBCreateDomainRequest/domainName</TokenIdentifier>
			<Abstract type="html">The name of the domain to create. The name can range between 3 and 255 characters and can contain the following characters: a-z, A-Z, 0-9, &apos;_&apos;, &apos;-&apos;, and &apos;.&apos;.</Abstract>
			<DeclaredIn>AWSSimpleDBModel.h</DeclaredIn>
			
			<Declaration>@property (nonatomic, strong) NSString *domainName</Declaration>
			
			
			<Anchor>//api/name/domainName</Anchor>
            <NodeRef refid="1092"/>
		</Token>
		
		<Token>
			<TokenIdentifier>//apple_ref/occ/instp/AWSSimpleDBCreateDomainRequest/domainName</TokenIdentifier>
			<Abstract type="html">The name of the domain to create. The name can range between 3 and 255 characters and can contain the following characters: a-z, A-Z, 0-9, &apos;_&apos;, &apos;-&apos;, and &apos;.&apos;.</Abstract>
			<DeclaredIn>AWSSimpleDBModel.h</DeclaredIn>
			
			<Declaration>@property (nonatomic, strong) NSString *domainName</Declaration>
			
			
			<Anchor>//api/name/domainName</Anchor>
            <NodeRef refid="1092"/>
		</Token>
		
        
        
	</File>
</Tokens>