<?xml version="1.0" encoding="UTF-8"?>
<Tokens version="1.0">
	<File path="Classes/AWSEC2VolumeStatusInfo.html">
		
		<Token>
			<TokenIdentifier>//apple_ref/occ/cl/AWSEC2VolumeStatusInfo</TokenIdentifier>
			<Abstract type="html">&lt;p&gt;Describes the status of a volume.&lt;/p&gt;</Abstract>
			<DeclaredIn>AWSEC2Model.h</DeclaredIn>
            
			
			<NodeRef refid="634"/>
		</Token>
		
		
		<Token>
			<TokenIdentifier>//apple_ref/occ/instm/AWSEC2VolumeStatusInfo/setDetails:</TokenIdentifier>
			<Abstract type="html">&lt;p&gt;The details of the volume status.&lt;/p&gt;</Abstract>
			<DeclaredIn>AWSEC2Model.h</DeclaredIn>
			
			<Declaration>@property (nonatomic, strong) NSArray *details</Declaration>
			
			
			<Anchor>//api/name/details</Anchor>
            <NodeRef refid="634"/>
		</Token>
		
		<Token>
			<TokenIdentifier>//apple_ref/occ/instm/AWSEC2VolumeStatusInfo/details</TokenIdentifier>
			<Abstract type="html">&lt;p&gt;The details of the volume status.&lt;/p&gt;</Abstract>
			<DeclaredIn>AWSEC2Model.h</DeclaredIn>
			
			<Declaration>@property (nonatomic, strong) NSArray *details</Declaration>
			
			
			<Anchor>//api/name/details</Anchor>
            <NodeRef refid="634"/>
		</Token>
		
		<Token>
			<TokenIdentifier>//apple_ref/occ/instp/AWSEC2VolumeStatusInfo/details</TokenIdentifier>
			<Abstract type="html">&lt;p&gt;The details of the volume status.&lt;/p&gt;</Abstract>
			<DeclaredIn>AWSEC2Model.h</DeclaredIn>
			
			<Declaration>@property (nonatomic, strong) NSArray *details</Declaration>
			
			
			<Anchor>//api/name/details</Anchor>
            <NodeRef refid="634"/>
		</Token>
		
		<Token>
			<TokenIdentifier>//apple_ref/occ/instm/AWSEC2VolumeStatusInfo/setStatus:</TokenIdentifier>
			<Abstract type="html">&lt;p&gt;The status of the volume.&lt;/p&gt;</Abstract>
			<DeclaredIn>AWSEC2Model.h</DeclaredIn>
			
			<Declaration>@property (nonatomic, assign) AWSEC2VolumeStatusInfoStatus status</Declaration>
			
			
			<Anchor>//api/name/status</Anchor>
            <NodeRef refid="634"/>
		</Token>
		
		<Token>
			<TokenIdentifier>//apple_ref/occ/instm/AWSEC2VolumeStatusInfo/status</TokenIdentifier>
			<Abstract type="html">&lt;p&gt;The status of the volume.&lt;/p&gt;</Abstract>
			<DeclaredIn>AWSEC2Model.h</DeclaredIn>
			
			<Declaration>@property (nonatomic, assign) AWSEC2VolumeStatusInfoStatus status</Declaration>
			
			
			<Anchor>//api/name/status</Anchor>
            <NodeRef refid="634"/>
		</Token>
		
		<Token>
			<TokenIdentifier>//apple_ref/occ/instp/AWSEC2VolumeStatusInfo/status</TokenIdentifier>
			<Abstract type="html">&lt;p&gt;The status of the volume.&lt;/p&gt;</Abstract>
			<DeclaredIn>AWSEC2Model.h</DeclaredIn>
			
			<Declaration>@property (nonatomic, assign) AWSEC2VolumeStatusInfoStatus status</Declaration>
			
			
			<Anchor>//api/name/status</Anchor>
            <NodeRef refid="634"/>
		</Token>
		
        
        
	</File>
</Tokens>