<?xml version="1.0" encoding="UTF-8"?>
<Tokens version="1.0">
	<File path="Classes/AWSDynamoDBQueryExpression.html">
		
		<Token>
			<TokenIdentifier>//apple_ref/occ/cl/AWSDynamoDBQueryExpression</TokenIdentifier>
			<Abstract type="html">A query expression.</Abstract>
			<DeclaredIn>AWSDynamoDBObjectMapper.h</DeclaredIn>
            
			
			<NodeRef refid="242"/>
		</Token>
		
		
		<Token>
			<TokenIdentifier>//apple_ref/occ/instm/AWSDynamoDBQueryExpression/setScanIndexForward:</TokenIdentifier>
			<Abstract type="html">When set to @YES, AWSDynamoDBObjectMapper scans the index forward. When set to @NO, it scans the other direction.</Abstract>
			<DeclaredIn>AWSDynamoDBObjectMapper.h</DeclaredIn>
			
			<Declaration>@property (nonatomic, strong) NSNumber *scanIndexForward</Declaration>
			
			
			<Anchor>//api/name/scanIndexForward</Anchor>
            <NodeRef refid="242"/>
		</Token>
		
		<Token>
			<TokenIdentifier>//apple_ref/occ/instm/AWSDynamoDBQueryExpression/scanIndexForward</TokenIdentifier>
			<Abstract type="html">When set to @YES, AWSDynamoDBObjectMapper scans the index forward. When set to @NO, it scans the other direction.</Abstract>
			<DeclaredIn>AWSDynamoDBObjectMapper.h</DeclaredIn>
			
			<Declaration>@property (nonatomic, strong) NSNumber *scanIndexForward</Declaration>
			
			
			<Anchor>//api/name/scanIndexForward</Anchor>
            <NodeRef refid="242"/>
		</Token>
		
		<Token>
			<TokenIdentifier>//apple_ref/occ/instp/AWSDynamoDBQueryExpression/scanIndexForward</TokenIdentifier>
			<Abstract type="html">When set to @YES, AWSDynamoDBObjectMapper scans the index forward. When set to @NO, it scans the other direction.</Abstract>
			<DeclaredIn>AWSDynamoDBObjectMapper.h</DeclaredIn>
			
			<Declaration>@property (nonatomic, strong) NSNumber *scanIndexForward</Declaration>
			
			
			<Anchor>//api/name/scanIndexForward</Anchor>
            <NodeRef refid="242"/>
		</Token>
		
		<Token>
			<TokenIdentifier>//apple_ref/occ/instm/AWSDynamoDBQueryExpression/setHashKeyAttribute:</TokenIdentifier>
			<Abstract type="html">The hash attribute name used as hashKeyConditions. If nil, the class uses the return value of hashKeyAttribute in user-defined Object Mapper Class.</Abstract>
			<DeclaredIn>AWSDynamoDBObjectMapper.h</DeclaredIn>
			
			<Declaration>@property (nonatomic, strong) NSString *hashKeyAttribute</Declaration>
			
			
			<Anchor>//api/name/hashKeyAttribute</Anchor>
            <NodeRef refid="242"/>
		</Token>
		
		<Token>
			<TokenIdentifier>//apple_ref/occ/instm/AWSDynamoDBQueryExpression/hashKeyAttribute</TokenIdentifier>
			<Abstract type="html">The hash attribute name used as hashKeyConditions. If nil, the class uses the return value of hashKeyAttribute in user-defined Object Mapper Class.</Abstract>
			<DeclaredIn>AWSDynamoDBObjectMapper.h</DeclaredIn>
			
			<Declaration>@property (nonatomic, strong) NSString *hashKeyAttribute</Declaration>
			
			
			<Anchor>//api/name/hashKeyAttribute</Anchor>
            <NodeRef refid="242"/>
		</Token>
		
		<Token>
			<TokenIdentifier>//apple_ref/occ/instp/AWSDynamoDBQueryExpression/hashKeyAttribute</TokenIdentifier>
			<Abstract type="html">The hash attribute name used as hashKeyConditions. If nil, the class uses the return value of hashKeyAttribute in user-defined Object Mapper Class.</Abstract>
			<DeclaredIn>AWSDynamoDBObjectMapper.h</DeclaredIn>
			
			<Declaration>@property (nonatomic, strong) NSString *hashKeyAttribute</Declaration>
			
			
			<Anchor>//api/name/hashKeyAttribute</Anchor>
            <NodeRef refid="242"/>
		</Token>
		
		<Token>
			<TokenIdentifier>//apple_ref/occ/instm/AWSDynamoDBQueryExpression/setHashKeyValues:</TokenIdentifier>
			<Abstract type="html">The value of the hash key.</Abstract>
			<DeclaredIn>AWSDynamoDBObjectMapper.h</DeclaredIn>
			
			<Declaration>@property (nonatomic, strong) id hashKeyValues</Declaration>
			
			
			<Anchor>//api/name/hashKeyValues</Anchor>
            <NodeRef refid="242"/>
		</Token>
		
		<Token>
			<TokenIdentifier>//apple_ref/occ/instm/AWSDynamoDBQueryExpression/hashKeyValues</TokenIdentifier>
			<Abstract type="html">The value of the hash key.</Abstract>
			<DeclaredIn>AWSDynamoDBObjectMapper.h</DeclaredIn>
			
			<Declaration>@property (nonatomic, strong) id hashKeyValues</Declaration>
			
			
			<Anchor>//api/name/hashKeyValues</Anchor>
            <NodeRef refid="242"/>
		</Token>
		
		<Token>
			<TokenIdentifier>//apple_ref/occ/instp/AWSDynamoDBQueryExpression/hashKeyValues</TokenIdentifier>
			<Abstract type="html">The value of the hash key.</Abstract>
			<DeclaredIn>AWSDynamoDBObjectMapper.h</DeclaredIn>
			
			<Declaration>@property (nonatomic, strong) id hashKeyValues</Declaration>
			
			
			<Anchor>//api/name/hashKeyValues</Anchor>
            <NodeRef refid="242"/>
		</Token>
		
		<Token>
			<TokenIdentifier>//apple_ref/occ/instm/AWSDynamoDBQueryExpression/setRangeKeyConditionExpression:</TokenIdentifier>
			<Abstract type="html">The condition that specifies the key value(s) for items to be retrieved by the Query action. For more information, see [AWSDynamoDBQueryInput keyConditionExpression]</Abstract>
			<DeclaredIn>AWSDynamoDBObjectMapper.h</DeclaredIn>
			
	<RelatedTokens>
		<TokenIdentifier>//apple_ref/occ/instp/AWSDynamoDBQueryInput/keyConditionExpression</TokenIdentifier>
		<TokenIdentifier>//apple_ref/occ/instp/AWSDynamoDBQueryExpression/expressionAttributeNames</TokenIdentifier>
		<TokenIdentifier>//apple_ref/occ/instp/AWSDynamoDBQueryExpression/expressionAttributeValues</TokenIdentifier>
		
	</RelatedTokens>
	
			<Declaration>@property (nonatomic, strong) NSString *rangeKeyConditionExpression</Declaration>
			
			
			<Anchor>//api/name/rangeKeyConditionExpression</Anchor>
            <NodeRef refid="242"/>
		</Token>
		
		<Token>
			<TokenIdentifier>//apple_ref/occ/instm/AWSDynamoDBQueryExpression/rangeKeyConditionExpression</TokenIdentifier>
			<Abstract type="html">The condition that specifies the key value(s) for items to be retrieved by the Query action. For more information, see [AWSDynamoDBQueryInput keyConditionExpression]</Abstract>
			<DeclaredIn>AWSDynamoDBObjectMapper.h</DeclaredIn>
			
	<RelatedTokens>
		<TokenIdentifier>//apple_ref/occ/instp/AWSDynamoDBQueryInput/keyConditionExpression</TokenIdentifier>
		<TokenIdentifier>//apple_ref/occ/instp/AWSDynamoDBQueryExpression/expressionAttributeNames</TokenIdentifier>
		<TokenIdentifier>//apple_ref/occ/instp/AWSDynamoDBQueryExpression/expressionAttributeValues</TokenIdentifier>
		
	</RelatedTokens>
	
			<Declaration>@property (nonatomic, strong) NSString *rangeKeyConditionExpression</Declaration>
			
			
			<Anchor>//api/name/rangeKeyConditionExpression</Anchor>
            <NodeRef refid="242"/>
		</Token>
		
		<Token>
			<TokenIdentifier>//apple_ref/occ/instp/AWSDynamoDBQueryExpression/rangeKeyConditionExpression</TokenIdentifier>
			<Abstract type="html">The condition that specifies the key value(s) for items to be retrieved by the Query action. For more information, see [AWSDynamoDBQueryInput keyConditionExpression]</Abstract>
			<DeclaredIn>AWSDynamoDBObjectMapper.h</DeclaredIn>
			
	<RelatedTokens>
		<TokenIdentifier>//apple_ref/occ/instp/AWSDynamoDBQueryInput/keyConditionExpression</TokenIdentifier>
		<TokenIdentifier>//apple_ref/occ/instp/AWSDynamoDBQueryExpression/expressionAttributeNames</TokenIdentifier>
		<TokenIdentifier>//apple_ref/occ/instp/AWSDynamoDBQueryExpression/expressionAttributeValues</TokenIdentifier>
		
	</RelatedTokens>
	
			<Declaration>@property (nonatomic, strong) NSString *rangeKeyConditionExpression</Declaration>
			
			
			<Anchor>//api/name/rangeKeyConditionExpression</Anchor>
            <NodeRef refid="242"/>
		</Token>
		
		<Token>
			<TokenIdentifier>//apple_ref/occ/instm/AWSDynamoDBQueryExpression/setFilterExpression:</TokenIdentifier>
			<Abstract type="html">A string that contains conditions DynamoDB applies after the Query operation, but before the data is returned. For more information, see [AWSDynamoDBQueryInput filterExpression]</Abstract>
			<DeclaredIn>AWSDynamoDBObjectMapper.h</DeclaredIn>
			
	<RelatedTokens>
		<TokenIdentifier>//apple_ref/occ/instp/AWSDynamoDBQueryInput/filterExpression</TokenIdentifier>
		<TokenIdentifier>//apple_ref/occ/instp/AWSDynamoDBQueryExpression/expressionAttributeNames</TokenIdentifier>
		<TokenIdentifier>//apple_ref/occ/instp/AWSDynamoDBQueryExpression/expressionAttributeValues</TokenIdentifier>
		
	</RelatedTokens>
	
			<Declaration>@property (nonatomic, strong) NSString *filterExpression</Declaration>
			
			
			<Anchor>//api/name/filterExpression</Anchor>
            <NodeRef refid="242"/>
		</Token>
		
		<Token>
			<TokenIdentifier>//apple_ref/occ/instm/AWSDynamoDBQueryExpression/filterExpression</TokenIdentifier>
			<Abstract type="html">A string that contains conditions DynamoDB applies after the Query operation, but before the data is returned. For more information, see [AWSDynamoDBQueryInput filterExpression]</Abstract>
			<DeclaredIn>AWSDynamoDBObjectMapper.h</DeclaredIn>
			
	<RelatedTokens>
		<TokenIdentifier>//apple_ref/occ/instp/AWSDynamoDBQueryInput/filterExpression</TokenIdentifier>
		<TokenIdentifier>//apple_ref/occ/instp/AWSDynamoDBQueryExpression/expressionAttributeNames</TokenIdentifier>
		<TokenIdentifier>//apple_ref/occ/instp/AWSDynamoDBQueryExpression/expressionAttributeValues</TokenIdentifier>
		
	</RelatedTokens>
	
			<Declaration>@property (nonatomic, strong) NSString *filterExpression</Declaration>
			
			
			<Anchor>//api/name/filterExpression</Anchor>
            <NodeRef refid="242"/>
		</Token>
		
		<Token>
			<TokenIdentifier>//apple_ref/occ/instp/AWSDynamoDBQueryExpression/filterExpression</TokenIdentifier>
			<Abstract type="html">A string that contains conditions DynamoDB applies after the Query operation, but before the data is returned. For more information, see [AWSDynamoDBQueryInput filterExpression]</Abstract>
			<DeclaredIn>AWSDynamoDBObjectMapper.h</DeclaredIn>
			
	<RelatedTokens>
		<TokenIdentifier>//apple_ref/occ/instp/AWSDynamoDBQueryInput/filterExpression</TokenIdentifier>
		<TokenIdentifier>//apple_ref/occ/instp/AWSDynamoDBQueryExpression/expressionAttributeNames</TokenIdentifier>
		<TokenIdentifier>//apple_ref/occ/instp/AWSDynamoDBQueryExpression/expressionAttributeValues</TokenIdentifier>
		
	</RelatedTokens>
	
			<Declaration>@property (nonatomic, strong) NSString *filterExpression</Declaration>
			
			
			<Anchor>//api/name/filterExpression</Anchor>
            <NodeRef refid="242"/>
		</Token>
		
		<Token>
			<TokenIdentifier>//apple_ref/occ/instm/AWSDynamoDBQueryExpression/setProjectionExpression:</TokenIdentifier>
			<Abstract type="html">A string that identifies one or more attributes to retrieve from the table. If no attribute names are specified, all attributes will be returned.</Abstract>
			<DeclaredIn>AWSDynamoDBObjectMapper.h</DeclaredIn>
			
	<RelatedTokens>
		<TokenIdentifier>//apple_ref/occ/instp/AWSDynamoDBQueryInput/projectionExpression</TokenIdentifier>
		<TokenIdentifier>//apple_ref/occ/instp/AWSDynamoDBQueryExpression/expressionAttributeNames</TokenIdentifier>
		<TokenIdentifier>//apple_ref/occ/instp/AWSDynamoDBQueryExpression/expressionAttributeValues</TokenIdentifier>
		
	</RelatedTokens>
	
			<Declaration>@property (nonatomic, strong) NSString *projectionExpression</Declaration>
			
			
			<Anchor>//api/name/projectionExpression</Anchor>
            <NodeRef refid="242"/>
		</Token>
		
		<Token>
			<TokenIdentifier>//apple_ref/occ/instm/AWSDynamoDBQueryExpression/projectionExpression</TokenIdentifier>
			<Abstract type="html">A string that identifies one or more attributes to retrieve from the table. If no attribute names are specified, all attributes will be returned.</Abstract>
			<DeclaredIn>AWSDynamoDBObjectMapper.h</DeclaredIn>
			
	<RelatedTokens>
		<TokenIdentifier>//apple_ref/occ/instp/AWSDynamoDBQueryInput/projectionExpression</TokenIdentifier>
		<TokenIdentifier>//apple_ref/occ/instp/AWSDynamoDBQueryExpression/expressionAttributeNames</TokenIdentifier>
		<TokenIdentifier>//apple_ref/occ/instp/AWSDynamoDBQueryExpression/expressionAttributeValues</TokenIdentifier>
		
	</RelatedTokens>
	
			<Declaration>@property (nonatomic, strong) NSString *projectionExpression</Declaration>
			
			
			<Anchor>//api/name/projectionExpression</Anchor>
            <NodeRef refid="242"/>
		</Token>
		
		<Token>
			<TokenIdentifier>//apple_ref/occ/instp/AWSDynamoDBQueryExpression/projectionExpression</TokenIdentifier>
			<Abstract type="html">A string that identifies one or more attributes to retrieve from the table. If no attribute names are specified, all attributes will be returned.</Abstract>
			<DeclaredIn>AWSDynamoDBObjectMapper.h</DeclaredIn>
			
	<RelatedTokens>
		<TokenIdentifier>//apple_ref/occ/instp/AWSDynamoDBQueryInput/projectionExpression</TokenIdentifier>
		<TokenIdentifier>//apple_ref/occ/instp/AWSDynamoDBQueryExpression/expressionAttributeNames</TokenIdentifier>
		<TokenIdentifier>//apple_ref/occ/instp/AWSDynamoDBQueryExpression/expressionAttributeValues</TokenIdentifier>
		
	</RelatedTokens>
	
			<Declaration>@property (nonatomic, strong) NSString *projectionExpression</Declaration>
			
			
			<Anchor>//api/name/projectionExpression</Anchor>
            <NodeRef refid="242"/>
		</Token>
		
		<Token>
			<TokenIdentifier>//apple_ref/occ/instm/AWSDynamoDBQueryExpression/setExpressionAttributeNames:</TokenIdentifier>
			<Abstract type="html">One or more substitution tokens for attribute names in an expression.</Abstract>
			<DeclaredIn>AWSDynamoDBObjectMapper.h</DeclaredIn>
			
	<RelatedTokens>
		<TokenIdentifier>//apple_ref/occ/instp/AWSDynamoDBQueryInput/expressionAttributeNames</TokenIdentifier>
		
	</RelatedTokens>
	
			<Declaration>@property (nonatomic, strong) NSDictionary *expressionAttributeNames</Declaration>
			
			
			<Anchor>//api/name/expressionAttributeNames</Anchor>
            <NodeRef refid="242"/>
		</Token>
		
		<Token>
			<TokenIdentifier>//apple_ref/occ/instm/AWSDynamoDBQueryExpression/expressionAttributeNames</TokenIdentifier>
			<Abstract type="html">One or more substitution tokens for attribute names in an expression.</Abstract>
			<DeclaredIn>AWSDynamoDBObjectMapper.h</DeclaredIn>
			
	<RelatedTokens>
		<TokenIdentifier>//apple_ref/occ/instp/AWSDynamoDBQueryInput/expressionAttributeNames</TokenIdentifier>
		
	</RelatedTokens>
	
			<Declaration>@property (nonatomic, strong) NSDictionary *expressionAttributeNames</Declaration>
			
			
			<Anchor>//api/name/expressionAttributeNames</Anchor>
            <NodeRef refid="242"/>
		</Token>
		
		<Token>
			<TokenIdentifier>//apple_ref/occ/instp/AWSDynamoDBQueryExpression/expressionAttributeNames</TokenIdentifier>
			<Abstract type="html">One or more substitution tokens for attribute names in an expression.</Abstract>
			<DeclaredIn>AWSDynamoDBObjectMapper.h</DeclaredIn>
			
	<RelatedTokens>
		<TokenIdentifier>//apple_ref/occ/instp/AWSDynamoDBQueryInput/expressionAttributeNames</TokenIdentifier>
		
	</RelatedTokens>
	
			<Declaration>@property (nonatomic, strong) NSDictionary *expressionAttributeNames</Declaration>
			
			
			<Anchor>//api/name/expressionAttributeNames</Anchor>
            <NodeRef refid="242"/>
		</Token>
		
		<Token>
			<TokenIdentifier>//apple_ref/occ/instm/AWSDynamoDBQueryExpression/setExpressionAttributeValues:</TokenIdentifier>
			<Abstract type="html">One or more values that can be substituted in an expression.</Abstract>
			<DeclaredIn>AWSDynamoDBObjectMapper.h</DeclaredIn>
			
	<RelatedTokens>
		<TokenIdentifier>//apple_ref/occ/instp/AWSDynamoDBQueryInput/expressionAttributeValues</TokenIdentifier>
		
	</RelatedTokens>
	
			<Declaration>@property (nonatomic, strong) NSDictionary *expressionAttributeValues</Declaration>
			
			
			<Anchor>//api/name/expressionAttributeValues</Anchor>
            <NodeRef refid="242"/>
		</Token>
		
		<Token>
			<TokenIdentifier>//apple_ref/occ/instm/AWSDynamoDBQueryExpression/expressionAttributeValues</TokenIdentifier>
			<Abstract type="html">One or more values that can be substituted in an expression.</Abstract>
			<DeclaredIn>AWSDynamoDBObjectMapper.h</DeclaredIn>
			
	<RelatedTokens>
		<TokenIdentifier>//apple_ref/occ/instp/AWSDynamoDBQueryInput/expressionAttributeValues</TokenIdentifier>
		
	</RelatedTokens>
	
			<Declaration>@property (nonatomic, strong) NSDictionary *expressionAttributeValues</Declaration>
			
			
			<Anchor>//api/name/expressionAttributeValues</Anchor>
            <NodeRef refid="242"/>
		</Token>
		
		<Token>
			<TokenIdentifier>//apple_ref/occ/instp/AWSDynamoDBQueryExpression/expressionAttributeValues</TokenIdentifier>
			<Abstract type="html">One or more values that can be substituted in an expression.</Abstract>
			<DeclaredIn>AWSDynamoDBObjectMapper.h</DeclaredIn>
			
	<RelatedTokens>
		<TokenIdentifier>//apple_ref/occ/instp/AWSDynamoDBQueryInput/expressionAttributeValues</TokenIdentifier>
		
	</RelatedTokens>
	
			<Declaration>@property (nonatomic, strong) NSDictionary *expressionAttributeValues</Declaration>
			
			
			<Anchor>//api/name/expressionAttributeValues</Anchor>
            <NodeRef refid="242"/>
		</Token>
		
		<Token>
			<TokenIdentifier>//apple_ref/occ/instm/AWSDynamoDBQueryExpression/setRangeKeyConditions:</TokenIdentifier>
			<Abstract type="html">The range key conditions.</Abstract>
			<DeclaredIn>AWSDynamoDBObjectMapper.h</DeclaredIn>
			
			<Declaration>@property (nonatomic, strong) NSDictionary *rangeKeyConditions</Declaration>
			
			
			<Anchor>//api/name/rangeKeyConditions</Anchor>
            <NodeRef refid="242"/>
		</Token>
		
		<Token>
			<TokenIdentifier>//apple_ref/occ/instm/AWSDynamoDBQueryExpression/rangeKeyConditions</TokenIdentifier>
			<Abstract type="html">The range key conditions.</Abstract>
			<DeclaredIn>AWSDynamoDBObjectMapper.h</DeclaredIn>
			
			<Declaration>@property (nonatomic, strong) NSDictionary *rangeKeyConditions</Declaration>
			
			
			<Anchor>//api/name/rangeKeyConditions</Anchor>
            <NodeRef refid="242"/>
		</Token>
		
		<Token>
			<TokenIdentifier>//apple_ref/occ/instp/AWSDynamoDBQueryExpression/rangeKeyConditions</TokenIdentifier>
			<Abstract type="html">The range key conditions.</Abstract>
			<DeclaredIn>AWSDynamoDBObjectMapper.h</DeclaredIn>
			
			<Declaration>@property (nonatomic, strong) NSDictionary *rangeKeyConditions</Declaration>
			
			
			<Anchor>//api/name/rangeKeyConditions</Anchor>
            <NodeRef refid="242"/>
		</Token>
		
		<Token>
			<TokenIdentifier>//apple_ref/occ/instm/AWSDynamoDBQueryExpression/setExclusiveStartKey:</TokenIdentifier>
			<Abstract type="html">The exclusive start key.</Abstract>
			<DeclaredIn>AWSDynamoDBObjectMapper.h</DeclaredIn>
			
			<Declaration>@property (nonatomic, strong) NSDictionary *exclusiveStartKey</Declaration>
			
			
			<Anchor>//api/name/exclusiveStartKey</Anchor>
            <NodeRef refid="242"/>
		</Token>
		
		<Token>
			<TokenIdentifier>//apple_ref/occ/instm/AWSDynamoDBQueryExpression/exclusiveStartKey</TokenIdentifier>
			<Abstract type="html">The exclusive start key.</Abstract>
			<DeclaredIn>AWSDynamoDBObjectMapper.h</DeclaredIn>
			
			<Declaration>@property (nonatomic, strong) NSDictionary *exclusiveStartKey</Declaration>
			
			
			<Anchor>//api/name/exclusiveStartKey</Anchor>
            <NodeRef refid="242"/>
		</Token>
		
		<Token>
			<TokenIdentifier>//apple_ref/occ/instp/AWSDynamoDBQueryExpression/exclusiveStartKey</TokenIdentifier>
			<Abstract type="html">The exclusive start key.</Abstract>
			<DeclaredIn>AWSDynamoDBObjectMapper.h</DeclaredIn>
			
			<Declaration>@property (nonatomic, strong) NSDictionary *exclusiveStartKey</Declaration>
			
			
			<Anchor>//api/name/exclusiveStartKey</Anchor>
            <NodeRef refid="242"/>
		</Token>
		
		<Token>
			<TokenIdentifier>//apple_ref/occ/instm/AWSDynamoDBQueryExpression/setLimit:</TokenIdentifier>
			<Abstract type="html">The limit.</Abstract>
			<DeclaredIn>AWSDynamoDBObjectMapper.h</DeclaredIn>
			
			<Declaration>@property (nonatomic, strong) NSNumber *limit</Declaration>
			
			
			<Anchor>//api/name/limit</Anchor>
            <NodeRef refid="242"/>
		</Token>
		
		<Token>
			<TokenIdentifier>//apple_ref/occ/instm/AWSDynamoDBQueryExpression/limit</TokenIdentifier>
			<Abstract type="html">The limit.</Abstract>
			<DeclaredIn>AWSDynamoDBObjectMapper.h</DeclaredIn>
			
			<Declaration>@property (nonatomic, strong) NSNumber *limit</Declaration>
			
			
			<Anchor>//api/name/limit</Anchor>
            <NodeRef refid="242"/>
		</Token>
		
		<Token>
			<TokenIdentifier>//apple_ref/occ/instp/AWSDynamoDBQueryExpression/limit</TokenIdentifier>
			<Abstract type="html">The limit.</Abstract>
			<DeclaredIn>AWSDynamoDBObjectMapper.h</DeclaredIn>
			
			<Declaration>@property (nonatomic, strong) NSNumber *limit</Declaration>
			
			
			<Anchor>//api/name/limit</Anchor>
            <NodeRef refid="242"/>
		</Token>
		
		<Token>
			<TokenIdentifier>//apple_ref/occ/instm/AWSDynamoDBQueryExpression/setIndexName:</TokenIdentifier>
			<Abstract type="html">The index name.</Abstract>
			<DeclaredIn>AWSDynamoDBObjectMapper.h</DeclaredIn>
			
			<Declaration>@property (nonatomic, strong) NSString *indexName</Declaration>
			
			
			<Anchor>//api/name/indexName</Anchor>
            <NodeRef refid="242"/>
		</Token>
		
		<Token>
			<TokenIdentifier>//apple_ref/occ/instm/AWSDynamoDBQueryExpression/indexName</TokenIdentifier>
			<Abstract type="html">The index name.</Abstract>
			<DeclaredIn>AWSDynamoDBObjectMapper.h</DeclaredIn>
			
			<Declaration>@property (nonatomic, strong) NSString *indexName</Declaration>
			
			
			<Anchor>//api/name/indexName</Anchor>
            <NodeRef refid="242"/>
		</Token>
		
		<Token>
			<TokenIdentifier>//apple_ref/occ/instp/AWSDynamoDBQueryExpression/indexName</TokenIdentifier>
			<Abstract type="html">The index name.</Abstract>
			<DeclaredIn>AWSDynamoDBObjectMapper.h</DeclaredIn>
			
			<Declaration>@property (nonatomic, strong) NSString *indexName</Declaration>
			
			
			<Anchor>//api/name/indexName</Anchor>
            <NodeRef refid="242"/>
		</Token>
		
        
        
	</File>
</Tokens>