<?xml version="1.0" encoding="UTF-8"?>
<Tokens version="1.0">
	<File path="Classes/AWSCognitoSyncPushSync.html">
		
		<Token>
			<TokenIdentifier>//apple_ref/occ/cl/AWSCognitoSyncPushSync</TokenIdentifier>
			<Abstract type="html">&lt;p&gt;Configuration options to be applied to the identity pool.&lt;/p&gt;</Abstract>
			<DeclaredIn>AWSCognitoSyncModel.h</DeclaredIn>
            
			
			<NodeRef refid="182"/>
		</Token>
		
		
		<Token>
			<TokenIdentifier>//apple_ref/occ/instm/AWSCognitoSyncPushSync/setApplicationArns:</TokenIdentifier>
			<Abstract type="html">&lt;p&gt;List of SNS platform application ARNs that could be used by clients.&lt;/p&gt;</Abstract>
			<DeclaredIn>AWSCognitoSyncModel.h</DeclaredIn>
			
			<Declaration>@property (nonatomic, strong) NSArray *applicationArns</Declaration>
			
			
			<Anchor>//api/name/applicationArns</Anchor>
            <NodeRef refid="182"/>
		</Token>
		
		<Token>
			<TokenIdentifier>//apple_ref/occ/instm/AWSCognitoSyncPushSync/applicationArns</TokenIdentifier>
			<Abstract type="html">&lt;p&gt;List of SNS platform application ARNs that could be used by clients.&lt;/p&gt;</Abstract>
			<DeclaredIn>AWSCognitoSyncModel.h</DeclaredIn>
			
			<Declaration>@property (nonatomic, strong) NSArray *applicationArns</Declaration>
			
			
			<Anchor>//api/name/applicationArns</Anchor>
            <NodeRef refid="182"/>
		</Token>
		
		<Token>
			<TokenIdentifier>//apple_ref/occ/instp/AWSCognitoSyncPushSync/applicationArns</TokenIdentifier>
			<Abstract type="html">&lt;p&gt;List of SNS platform application ARNs that could be used by clients.&lt;/p&gt;</Abstract>
			<DeclaredIn>AWSCognitoSyncModel.h</DeclaredIn>
			
			<Declaration>@property (nonatomic, strong) NSArray *applicationArns</Declaration>
			
			
			<Anchor>//api/name/applicationArns</Anchor>
            <NodeRef refid="182"/>
		</Token>
		
		<Token>
			<TokenIdentifier>//apple_ref/occ/instm/AWSCognitoSyncPushSync/setRoleArn:</TokenIdentifier>
			<Abstract type="html">&lt;p&gt;A role configured to allow Cognito to call SNS on behalf of the developer.&lt;/p&gt;</Abstract>
			<DeclaredIn>AWSCognitoSyncModel.h</DeclaredIn>
			
			<Declaration>@property (nonatomic, strong) NSString *roleArn</Declaration>
			
			
			<Anchor>//api/name/roleArn</Anchor>
            <NodeRef refid="182"/>
		</Token>
		
		<Token>
			<TokenIdentifier>//apple_ref/occ/instm/AWSCognitoSyncPushSync/roleArn</TokenIdentifier>
			<Abstract type="html">&lt;p&gt;A role configured to allow Cognito to call SNS on behalf of the developer.&lt;/p&gt;</Abstract>
			<DeclaredIn>AWSCognitoSyncModel.h</DeclaredIn>
			
			<Declaration>@property (nonatomic, strong) NSString *roleArn</Declaration>
			
			
			<Anchor>//api/name/roleArn</Anchor>
            <NodeRef refid="182"/>
		</Token>
		
		<Token>
			<TokenIdentifier>//apple_ref/occ/instp/AWSCognitoSyncPushSync/roleArn</TokenIdentifier>
			<Abstract type="html">&lt;p&gt;A role configured to allow Cognito to call SNS on behalf of the developer.&lt;/p&gt;</Abstract>
			<DeclaredIn>AWSCognitoSyncModel.h</DeclaredIn>
			
			<Declaration>@property (nonatomic, strong) NSString *roleArn</Declaration>
			
			
			<Anchor>//api/name/roleArn</Anchor>
            <NodeRef refid="182"/>
		</Token>
		
        
        
	</File>
</Tokens>