<?xml version="1.0" encoding="UTF-8"?>
<Tokens version="1.0">
	<File path="Constants/AWSSNSErrorType.html">
		
		<Token>
			<TokenIdentifier>//apple_ref/c/tdef/AWSSNSErrorType</TokenIdentifier>
			<Abstract type="html"></Abstract>
			<DeclaredIn>AWSSNSModel.h</DeclaredIn>
            
			
			<NodeRef refid="1282"/>
		</Token>
		
		
        
        <Token>
            <TokenIdentifier>//apple_ref/c/econst/AWSSNSErrorUnknown</TokenIdentifier>
            <Abstract type="html"></Abstract>
            <Declaration>AWSSNSErrorUnknown</Declaration>
            
            <DeclaredIn>AWSSNSModel.h</DeclaredIn>
            
            <NodeRef refid="1282"/>
        </Token>
        
        <Token>
            <TokenIdentifier>//apple_ref/c/econst/AWSSNSErrorIncompleteSignature</TokenIdentifier>
            <Abstract type="html"></Abstract>
            <Declaration>AWSSNSErrorIncompleteSignature</Declaration>
            
            <DeclaredIn>AWSSNSModel.h</DeclaredIn>
            
            <NodeRef refid="1282"/>
        </Token>
        
        <Token>
            <TokenIdentifier>//apple_ref/c/econst/AWSSNSErrorInvalidClientTokenId</TokenIdentifier>
            <Abstract type="html"></Abstract>
            <Declaration>AWSSNSErrorInvalidClientTokenId</Declaration>
            
            <DeclaredIn>AWSSNSModel.h</DeclaredIn>
            
            <NodeRef refid="1282"/>
        </Token>
        
        <Token>
            <TokenIdentifier>//apple_ref/c/econst/AWSSNSErrorMissingAuthenticationToken</TokenIdentifier>
            <Abstract type="html"></Abstract>
            <Declaration>AWSSNSErrorMissingAuthenticationToken</Declaration>
            
            <DeclaredIn>AWSSNSModel.h</DeclaredIn>
            
            <NodeRef refid="1282"/>
        </Token>
        
        <Token>
            <TokenIdentifier>//apple_ref/c/econst/AWSSNSErrorAuthorizationError</TokenIdentifier>
            <Abstract type="html"></Abstract>
            <Declaration>AWSSNSErrorAuthorizationError</Declaration>
            
            <DeclaredIn>AWSSNSModel.h</DeclaredIn>
            
            <NodeRef refid="1282"/>
        </Token>
        
        <Token>
            <TokenIdentifier>//apple_ref/c/econst/AWSSNSErrorEndpointDisabled</TokenIdentifier>
            <Abstract type="html"></Abstract>
            <Declaration>AWSSNSErrorEndpointDisabled</Declaration>
            
            <DeclaredIn>AWSSNSModel.h</DeclaredIn>
            
            <NodeRef refid="1282"/>
        </Token>
        
        <Token>
            <TokenIdentifier>//apple_ref/c/econst/AWSSNSErrorInternalError</TokenIdentifier>
            <Abstract type="html"></Abstract>
            <Declaration>AWSSNSErrorInternalError</Declaration>
            
            <DeclaredIn>AWSSNSModel.h</DeclaredIn>
            
            <NodeRef refid="1282"/>
        </Token>
        
        <Token>
            <TokenIdentifier>//apple_ref/c/econst/AWSSNSErrorInvalidParameter</TokenIdentifier>
            <Abstract type="html"></Abstract>
            <Declaration>AWSSNSErrorInvalidParameter</Declaration>
            
            <DeclaredIn>AWSSNSModel.h</DeclaredIn>
            
            <NodeRef refid="1282"/>
        </Token>
        
        <Token>
            <TokenIdentifier>//apple_ref/c/econst/AWSSNSErrorInvalidParameterValue</TokenIdentifier>
            <Abstract type="html"></Abstract>
            <Declaration>AWSSNSErrorInvalidParameterValue</Declaration>
            
            <DeclaredIn>AWSSNSModel.h</DeclaredIn>
            
            <NodeRef refid="1282"/>
        </Token>
        
        <Token>
            <TokenIdentifier>//apple_ref/c/econst/AWSSNSErrorNotFound</TokenIdentifier>
            <Abstract type="html"></Abstract>
            <Declaration>AWSSNSErrorNotFound</Declaration>
            
            <DeclaredIn>AWSSNSModel.h</DeclaredIn>
            
            <NodeRef refid="1282"/>
        </Token>
        
        <Token>
            <TokenIdentifier>//apple_ref/c/econst/AWSSNSErrorPlatformApplicationDisabled</TokenIdentifier>
            <Abstract type="html"></Abstract>
            <Declaration>AWSSNSErrorPlatformApplicationDisabled</Declaration>
            
            <DeclaredIn>AWSSNSModel.h</DeclaredIn>
            
            <NodeRef refid="1282"/>
        </Token>
        
        <Token>
            <TokenIdentifier>//apple_ref/c/econst/AWSSNSErrorSubscriptionLimitExceeded</TokenIdentifier>
            <Abstract type="html"></Abstract>
            <Declaration>AWSSNSErrorSubscriptionLimitExceeded</Declaration>
            
            <DeclaredIn>AWSSNSModel.h</DeclaredIn>
            
            <NodeRef refid="1282"/>
        </Token>
        
        <Token>
            <TokenIdentifier>//apple_ref/c/econst/AWSSNSErrorTopicLimitExceeded</TokenIdentifier>
            <Abstract type="html"></Abstract>
            <Declaration>AWSSNSErrorTopicLimitExceeded</Declaration>
            
            <DeclaredIn>AWSSNSModel.h</DeclaredIn>
            
            <NodeRef refid="1282"/>
        </Token>
        
        
	</File>
</Tokens>