<?xml version="1.0" encoding="UTF-8"?>
<Tokens version="1.0">
	<File path="Constants/AWSSQSErrorType.html">
		
		<Token>
			<TokenIdentifier>//apple_ref/c/tdef/AWSSQSErrorType</TokenIdentifier>
			<Abstract type="html"></Abstract>
			<DeclaredIn>AWSSQSModel.h</DeclaredIn>
            
			
			<NodeRef refid="1283"/>
		</Token>
		
		
        
        <Token>
            <TokenIdentifier>//apple_ref/c/econst/AWSSQSErrorUnknown</TokenIdentifier>
            <Abstract type="html"></Abstract>
            <Declaration>AWSSQSErrorUnknown</Declaration>
            
            <DeclaredIn>AWSSQSModel.h</DeclaredIn>
            
            <NodeRef refid="1283"/>
        </Token>
        
        <Token>
            <TokenIdentifier>//apple_ref/c/econst/AWSSQSErrorIncompleteSignature</TokenIdentifier>
            <Abstract type="html"></Abstract>
            <Declaration>AWSSQSErrorIncompleteSignature</Declaration>
            
            <DeclaredIn>AWSSQSModel.h</DeclaredIn>
            
            <NodeRef refid="1283"/>
        </Token>
        
        <Token>
            <TokenIdentifier>//apple_ref/c/econst/AWSSQSErrorInvalidClientTokenId</TokenIdentifier>
            <Abstract type="html"></Abstract>
            <Declaration>AWSSQSErrorInvalidClientTokenId</Declaration>
            
            <DeclaredIn>AWSSQSModel.h</DeclaredIn>
            
            <NodeRef refid="1283"/>
        </Token>
        
        <Token>
            <TokenIdentifier>//apple_ref/c/econst/AWSSQSErrorMissingAuthenticationToken</TokenIdentifier>
            <Abstract type="html"></Abstract>
            <Declaration>AWSSQSErrorMissingAuthenticationToken</Declaration>
            
            <DeclaredIn>AWSSQSModel.h</DeclaredIn>
            
            <NodeRef refid="1283"/>
        </Token>
        
        <Token>
            <TokenIdentifier>//apple_ref/c/econst/AWSSQSErrorBatchEntryIdsNotDistinct</TokenIdentifier>
            <Abstract type="html"></Abstract>
            <Declaration>AWSSQSErrorBatchEntryIdsNotDistinct</Declaration>
            
            <DeclaredIn>AWSSQSModel.h</DeclaredIn>
            
            <NodeRef refid="1283"/>
        </Token>
        
        <Token>
            <TokenIdentifier>//apple_ref/c/econst/AWSSQSErrorBatchRequestTooLong</TokenIdentifier>
            <Abstract type="html"></Abstract>
            <Declaration>AWSSQSErrorBatchRequestTooLong</Declaration>
            
            <DeclaredIn>AWSSQSModel.h</DeclaredIn>
            
            <NodeRef refid="1283"/>
        </Token>
        
        <Token>
            <TokenIdentifier>//apple_ref/c/econst/AWSSQSErrorEmptyBatchRequest</TokenIdentifier>
            <Abstract type="html"></Abstract>
            <Declaration>AWSSQSErrorEmptyBatchRequest</Declaration>
            
            <DeclaredIn>AWSSQSModel.h</DeclaredIn>
            
            <NodeRef refid="1283"/>
        </Token>
        
        <Token>
            <TokenIdentifier>//apple_ref/c/econst/AWSSQSErrorInvalidAttributeName</TokenIdentifier>
            <Abstract type="html"></Abstract>
            <Declaration>AWSSQSErrorInvalidAttributeName</Declaration>
            
            <DeclaredIn>AWSSQSModel.h</DeclaredIn>
            
            <NodeRef refid="1283"/>
        </Token>
        
        <Token>
            <TokenIdentifier>//apple_ref/c/econst/AWSSQSErrorInvalidBatchEntryId</TokenIdentifier>
            <Abstract type="html"></Abstract>
            <Declaration>AWSSQSErrorInvalidBatchEntryId</Declaration>
            
            <DeclaredIn>AWSSQSModel.h</DeclaredIn>
            
            <NodeRef refid="1283"/>
        </Token>
        
        <Token>
            <TokenIdentifier>//apple_ref/c/econst/AWSSQSErrorInvalidIdFormat</TokenIdentifier>
            <Abstract type="html"></Abstract>
            <Declaration>AWSSQSErrorInvalidIdFormat</Declaration>
            
            <DeclaredIn>AWSSQSModel.h</DeclaredIn>
            
            <NodeRef refid="1283"/>
        </Token>
        
        <Token>
            <TokenIdentifier>//apple_ref/c/econst/AWSSQSErrorInvalidMessageContents</TokenIdentifier>
            <Abstract type="html"></Abstract>
            <Declaration>AWSSQSErrorInvalidMessageContents</Declaration>
            
            <DeclaredIn>AWSSQSModel.h</DeclaredIn>
            
            <NodeRef refid="1283"/>
        </Token>
        
        <Token>
            <TokenIdentifier>//apple_ref/c/econst/AWSSQSErrorMessageNotInflight</TokenIdentifier>
            <Abstract type="html"></Abstract>
            <Declaration>AWSSQSErrorMessageNotInflight</Declaration>
            
            <DeclaredIn>AWSSQSModel.h</DeclaredIn>
            
            <NodeRef refid="1283"/>
        </Token>
        
        <Token>
            <TokenIdentifier>//apple_ref/c/econst/AWSSQSErrorOverLimit</TokenIdentifier>
            <Abstract type="html"></Abstract>
            <Declaration>AWSSQSErrorOverLimit</Declaration>
            
            <DeclaredIn>AWSSQSModel.h</DeclaredIn>
            
            <NodeRef refid="1283"/>
        </Token>
        
        <Token>
            <TokenIdentifier>//apple_ref/c/econst/AWSSQSErrorQueueDeletedRecently</TokenIdentifier>
            <Abstract type="html"></Abstract>
            <Declaration>AWSSQSErrorQueueDeletedRecently</Declaration>
            
            <DeclaredIn>AWSSQSModel.h</DeclaredIn>
            
            <NodeRef refid="1283"/>
        </Token>
        
        <Token>
            <TokenIdentifier>//apple_ref/c/econst/AWSSQSErrorQueueDoesNotExist</TokenIdentifier>
            <Abstract type="html"></Abstract>
            <Declaration>AWSSQSErrorQueueDoesNotExist</Declaration>
            
            <DeclaredIn>AWSSQSModel.h</DeclaredIn>
            
            <NodeRef refid="1283"/>
        </Token>
        
        <Token>
            <TokenIdentifier>//apple_ref/c/econst/AWSSQSErrorQueueNameExists</TokenIdentifier>
            <Abstract type="html"></Abstract>
            <Declaration>AWSSQSErrorQueueNameExists</Declaration>
            
            <DeclaredIn>AWSSQSModel.h</DeclaredIn>
            
            <NodeRef refid="1283"/>
        </Token>
        
        <Token>
            <TokenIdentifier>//apple_ref/c/econst/AWSSQSErrorReceiptHandleIsInvalid</TokenIdentifier>
            <Abstract type="html"></Abstract>
            <Declaration>AWSSQSErrorReceiptHandleIsInvalid</Declaration>
            
            <DeclaredIn>AWSSQSModel.h</DeclaredIn>
            
            <NodeRef refid="1283"/>
        </Token>
        
        <Token>
            <TokenIdentifier>//apple_ref/c/econst/AWSSQSErrorTooManyEntriesInBatchRequest</TokenIdentifier>
            <Abstract type="html"></Abstract>
            <Declaration>AWSSQSErrorTooManyEntriesInBatchRequest</Declaration>
            
            <DeclaredIn>AWSSQSModel.h</DeclaredIn>
            
            <NodeRef refid="1283"/>
        </Token>
        
        <Token>
            <TokenIdentifier>//apple_ref/c/econst/AWSSQSErrorUnsupportedOperation</TokenIdentifier>
            <Abstract type="html"></Abstract>
            <Declaration>AWSSQSErrorUnsupportedOperation</Declaration>
            
            <DeclaredIn>AWSSQSModel.h</DeclaredIn>
            
            <NodeRef refid="1283"/>
        </Token>
        
        
	</File>
</Tokens>