<?xml version="1.0" encoding="UTF-8"?>
<Tokens version="1.0">
	<File path="Classes/AWSEC2InstanceMonitoring.html">
		
		<Token>
			<TokenIdentifier>//apple_ref/occ/cl/AWSEC2InstanceMonitoring</TokenIdentifier>
			<Abstract type="html">&lt;p&gt;Describes the monitoring information of the instance.&lt;/p&gt;</Abstract>
			<DeclaredIn>AWSEC2Model.h</DeclaredIn>
            
			
			<NodeRef refid="507"/>
		</Token>
		
		
		<Token>
			<TokenIdentifier>//apple_ref/occ/instm/AWSEC2InstanceMonitoring/setInstanceId:</TokenIdentifier>
			<Abstract type="html">&lt;p&gt;The ID of the instance.&lt;/p&gt;</Abstract>
			<DeclaredIn>AWSEC2Model.h</DeclaredIn>
			
			<Declaration>@property (nonatomic, strong) NSString *instanceId</Declaration>
			
			
			<Anchor>//api/name/instanceId</Anchor>
            <NodeRef refid="507"/>
		</Token>
		
		<Token>
			<TokenIdentifier>//apple_ref/occ/instm/AWSEC2InstanceMonitoring/instanceId</TokenIdentifier>
			<Abstract type="html">&lt;p&gt;The ID of the instance.&lt;/p&gt;</Abstract>
			<DeclaredIn>AWSEC2Model.h</DeclaredIn>
			
			<Declaration>@property (nonatomic, strong) NSString *instanceId</Declaration>
			
			
			<Anchor>//api/name/instanceId</Anchor>
            <NodeRef refid="507"/>
		</Token>
		
		<Token>
			<TokenIdentifier>//apple_ref/occ/instp/AWSEC2InstanceMonitoring/instanceId</TokenIdentifier>
			<Abstract type="html">&lt;p&gt;The ID of the instance.&lt;/p&gt;</Abstract>
			<DeclaredIn>AWSEC2Model.h</DeclaredIn>
			
			<Declaration>@property (nonatomic, strong) NSString *instanceId</Declaration>
			
			
			<Anchor>//api/name/instanceId</Anchor>
            <NodeRef refid="507"/>
		</Token>
		
		<Token>
			<TokenIdentifier>//apple_ref/occ/instm/AWSEC2InstanceMonitoring/setMonitoring:</TokenIdentifier>
			<Abstract type="html">&lt;p&gt;The monitoring information.&lt;/p&gt;</Abstract>
			<DeclaredIn>AWSEC2Model.h</DeclaredIn>
			
			<Declaration>@property (nonatomic, strong) AWSEC2Monitoring *monitoring</Declaration>
			
			
			<Anchor>//api/name/monitoring</Anchor>
            <NodeRef refid="507"/>
		</Token>
		
		<Token>
			<TokenIdentifier>//apple_ref/occ/instm/AWSEC2InstanceMonitoring/monitoring</TokenIdentifier>
			<Abstract type="html">&lt;p&gt;The monitoring information.&lt;/p&gt;</Abstract>
			<DeclaredIn>AWSEC2Model.h</DeclaredIn>
			
			<Declaration>@property (nonatomic, strong) AWSEC2Monitoring *monitoring</Declaration>
			
			
			<Anchor>//api/name/monitoring</Anchor>
            <NodeRef refid="507"/>
		</Token>
		
		<Token>
			<TokenIdentifier>//apple_ref/occ/instp/AWSEC2InstanceMonitoring/monitoring</TokenIdentifier>
			<Abstract type="html">&lt;p&gt;The monitoring information.&lt;/p&gt;</Abstract>
			<DeclaredIn>AWSEC2Model.h</DeclaredIn>
			
			<Declaration>@property (nonatomic, strong) AWSEC2Monitoring *monitoring</Declaration>
			
			
			<Anchor>//api/name/monitoring</Anchor>
            <NodeRef refid="507"/>
		</Token>
		
        
        
	</File>
</Tokens>