<?xml version="1.0" encoding="UTF-8"?>
<Tokens version="1.0">
	<File path="Classes/AWSEC2DescribeNetworkAclsRequest.html">
		
		<Token>
			<TokenIdentifier>//apple_ref/occ/cl/AWSEC2DescribeNetworkAclsRequest</TokenIdentifier>
			<Abstract type="html"></Abstract>
			<DeclaredIn>AWSEC2Model.h</DeclaredIn>
            
			
			<NodeRef refid="399"/>
		</Token>
		
		
		<Token>
			<TokenIdentifier>//apple_ref/occ/instm/AWSEC2DescribeNetworkAclsRequest/setDryRun:</TokenIdentifier>
			<Abstract type="html"></Abstract>
			<DeclaredIn>AWSEC2Model.h</DeclaredIn>
			
			<Declaration>@property (nonatomic, strong) NSNumber *dryRun</Declaration>
			
			
			<Anchor>//api/name/dryRun</Anchor>
            <NodeRef refid="399"/>
		</Token>
		
		<Token>
			<TokenIdentifier>//apple_ref/occ/instm/AWSEC2DescribeNetworkAclsRequest/dryRun</TokenIdentifier>
			<Abstract type="html"></Abstract>
			<DeclaredIn>AWSEC2Model.h</DeclaredIn>
			
			<Declaration>@property (nonatomic, strong) NSNumber *dryRun</Declaration>
			
			
			<Anchor>//api/name/dryRun</Anchor>
            <NodeRef refid="399"/>
		</Token>
		
		<Token>
			<TokenIdentifier>//apple_ref/occ/instp/AWSEC2DescribeNetworkAclsRequest/dryRun</TokenIdentifier>
			<Abstract type="html"></Abstract>
			<DeclaredIn>AWSEC2Model.h</DeclaredIn>
			
			<Declaration>@property (nonatomic, strong) NSNumber *dryRun</Declaration>
			
			
			<Anchor>//api/name/dryRun</Anchor>
            <NodeRef refid="399"/>
		</Token>
		
		<Token>
			<TokenIdentifier>//apple_ref/occ/instm/AWSEC2DescribeNetworkAclsRequest/setFilters:</TokenIdentifier>
			<Abstract type="html">&lt;p&gt;One or more filters.&lt;/p&gt;&lt;ul&gt;&lt;li&gt;&lt;p&gt;&lt;code&gt;association.association-id&lt;/code&gt; - The ID of an association ID for the ACL.&lt;/p&gt;&lt;/li&gt;&lt;li&gt;&lt;p&gt;&lt;code&gt;association.network-acl-id&lt;/code&gt; - The ID of the network ACL involved in the association.&lt;/p&gt;&lt;/li&gt;&lt;li&gt;&lt;p&gt;&lt;code&gt;association.subnet-id&lt;/code&gt; - The ID of the subnet involved in the association.&lt;/p&gt;&lt;/li&gt;&lt;li&gt;&lt;p&gt;&lt;code&gt;default&lt;/code&gt; - Indicates whether the ACL is the default network ACL for the VPC.&lt;/p&gt;&lt;/li&gt;&lt;li&gt;&lt;p&gt;&lt;code&gt;entry.cidr&lt;/code&gt; - The CIDR range specified in the entry.&lt;/p&gt;&lt;/li&gt;&lt;li&gt;&lt;p&gt;&lt;code&gt;entry.egress&lt;/code&gt; - Indicates whether the entry applies to egress traffic.&lt;/p&gt;&lt;/li&gt;&lt;li&gt;&lt;p&gt;&lt;code&gt;entry.icmp.code&lt;/code&gt; - The ICMP code specified in the entry, if any.&lt;/p&gt;&lt;/li&gt;&lt;li&gt;&lt;p&gt;&lt;code&gt;entry.icmp.type&lt;/code&gt; - The ICMP type specified in the entry, if any.&lt;/p&gt;&lt;/li&gt;&lt;li&gt;&lt;p&gt;&lt;code&gt;entry.port-range.from&lt;/code&gt; - The start of the port range specified in the entry. &lt;/p&gt;&lt;/li&gt;&lt;li&gt;&lt;p&gt;&lt;code&gt;entry.port-range.to&lt;/code&gt; - The end of the port range specified in the entry. &lt;/p&gt;&lt;/li&gt;&lt;li&gt;&lt;p&gt;&lt;code&gt;entry.protocol&lt;/code&gt; - The protocol specified in the entry (&lt;code&gt;tcp&lt;/code&gt; | &lt;code&gt;udp&lt;/code&gt; | &lt;code&gt;icmp&lt;/code&gt; or a protocol number).&lt;/p&gt;&lt;/li&gt;&lt;li&gt;&lt;p&gt;&lt;code&gt;entry.rule-action&lt;/code&gt; - Allows or denies the matching traffic (&lt;code&gt;allow&lt;/code&gt; | &lt;code&gt;deny&lt;/code&gt;).&lt;/p&gt;&lt;/li&gt;&lt;li&gt;&lt;p&gt;&lt;code&gt;entry.rule-number&lt;/code&gt; - The number of an entry (in other words, rule) in the ACL&apos;s set of entries.&lt;/p&gt;&lt;/li&gt;&lt;li&gt;&lt;p&gt;&lt;code&gt;network-acl-id&lt;/code&gt; - The ID of the network ACL.&lt;/p&gt;&lt;/li&gt;&lt;li&gt;&lt;p&gt;&lt;code&gt;tag&lt;/code&gt;:&lt;i&gt;key&lt;/i&gt;=&lt;i&gt;value&lt;/i&gt; - The key/value combination of a tag assigned to the resource.&lt;/p&gt;&lt;/li&gt;&lt;li&gt;&lt;p&gt;&lt;code&gt;tag-key&lt;/code&gt; - The key of a tag assigned to the resource. This filter is independent of the &lt;code&gt;tag-value&lt;/code&gt; filter. For example, if you use both the filter &quot;tag-key=Purpose&quot; and the filter &quot;tag-value=X&quot;, you get any resources assigned both the tag key Purpose (regardless of what the tag&apos;s value is), and the tag value X (regardless of what the tag&apos;s key is). If you want to list only resources where Purpose is X, see the &lt;code&gt;tag&lt;/code&gt;:&lt;i&gt;key&lt;/i&gt;=&lt;i&gt;value&lt;/i&gt; filter.&lt;/p&gt;&lt;/li&gt;&lt;li&gt;&lt;p&gt;&lt;code&gt;tag-value&lt;/code&gt; - The value of a tag assigned to the resource. This filter is independent of the &lt;code&gt;tag-key&lt;/code&gt; filter.&lt;/p&gt;&lt;/li&gt;&lt;li&gt;&lt;p&gt;&lt;code&gt;vpc-id&lt;/code&gt; - The ID of the VPC for the network ACL.&lt;/p&gt;&lt;/li&gt;&lt;/ul&gt;</Abstract>
			<DeclaredIn>AWSEC2Model.h</DeclaredIn>
			
			<Declaration>@property (nonatomic, strong) NSArray *filters</Declaration>
			
			
			<Anchor>//api/name/filters</Anchor>
            <NodeRef refid="399"/>
		</Token>
		
		<Token>
			<TokenIdentifier>//apple_ref/occ/instm/AWSEC2DescribeNetworkAclsRequest/filters</TokenIdentifier>
			<Abstract type="html">&lt;p&gt;One or more filters.&lt;/p&gt;&lt;ul&gt;&lt;li&gt;&lt;p&gt;&lt;code&gt;association.association-id&lt;/code&gt; - The ID of an association ID for the ACL.&lt;/p&gt;&lt;/li&gt;&lt;li&gt;&lt;p&gt;&lt;code&gt;association.network-acl-id&lt;/code&gt; - The ID of the network ACL involved in the association.&lt;/p&gt;&lt;/li&gt;&lt;li&gt;&lt;p&gt;&lt;code&gt;association.subnet-id&lt;/code&gt; - The ID of the subnet involved in the association.&lt;/p&gt;&lt;/li&gt;&lt;li&gt;&lt;p&gt;&lt;code&gt;default&lt;/code&gt; - Indicates whether the ACL is the default network ACL for the VPC.&lt;/p&gt;&lt;/li&gt;&lt;li&gt;&lt;p&gt;&lt;code&gt;entry.cidr&lt;/code&gt; - The CIDR range specified in the entry.&lt;/p&gt;&lt;/li&gt;&lt;li&gt;&lt;p&gt;&lt;code&gt;entry.egress&lt;/code&gt; - Indicates whether the entry applies to egress traffic.&lt;/p&gt;&lt;/li&gt;&lt;li&gt;&lt;p&gt;&lt;code&gt;entry.icmp.code&lt;/code&gt; - The ICMP code specified in the entry, if any.&lt;/p&gt;&lt;/li&gt;&lt;li&gt;&lt;p&gt;&lt;code&gt;entry.icmp.type&lt;/code&gt; - The ICMP type specified in the entry, if any.&lt;/p&gt;&lt;/li&gt;&lt;li&gt;&lt;p&gt;&lt;code&gt;entry.port-range.from&lt;/code&gt; - The start of the port range specified in the entry. &lt;/p&gt;&lt;/li&gt;&lt;li&gt;&lt;p&gt;&lt;code&gt;entry.port-range.to&lt;/code&gt; - The end of the port range specified in the entry. &lt;/p&gt;&lt;/li&gt;&lt;li&gt;&lt;p&gt;&lt;code&gt;entry.protocol&lt;/code&gt; - The protocol specified in the entry (&lt;code&gt;tcp&lt;/code&gt; | &lt;code&gt;udp&lt;/code&gt; | &lt;code&gt;icmp&lt;/code&gt; or a protocol number).&lt;/p&gt;&lt;/li&gt;&lt;li&gt;&lt;p&gt;&lt;code&gt;entry.rule-action&lt;/code&gt; - Allows or denies the matching traffic (&lt;code&gt;allow&lt;/code&gt; | &lt;code&gt;deny&lt;/code&gt;).&lt;/p&gt;&lt;/li&gt;&lt;li&gt;&lt;p&gt;&lt;code&gt;entry.rule-number&lt;/code&gt; - The number of an entry (in other words, rule) in the ACL&apos;s set of entries.&lt;/p&gt;&lt;/li&gt;&lt;li&gt;&lt;p&gt;&lt;code&gt;network-acl-id&lt;/code&gt; - The ID of the network ACL.&lt;/p&gt;&lt;/li&gt;&lt;li&gt;&lt;p&gt;&lt;code&gt;tag&lt;/code&gt;:&lt;i&gt;key&lt;/i&gt;=&lt;i&gt;value&lt;/i&gt; - The key/value combination of a tag assigned to the resource.&lt;/p&gt;&lt;/li&gt;&lt;li&gt;&lt;p&gt;&lt;code&gt;tag-key&lt;/code&gt; - The key of a tag assigned to the resource. This filter is independent of the &lt;code&gt;tag-value&lt;/code&gt; filter. For example, if you use both the filter &quot;tag-key=Purpose&quot; and the filter &quot;tag-value=X&quot;, you get any resources assigned both the tag key Purpose (regardless of what the tag&apos;s value is), and the tag value X (regardless of what the tag&apos;s key is). If you want to list only resources where Purpose is X, see the &lt;code&gt;tag&lt;/code&gt;:&lt;i&gt;key&lt;/i&gt;=&lt;i&gt;value&lt;/i&gt; filter.&lt;/p&gt;&lt;/li&gt;&lt;li&gt;&lt;p&gt;&lt;code&gt;tag-value&lt;/code&gt; - The value of a tag assigned to the resource. This filter is independent of the &lt;code&gt;tag-key&lt;/code&gt; filter.&lt;/p&gt;&lt;/li&gt;&lt;li&gt;&lt;p&gt;&lt;code&gt;vpc-id&lt;/code&gt; - The ID of the VPC for the network ACL.&lt;/p&gt;&lt;/li&gt;&lt;/ul&gt;</Abstract>
			<DeclaredIn>AWSEC2Model.h</DeclaredIn>
			
			<Declaration>@property (nonatomic, strong) NSArray *filters</Declaration>
			
			
			<Anchor>//api/name/filters</Anchor>
            <NodeRef refid="399"/>
		</Token>
		
		<Token>
			<TokenIdentifier>//apple_ref/occ/instp/AWSEC2DescribeNetworkAclsRequest/filters</TokenIdentifier>
			<Abstract type="html">&lt;p&gt;One or more filters.&lt;/p&gt;&lt;ul&gt;&lt;li&gt;&lt;p&gt;&lt;code&gt;association.association-id&lt;/code&gt; - The ID of an association ID for the ACL.&lt;/p&gt;&lt;/li&gt;&lt;li&gt;&lt;p&gt;&lt;code&gt;association.network-acl-id&lt;/code&gt; - The ID of the network ACL involved in the association.&lt;/p&gt;&lt;/li&gt;&lt;li&gt;&lt;p&gt;&lt;code&gt;association.subnet-id&lt;/code&gt; - The ID of the subnet involved in the association.&lt;/p&gt;&lt;/li&gt;&lt;li&gt;&lt;p&gt;&lt;code&gt;default&lt;/code&gt; - Indicates whether the ACL is the default network ACL for the VPC.&lt;/p&gt;&lt;/li&gt;&lt;li&gt;&lt;p&gt;&lt;code&gt;entry.cidr&lt;/code&gt; - The CIDR range specified in the entry.&lt;/p&gt;&lt;/li&gt;&lt;li&gt;&lt;p&gt;&lt;code&gt;entry.egress&lt;/code&gt; - Indicates whether the entry applies to egress traffic.&lt;/p&gt;&lt;/li&gt;&lt;li&gt;&lt;p&gt;&lt;code&gt;entry.icmp.code&lt;/code&gt; - The ICMP code specified in the entry, if any.&lt;/p&gt;&lt;/li&gt;&lt;li&gt;&lt;p&gt;&lt;code&gt;entry.icmp.type&lt;/code&gt; - The ICMP type specified in the entry, if any.&lt;/p&gt;&lt;/li&gt;&lt;li&gt;&lt;p&gt;&lt;code&gt;entry.port-range.from&lt;/code&gt; - The start of the port range specified in the entry. &lt;/p&gt;&lt;/li&gt;&lt;li&gt;&lt;p&gt;&lt;code&gt;entry.port-range.to&lt;/code&gt; - The end of the port range specified in the entry. &lt;/p&gt;&lt;/li&gt;&lt;li&gt;&lt;p&gt;&lt;code&gt;entry.protocol&lt;/code&gt; - The protocol specified in the entry (&lt;code&gt;tcp&lt;/code&gt; | &lt;code&gt;udp&lt;/code&gt; | &lt;code&gt;icmp&lt;/code&gt; or a protocol number).&lt;/p&gt;&lt;/li&gt;&lt;li&gt;&lt;p&gt;&lt;code&gt;entry.rule-action&lt;/code&gt; - Allows or denies the matching traffic (&lt;code&gt;allow&lt;/code&gt; | &lt;code&gt;deny&lt;/code&gt;).&lt;/p&gt;&lt;/li&gt;&lt;li&gt;&lt;p&gt;&lt;code&gt;entry.rule-number&lt;/code&gt; - The number of an entry (in other words, rule) in the ACL&apos;s set of entries.&lt;/p&gt;&lt;/li&gt;&lt;li&gt;&lt;p&gt;&lt;code&gt;network-acl-id&lt;/code&gt; - The ID of the network ACL.&lt;/p&gt;&lt;/li&gt;&lt;li&gt;&lt;p&gt;&lt;code&gt;tag&lt;/code&gt;:&lt;i&gt;key&lt;/i&gt;=&lt;i&gt;value&lt;/i&gt; - The key/value combination of a tag assigned to the resource.&lt;/p&gt;&lt;/li&gt;&lt;li&gt;&lt;p&gt;&lt;code&gt;tag-key&lt;/code&gt; - The key of a tag assigned to the resource. This filter is independent of the &lt;code&gt;tag-value&lt;/code&gt; filter. For example, if you use both the filter &quot;tag-key=Purpose&quot; and the filter &quot;tag-value=X&quot;, you get any resources assigned both the tag key Purpose (regardless of what the tag&apos;s value is), and the tag value X (regardless of what the tag&apos;s key is). If you want to list only resources where Purpose is X, see the &lt;code&gt;tag&lt;/code&gt;:&lt;i&gt;key&lt;/i&gt;=&lt;i&gt;value&lt;/i&gt; filter.&lt;/p&gt;&lt;/li&gt;&lt;li&gt;&lt;p&gt;&lt;code&gt;tag-value&lt;/code&gt; - The value of a tag assigned to the resource. This filter is independent of the &lt;code&gt;tag-key&lt;/code&gt; filter.&lt;/p&gt;&lt;/li&gt;&lt;li&gt;&lt;p&gt;&lt;code&gt;vpc-id&lt;/code&gt; - The ID of the VPC for the network ACL.&lt;/p&gt;&lt;/li&gt;&lt;/ul&gt;</Abstract>
			<DeclaredIn>AWSEC2Model.h</DeclaredIn>
			
			<Declaration>@property (nonatomic, strong) NSArray *filters</Declaration>
			
			
			<Anchor>//api/name/filters</Anchor>
            <NodeRef refid="399"/>
		</Token>
		
		<Token>
			<TokenIdentifier>//apple_ref/occ/instm/AWSEC2DescribeNetworkAclsRequest/setNetworkAclIds:</TokenIdentifier>
			<Abstract type="html">&lt;p&gt;One or more network ACL IDs.&lt;/p&gt;&lt;p&gt;Default: Describes all your network ACLs.&lt;/p&gt;</Abstract>
			<DeclaredIn>AWSEC2Model.h</DeclaredIn>
			
			<Declaration>@property (nonatomic, strong) NSArray *networkAclIds</Declaration>
			
			
			<Anchor>//api/name/networkAclIds</Anchor>
            <NodeRef refid="399"/>
		</Token>
		
		<Token>
			<TokenIdentifier>//apple_ref/occ/instm/AWSEC2DescribeNetworkAclsRequest/networkAclIds</TokenIdentifier>
			<Abstract type="html">&lt;p&gt;One or more network ACL IDs.&lt;/p&gt;&lt;p&gt;Default: Describes all your network ACLs.&lt;/p&gt;</Abstract>
			<DeclaredIn>AWSEC2Model.h</DeclaredIn>
			
			<Declaration>@property (nonatomic, strong) NSArray *networkAclIds</Declaration>
			
			
			<Anchor>//api/name/networkAclIds</Anchor>
            <NodeRef refid="399"/>
		</Token>
		
		<Token>
			<TokenIdentifier>//apple_ref/occ/instp/AWSEC2DescribeNetworkAclsRequest/networkAclIds</TokenIdentifier>
			<Abstract type="html">&lt;p&gt;One or more network ACL IDs.&lt;/p&gt;&lt;p&gt;Default: Describes all your network ACLs.&lt;/p&gt;</Abstract>
			<DeclaredIn>AWSEC2Model.h</DeclaredIn>
			
			<Declaration>@property (nonatomic, strong) NSArray *networkAclIds</Declaration>
			
			
			<Anchor>//api/name/networkAclIds</Anchor>
            <NodeRef refid="399"/>
		</Token>
		
        
        
	</File>
</Tokens>