<?xml version="1.0" encoding="UTF-8"?>
<Tokens version="1.0">
	<File path="Classes/AWSAutoScalingTerminateInstanceInAutoScalingGroupType.html">
		
		<Token>
			<TokenIdentifier>//apple_ref/occ/cl/AWSAutoScalingTerminateInstanceInAutoScalingGroupType</TokenIdentifier>
			<Abstract type="html">&lt;p&gt;&lt;/p&gt;
Required parameters: [InstanceId, ShouldDecrementDesiredCapacity]</Abstract>
			<DeclaredIn>AWSAutoScalingModel.h</DeclaredIn>
            
			
			<NodeRef refid="87"/>
		</Token>
		
		
		<Token>
			<TokenIdentifier>//apple_ref/occ/instm/AWSAutoScalingTerminateInstanceInAutoScalingGroupType/setInstanceId:</TokenIdentifier>
			<Abstract type="html">&lt;p&gt; The ID of the Amazon EC2 instance to be terminated. &lt;/p&gt;</Abstract>
			<DeclaredIn>AWSAutoScalingModel.h</DeclaredIn>
			
			<Declaration>@property (nonatomic, strong) NSString *instanceId</Declaration>
			
			
			<Anchor>//api/name/instanceId</Anchor>
            <NodeRef refid="87"/>
		</Token>
		
		<Token>
			<TokenIdentifier>//apple_ref/occ/instm/AWSAutoScalingTerminateInstanceInAutoScalingGroupType/instanceId</TokenIdentifier>
			<Abstract type="html">&lt;p&gt; The ID of the Amazon EC2 instance to be terminated. &lt;/p&gt;</Abstract>
			<DeclaredIn>AWSAutoScalingModel.h</DeclaredIn>
			
			<Declaration>@property (nonatomic, strong) NSString *instanceId</Declaration>
			
			
			<Anchor>//api/name/instanceId</Anchor>
            <NodeRef refid="87"/>
		</Token>
		
		<Token>
			<TokenIdentifier>//apple_ref/occ/instp/AWSAutoScalingTerminateInstanceInAutoScalingGroupType/instanceId</TokenIdentifier>
			<Abstract type="html">&lt;p&gt; The ID of the Amazon EC2 instance to be terminated. &lt;/p&gt;</Abstract>
			<DeclaredIn>AWSAutoScalingModel.h</DeclaredIn>
			
			<Declaration>@property (nonatomic, strong) NSString *instanceId</Declaration>
			
			
			<Anchor>//api/name/instanceId</Anchor>
            <NodeRef refid="87"/>
		</Token>
		
		<Token>
			<TokenIdentifier>//apple_ref/occ/instm/AWSAutoScalingTerminateInstanceInAutoScalingGroupType/setShouldDecrementDesiredCapacity:</TokenIdentifier>
			<Abstract type="html">&lt;p&gt; Specifies whether (&lt;i&gt;true&lt;/i&gt;) or not (&lt;i&gt;false&lt;/i&gt;) terminating this instance should also decrement the size of the &lt;a&gt;AutoScalingGroup&lt;/a&gt;. &lt;/p&gt;</Abstract>
			<DeclaredIn>AWSAutoScalingModel.h</DeclaredIn>
			
			<Declaration>@property (nonatomic, strong) NSNumber *shouldDecrementDesiredCapacity</Declaration>
			
			
			<Anchor>//api/name/shouldDecrementDesiredCapacity</Anchor>
            <NodeRef refid="87"/>
		</Token>
		
		<Token>
			<TokenIdentifier>//apple_ref/occ/instm/AWSAutoScalingTerminateInstanceInAutoScalingGroupType/shouldDecrementDesiredCapacity</TokenIdentifier>
			<Abstract type="html">&lt;p&gt; Specifies whether (&lt;i&gt;true&lt;/i&gt;) or not (&lt;i&gt;false&lt;/i&gt;) terminating this instance should also decrement the size of the &lt;a&gt;AutoScalingGroup&lt;/a&gt;. &lt;/p&gt;</Abstract>
			<DeclaredIn>AWSAutoScalingModel.h</DeclaredIn>
			
			<Declaration>@property (nonatomic, strong) NSNumber *shouldDecrementDesiredCapacity</Declaration>
			
			
			<Anchor>//api/name/shouldDecrementDesiredCapacity</Anchor>
            <NodeRef refid="87"/>
		</Token>
		
		<Token>
			<TokenIdentifier>//apple_ref/occ/instp/AWSAutoScalingTerminateInstanceInAutoScalingGroupType/shouldDecrementDesiredCapacity</TokenIdentifier>
			<Abstract type="html">&lt;p&gt; Specifies whether (&lt;i&gt;true&lt;/i&gt;) or not (&lt;i&gt;false&lt;/i&gt;) terminating this instance should also decrement the size of the &lt;a&gt;AutoScalingGroup&lt;/a&gt;. &lt;/p&gt;</Abstract>
			<DeclaredIn>AWSAutoScalingModel.h</DeclaredIn>
			
			<Declaration>@property (nonatomic, strong) NSNumber *shouldDecrementDesiredCapacity</Declaration>
			
			
			<Anchor>//api/name/shouldDecrementDesiredCapacity</Anchor>
            <NodeRef refid="87"/>
		</Token>
		
        
        
	</File>
</Tokens>