<?xml version="1.0" encoding="UTF-8"?>
<Tokens version="1.0">
	<File path="Classes/AWSSNSGetEndpointAttributesResponse.html">
		
		<Token>
			<TokenIdentifier>//apple_ref/occ/cl/AWSSNSGetEndpointAttributesResponse</TokenIdentifier>
			<Abstract type="html">&lt;p&gt;Response from GetEndpointAttributes of the EndpointArn.&lt;/p&gt;</Abstract>
			<DeclaredIn>AWSSNSModel.h</DeclaredIn>
            
			
			<NodeRef refid="1002"/>
		</Token>
		
		
		<Token>
			<TokenIdentifier>//apple_ref/occ/instm/AWSSNSGetEndpointAttributesResponse/setAttributes:</TokenIdentifier>
			<Abstract type="html">&lt;p&gt;Attributes include the following:&lt;/p&gt;&lt;ul&gt;&lt;li&gt;&lt;code&gt;CustomUserData&lt;/code&gt; -- arbitrary user data to associate with the endpoint. Amazon SNS does not use this data. The data must be in UTF-8 format and less than 2KB.&lt;/li&gt;&lt;li&gt;&lt;code&gt;Enabled&lt;/code&gt; -- flag that enables/disables delivery to the endpoint. Amazon SNS will set this to false when a notification service indicates to Amazon SNS that the endpoint is invalid. Users can set it back to true, typically after updating Token.&lt;/li&gt;&lt;li&gt;&lt;code&gt;Token&lt;/code&gt; -- device token, also referred to as a registration id, for an app and mobile device. This is returned from the notification service when an app and mobile device are registered with the notification service.&lt;/li&gt;&lt;/ul&gt;</Abstract>
			<DeclaredIn>AWSSNSModel.h</DeclaredIn>
			
			<Declaration>@property (nonatomic, strong) NSDictionary *attributes</Declaration>
			
			
			<Anchor>//api/name/attributes</Anchor>
            <NodeRef refid="1002"/>
		</Token>
		
		<Token>
			<TokenIdentifier>//apple_ref/occ/instm/AWSSNSGetEndpointAttributesResponse/attributes</TokenIdentifier>
			<Abstract type="html">&lt;p&gt;Attributes include the following:&lt;/p&gt;&lt;ul&gt;&lt;li&gt;&lt;code&gt;CustomUserData&lt;/code&gt; -- arbitrary user data to associate with the endpoint. Amazon SNS does not use this data. The data must be in UTF-8 format and less than 2KB.&lt;/li&gt;&lt;li&gt;&lt;code&gt;Enabled&lt;/code&gt; -- flag that enables/disables delivery to the endpoint. Amazon SNS will set this to false when a notification service indicates to Amazon SNS that the endpoint is invalid. Users can set it back to true, typically after updating Token.&lt;/li&gt;&lt;li&gt;&lt;code&gt;Token&lt;/code&gt; -- device token, also referred to as a registration id, for an app and mobile device. This is returned from the notification service when an app and mobile device are registered with the notification service.&lt;/li&gt;&lt;/ul&gt;</Abstract>
			<DeclaredIn>AWSSNSModel.h</DeclaredIn>
			
			<Declaration>@property (nonatomic, strong) NSDictionary *attributes</Declaration>
			
			
			<Anchor>//api/name/attributes</Anchor>
            <NodeRef refid="1002"/>
		</Token>
		
		<Token>
			<TokenIdentifier>//apple_ref/occ/instp/AWSSNSGetEndpointAttributesResponse/attributes</TokenIdentifier>
			<Abstract type="html">&lt;p&gt;Attributes include the following:&lt;/p&gt;&lt;ul&gt;&lt;li&gt;&lt;code&gt;CustomUserData&lt;/code&gt; -- arbitrary user data to associate with the endpoint. Amazon SNS does not use this data. The data must be in UTF-8 format and less than 2KB.&lt;/li&gt;&lt;li&gt;&lt;code&gt;Enabled&lt;/code&gt; -- flag that enables/disables delivery to the endpoint. Amazon SNS will set this to false when a notification service indicates to Amazon SNS that the endpoint is invalid. Users can set it back to true, typically after updating Token.&lt;/li&gt;&lt;li&gt;&lt;code&gt;Token&lt;/code&gt; -- device token, also referred to as a registration id, for an app and mobile device. This is returned from the notification service when an app and mobile device are registered with the notification service.&lt;/li&gt;&lt;/ul&gt;</Abstract>
			<DeclaredIn>AWSSNSModel.h</DeclaredIn>
			
			<Declaration>@property (nonatomic, strong) NSDictionary *attributes</Declaration>
			
			
			<Anchor>//api/name/attributes</Anchor>
            <NodeRef refid="1002"/>
		</Token>
		
        
        
	</File>
</Tokens>