<?xml version="1.0" encoding="UTF-8"?>
<Tokens version="1.0">
	<File path="Constants/AWSDynamoDBConditionalOperator.html">
		
		<Token>
			<TokenIdentifier>//apple_ref/c/tdef/AWSDynamoDBConditionalOperator</TokenIdentifier>
			<Abstract type="html"></Abstract>
			<DeclaredIn>AWSDynamoDBModel.h</DeclaredIn>
            
			
			<NodeRef refid="1144"/>
		</Token>
		
		
        
        <Token>
            <TokenIdentifier>//apple_ref/c/econst/AWSDynamoDBConditionalOperatorUnknown</TokenIdentifier>
            <Abstract type="html"></Abstract>
            <Declaration>AWSDynamoDBConditionalOperatorUnknown</Declaration>
            
            <DeclaredIn>AWSDynamoDBModel.h</DeclaredIn>
            
            <NodeRef refid="1144"/>
        </Token>
        
        <Token>
            <TokenIdentifier>//apple_ref/c/econst/AWSDynamoDBConditionalOperatorAnd</TokenIdentifier>
            <Abstract type="html"></Abstract>
            <Declaration>AWSDynamoDBConditionalOperatorAnd</Declaration>
            
            <DeclaredIn>AWSDynamoDBModel.h</DeclaredIn>
            
            <NodeRef refid="1144"/>
        </Token>
        
        <Token>
            <TokenIdentifier>//apple_ref/c/econst/AWSDynamoDBConditionalOperatorOr</TokenIdentifier>
            <Abstract type="html"></Abstract>
            <Declaration>AWSDynamoDBConditionalOperatorOr</Declaration>
            
            <DeclaredIn>AWSDynamoDBModel.h</DeclaredIn>
            
            <NodeRef refid="1144"/>
        </Token>
        
        
	</File>
</Tokens>