<?xml version="1.0" encoding="UTF-8"?>
<Tokens version="1.0">
	<File path="Constants/AWSCognitoRecordValueType.html">
		
		<Token>
			<TokenIdentifier>//apple_ref/c/tdef/AWSCognitoRecordValueType</TokenIdentifier>
			<Abstract type="html"></Abstract>
			<DeclaredIn>AWSCognitoRecord.h</DeclaredIn>
            
			
			<NodeRef refid="1136"/>
		</Token>
		
		
        
        <Token>
            <TokenIdentifier>//apple_ref/c/econst/AWSCognitoRecordValueTypeUnknown</TokenIdentifier>
            <Abstract type="html"></Abstract>
            <Declaration>AWSCognitoRecordValueTypeUnknown</Declaration>
            
            <DeclaredIn>AWSCognitoRecord.h</DeclaredIn>
            
            <NodeRef refid="1136"/>
        </Token>
        
        <Token>
            <TokenIdentifier>//apple_ref/c/econst/AWSCognitoRecordValueTypeString</TokenIdentifier>
            <Abstract type="html"></Abstract>
            <Declaration>AWSCognitoRecordValueTypeString</Declaration>
            
            <DeclaredIn>AWSCognitoRecord.h</DeclaredIn>
            
            <NodeRef refid="1136"/>
        </Token>
        
        <Token>
            <TokenIdentifier>//apple_ref/c/econst/AWSCognitoRecordValueTypeDeleted</TokenIdentifier>
            <Abstract type="html"></Abstract>
            <Declaration>AWSCognitoRecordValueTypeDeleted</Declaration>
            
            <DeclaredIn>AWSCognitoRecord.h</DeclaredIn>
            
            <NodeRef refid="1136"/>
        </Token>
        
        
	</File>
</Tokens>