<?xml version="1.0" encoding="UTF-8"?>
<Tokens version="1.0">
	<File path="Constants/AWSEC2ResetImageAttributeName.html">
		
		<Token>
			<TokenIdentifier>//apple_ref/c/tdef/AWSEC2ResetImageAttributeName</TokenIdentifier>
			<Abstract type="html"></Abstract>
			<DeclaredIn>AWSEC2Model.h</DeclaredIn>
            
			
			<NodeRef refid="1201"/>
		</Token>
		
		
        
        <Token>
            <TokenIdentifier>//apple_ref/c/econst/AWSEC2ResetImageAttributeNameUnknown</TokenIdentifier>
            <Abstract type="html"></Abstract>
            <Declaration>AWSEC2ResetImageAttributeNameUnknown</Declaration>
            
            <DeclaredIn>AWSEC2Model.h</DeclaredIn>
            
            <NodeRef refid="1201"/>
        </Token>
        
        <Token>
            <TokenIdentifier>//apple_ref/c/econst/AWSEC2ResetImageAttributeNameLaunchPermission</TokenIdentifier>
            <Abstract type="html"></Abstract>
            <Declaration>AWSEC2ResetImageAttributeNameLaunchPermission</Declaration>
            
            <DeclaredIn>AWSEC2Model.h</DeclaredIn>
            
            <NodeRef refid="1201"/>
        </Token>
        
        
	</File>
</Tokens>