<?xml version="1.0" encoding="UTF-8"?>
<Tokens version="1.0">
	<File path="Classes/AWSSESIdentityDkimAttributes.html">
		
		<Token>
			<TokenIdentifier>//apple_ref/occ/cl/AWSSESIdentityDkimAttributes</TokenIdentifier>
			<Abstract type="html">&lt;p&gt;Represents the DKIM attributes of a verified email address or a domain.&lt;/p&gt;
Required parameters: [DkimEnabled, DkimVerificationStatus]</Abstract>
			<DeclaredIn>AWSSESModel.h</DeclaredIn>
            
			
			<NodeRef refid="961"/>
		</Token>
		
		
		<Token>
			<TokenIdentifier>//apple_ref/occ/instm/AWSSESIdentityDkimAttributes/setDkimEnabled:</TokenIdentifier>
			<Abstract type="html">&lt;p&gt;True if DKIM signing is enabled for email sent from the identity; false otherwise.&lt;/p&gt;</Abstract>
			<DeclaredIn>AWSSESModel.h</DeclaredIn>
			
			<Declaration>@property (nonatomic, strong) NSNumber *dkimEnabled</Declaration>
			
			
			<Anchor>//api/name/dkimEnabled</Anchor>
            <NodeRef refid="961"/>
		</Token>
		
		<Token>
			<TokenIdentifier>//apple_ref/occ/instm/AWSSESIdentityDkimAttributes/dkimEnabled</TokenIdentifier>
			<Abstract type="html">&lt;p&gt;True if DKIM signing is enabled for email sent from the identity; false otherwise.&lt;/p&gt;</Abstract>
			<DeclaredIn>AWSSESModel.h</DeclaredIn>
			
			<Declaration>@property (nonatomic, strong) NSNumber *dkimEnabled</Declaration>
			
			
			<Anchor>//api/name/dkimEnabled</Anchor>
            <NodeRef refid="961"/>
		</Token>
		
		<Token>
			<TokenIdentifier>//apple_ref/occ/instp/AWSSESIdentityDkimAttributes/dkimEnabled</TokenIdentifier>
			<Abstract type="html">&lt;p&gt;True if DKIM signing is enabled for email sent from the identity; false otherwise.&lt;/p&gt;</Abstract>
			<DeclaredIn>AWSSESModel.h</DeclaredIn>
			
			<Declaration>@property (nonatomic, strong) NSNumber *dkimEnabled</Declaration>
			
			
			<Anchor>//api/name/dkimEnabled</Anchor>
            <NodeRef refid="961"/>
		</Token>
		
		<Token>
			<TokenIdentifier>//apple_ref/occ/instm/AWSSESIdentityDkimAttributes/setDkimTokens:</TokenIdentifier>
			<Abstract type="html">&lt;p&gt;A set of character strings that represent the domain&apos;s identity. Using these tokens, you will need to create DNS CNAME records that point to DKIM public keys hosted by Amazon SES. Amazon Web Services will eventually detect that you have updated your DNS records; this detection process may take up to 72 hours. Upon successful detection, Amazon SES will be able to DKIM-sign email originating from that domain. (This only applies to domain identities, not email address identities.)&lt;/p&gt;&lt;p&gt;For more information about creating DNS records using DKIM tokens, go to the Amazon SES Developer Guide.&lt;/p&gt;</Abstract>
			<DeclaredIn>AWSSESModel.h</DeclaredIn>
			
			<Declaration>@property (nonatomic, strong) NSArray *dkimTokens</Declaration>
			
			
			<Anchor>//api/name/dkimTokens</Anchor>
            <NodeRef refid="961"/>
		</Token>
		
		<Token>
			<TokenIdentifier>//apple_ref/occ/instm/AWSSESIdentityDkimAttributes/dkimTokens</TokenIdentifier>
			<Abstract type="html">&lt;p&gt;A set of character strings that represent the domain&apos;s identity. Using these tokens, you will need to create DNS CNAME records that point to DKIM public keys hosted by Amazon SES. Amazon Web Services will eventually detect that you have updated your DNS records; this detection process may take up to 72 hours. Upon successful detection, Amazon SES will be able to DKIM-sign email originating from that domain. (This only applies to domain identities, not email address identities.)&lt;/p&gt;&lt;p&gt;For more information about creating DNS records using DKIM tokens, go to the Amazon SES Developer Guide.&lt;/p&gt;</Abstract>
			<DeclaredIn>AWSSESModel.h</DeclaredIn>
			
			<Declaration>@property (nonatomic, strong) NSArray *dkimTokens</Declaration>
			
			
			<Anchor>//api/name/dkimTokens</Anchor>
            <NodeRef refid="961"/>
		</Token>
		
		<Token>
			<TokenIdentifier>//apple_ref/occ/instp/AWSSESIdentityDkimAttributes/dkimTokens</TokenIdentifier>
			<Abstract type="html">&lt;p&gt;A set of character strings that represent the domain&apos;s identity. Using these tokens, you will need to create DNS CNAME records that point to DKIM public keys hosted by Amazon SES. Amazon Web Services will eventually detect that you have updated your DNS records; this detection process may take up to 72 hours. Upon successful detection, Amazon SES will be able to DKIM-sign email originating from that domain. (This only applies to domain identities, not email address identities.)&lt;/p&gt;&lt;p&gt;For more information about creating DNS records using DKIM tokens, go to the Amazon SES Developer Guide.&lt;/p&gt;</Abstract>
			<DeclaredIn>AWSSESModel.h</DeclaredIn>
			
			<Declaration>@property (nonatomic, strong) NSArray *dkimTokens</Declaration>
			
			
			<Anchor>//api/name/dkimTokens</Anchor>
            <NodeRef refid="961"/>
		</Token>
		
		<Token>
			<TokenIdentifier>//apple_ref/occ/instm/AWSSESIdentityDkimAttributes/setDkimVerificationStatus:</TokenIdentifier>
			<Abstract type="html">&lt;p&gt;Describes whether Amazon SES has successfully verified the DKIM DNS records (tokens) published in the domain name&apos;s DNS. (This only applies to domain identities, not email address identities.)&lt;/p&gt;</Abstract>
			<DeclaredIn>AWSSESModel.h</DeclaredIn>
			
			<Declaration>@property (nonatomic, assign) AWSSESVerificationStatus dkimVerificationStatus</Declaration>
			
			
			<Anchor>//api/name/dkimVerificationStatus</Anchor>
            <NodeRef refid="961"/>
		</Token>
		
		<Token>
			<TokenIdentifier>//apple_ref/occ/instm/AWSSESIdentityDkimAttributes/dkimVerificationStatus</TokenIdentifier>
			<Abstract type="html">&lt;p&gt;Describes whether Amazon SES has successfully verified the DKIM DNS records (tokens) published in the domain name&apos;s DNS. (This only applies to domain identities, not email address identities.)&lt;/p&gt;</Abstract>
			<DeclaredIn>AWSSESModel.h</DeclaredIn>
			
			<Declaration>@property (nonatomic, assign) AWSSESVerificationStatus dkimVerificationStatus</Declaration>
			
			
			<Anchor>//api/name/dkimVerificationStatus</Anchor>
            <NodeRef refid="961"/>
		</Token>
		
		<Token>
			<TokenIdentifier>//apple_ref/occ/instp/AWSSESIdentityDkimAttributes/dkimVerificationStatus</TokenIdentifier>
			<Abstract type="html">&lt;p&gt;Describes whether Amazon SES has successfully verified the DKIM DNS records (tokens) published in the domain name&apos;s DNS. (This only applies to domain identities, not email address identities.)&lt;/p&gt;</Abstract>
			<DeclaredIn>AWSSESModel.h</DeclaredIn>
			
			<Declaration>@property (nonatomic, assign) AWSSESVerificationStatus dkimVerificationStatus</Declaration>
			
			
			<Anchor>//api/name/dkimVerificationStatus</Anchor>
            <NodeRef refid="961"/>
		</Token>
		
        
        
	</File>
</Tokens>