<?xml version="1.0" encoding="UTF-8"?>
<Tokens version="1.0">
	<File path="Classes/AWSSQSListQueuesResult.html">
		
		<Token>
			<TokenIdentifier>//apple_ref/occ/cl/AWSSQSListQueuesResult</TokenIdentifier>
			<Abstract type="html">A list of your queues.</Abstract>
			<DeclaredIn>AWSSQSModel.h</DeclaredIn>
            
			
			<NodeRef refid="1056"/>
		</Token>
		
		
		<Token>
			<TokenIdentifier>//apple_ref/occ/instm/AWSSQSListQueuesResult/setQueueUrls:</TokenIdentifier>
			<Abstract type="html">&lt;p&gt;A list of queue URLs, up to 1000 entries.&lt;/p&gt;</Abstract>
			<DeclaredIn>AWSSQSModel.h</DeclaredIn>
			
			<Declaration>@property (nonatomic, strong) NSArray *queueUrls</Declaration>
			
			
			<Anchor>//api/name/queueUrls</Anchor>
            <NodeRef refid="1056"/>
		</Token>
		
		<Token>
			<TokenIdentifier>//apple_ref/occ/instm/AWSSQSListQueuesResult/queueUrls</TokenIdentifier>
			<Abstract type="html">&lt;p&gt;A list of queue URLs, up to 1000 entries.&lt;/p&gt;</Abstract>
			<DeclaredIn>AWSSQSModel.h</DeclaredIn>
			
			<Declaration>@property (nonatomic, strong) NSArray *queueUrls</Declaration>
			
			
			<Anchor>//api/name/queueUrls</Anchor>
            <NodeRef refid="1056"/>
		</Token>
		
		<Token>
			<TokenIdentifier>//apple_ref/occ/instp/AWSSQSListQueuesResult/queueUrls</TokenIdentifier>
			<Abstract type="html">&lt;p&gt;A list of queue URLs, up to 1000 entries.&lt;/p&gt;</Abstract>
			<DeclaredIn>AWSSQSModel.h</DeclaredIn>
			
			<Declaration>@property (nonatomic, strong) NSArray *queueUrls</Declaration>
			
			
			<Anchor>//api/name/queueUrls</Anchor>
            <NodeRef refid="1056"/>
		</Token>
		
        
        
	</File>
</Tokens>