<?xml version="1.0" encoding="UTF-8"?>
<Tokens version="1.0">
	<File path="Classes/AWSServiceManager.html">
		
		<Token>
			<TokenIdentifier>//apple_ref/occ/cl/AWSServiceManager</TokenIdentifier>
			<Abstract type="html">The service manager class that manages the default service configuration.</Abstract>
			<DeclaredIn>AWSService.h</DeclaredIn>
            
			
			<NodeRef refid="1087"/>
		</Token>
		
		
		<Token>
			<TokenIdentifier>//apple_ref/occ/instm/AWSServiceManager/setDefaultServiceConfiguration:</TokenIdentifier>
			<Abstract type="html">The default service configuration object. This property can be set only once, and any subsequent setters are ignored.</Abstract>
			<DeclaredIn>AWSService.h</DeclaredIn>
			
			<Declaration>@property (nonatomic, copy) AWSServiceConfiguration *defaultServiceConfiguration</Declaration>
			
			
			<Anchor>//api/name/defaultServiceConfiguration</Anchor>
            <NodeRef refid="1087"/>
		</Token>
		
		<Token>
			<TokenIdentifier>//apple_ref/occ/instm/AWSServiceManager/defaultServiceConfiguration</TokenIdentifier>
			<Abstract type="html">The default service configuration object. This property can be set only once, and any subsequent setters are ignored.</Abstract>
			<DeclaredIn>AWSService.h</DeclaredIn>
			
			<Declaration>@property (nonatomic, copy) AWSServiceConfiguration *defaultServiceConfiguration</Declaration>
			
			
			<Anchor>//api/name/defaultServiceConfiguration</Anchor>
            <NodeRef refid="1087"/>
		</Token>
		
		<Token>
			<TokenIdentifier>//apple_ref/occ/instp/AWSServiceManager/defaultServiceConfiguration</TokenIdentifier>
			<Abstract type="html">The default service configuration object. This property can be set only once, and any subsequent setters are ignored.</Abstract>
			<DeclaredIn>AWSService.h</DeclaredIn>
			
			<Declaration>@property (nonatomic, copy) AWSServiceConfiguration *defaultServiceConfiguration</Declaration>
			
			
			<Anchor>//api/name/defaultServiceConfiguration</Anchor>
            <NodeRef refid="1087"/>
		</Token>
		
		<Token>
			<TokenIdentifier>//apple_ref/occ/clm/AWSServiceManager/defaultServiceManager</TokenIdentifier>
			<Abstract type="html">Returns a default singleton object. You should use this singleton method instead of creating an instance of the service manager.</Abstract>
			<DeclaredIn>AWSService.h</DeclaredIn>
			
			<Declaration>+ (instancetype)defaultServiceManager</Declaration>
			
			<ReturnValue><Abstract type="html">The default service manager. This is a singleton object.</Abstract></ReturnValue>
			<Anchor>//api/name/defaultServiceManager</Anchor>
            <NodeRef refid="1087"/>
		</Token>
		
        
        
	</File>
</Tokens>