<?xml version="1.0" encoding="UTF-8"?>
<Tokens version="1.0">
	<File path="Constants/AWSS3ServerSideEncryption.html">
		
		<Token>
			<TokenIdentifier>//apple_ref/c/tdef/AWSS3ServerSideEncryption</TokenIdentifier>
			<Abstract type="html"></Abstract>
			<DeclaredIn>AWSS3Model.h</DeclaredIn>
            
			
			<NodeRef refid="1272"/>
		</Token>
		
		
        
        <Token>
            <TokenIdentifier>//apple_ref/c/econst/AWSS3ServerSideEncryptionUnknown</TokenIdentifier>
            <Abstract type="html"></Abstract>
            <Declaration>AWSS3ServerSideEncryptionUnknown</Declaration>
            
            <DeclaredIn>AWSS3Model.h</DeclaredIn>
            
            <NodeRef refid="1272"/>
        </Token>
        
        <Token>
            <TokenIdentifier>//apple_ref/c/econst/AWSS3ServerSideEncryptionAES256</TokenIdentifier>
            <Abstract type="html"></Abstract>
            <Declaration>AWSS3ServerSideEncryptionAES256</Declaration>
            
            <DeclaredIn>AWSS3Model.h</DeclaredIn>
            
            <NodeRef refid="1272"/>
        </Token>
        
        <Token>
            <TokenIdentifier>//apple_ref/c/econst/AWSS3ServerSideEncryptionAwsKms</TokenIdentifier>
            <Abstract type="html"></Abstract>
            <Declaration>AWSS3ServerSideEncryptionAwsKms</Declaration>
            
            <DeclaredIn>AWSS3Model.h</DeclaredIn>
            
            <NodeRef refid="1272"/>
        </Token>
        
        
	</File>
</Tokens>