<?xml version="1.0" encoding="UTF-8"?>
<Tokens version="1.0">
	<File path="Classes/AWSS3Condition.html">
		
		<Token>
			<TokenIdentifier>//apple_ref/occ/cl/AWSS3Condition</TokenIdentifier>
			<Abstract type="html"></Abstract>
			<DeclaredIn>AWSS3Model.h</DeclaredIn>
            
			
			<NodeRef refid="822"/>
		</Token>
		
		
		<Token>
			<TokenIdentifier>//apple_ref/occ/instm/AWSS3Condition/setHttpErrorCodeReturnedEquals:</TokenIdentifier>
			<Abstract type="html">The HTTP error code when the redirect is applied. In the event of an error, if the error code equals this value, then the specified redirect is applied. Required when parent element Condition is specified and sibling KeyPrefixEquals is not specified. If both are specified, then both must be true for the redirect to be applied.</Abstract>
			<DeclaredIn>AWSS3Model.h</DeclaredIn>
			
			<Declaration>@property (nonatomic, strong) NSString *httpErrorCodeReturnedEquals</Declaration>
			
			
			<Anchor>//api/name/httpErrorCodeReturnedEquals</Anchor>
            <NodeRef refid="822"/>
		</Token>
		
		<Token>
			<TokenIdentifier>//apple_ref/occ/instm/AWSS3Condition/httpErrorCodeReturnedEquals</TokenIdentifier>
			<Abstract type="html">The HTTP error code when the redirect is applied. In the event of an error, if the error code equals this value, then the specified redirect is applied. Required when parent element Condition is specified and sibling KeyPrefixEquals is not specified. If both are specified, then both must be true for the redirect to be applied.</Abstract>
			<DeclaredIn>AWSS3Model.h</DeclaredIn>
			
			<Declaration>@property (nonatomic, strong) NSString *httpErrorCodeReturnedEquals</Declaration>
			
			
			<Anchor>//api/name/httpErrorCodeReturnedEquals</Anchor>
            <NodeRef refid="822"/>
		</Token>
		
		<Token>
			<TokenIdentifier>//apple_ref/occ/instp/AWSS3Condition/httpErrorCodeReturnedEquals</TokenIdentifier>
			<Abstract type="html">The HTTP error code when the redirect is applied. In the event of an error, if the error code equals this value, then the specified redirect is applied. Required when parent element Condition is specified and sibling KeyPrefixEquals is not specified. If both are specified, then both must be true for the redirect to be applied.</Abstract>
			<DeclaredIn>AWSS3Model.h</DeclaredIn>
			
			<Declaration>@property (nonatomic, strong) NSString *httpErrorCodeReturnedEquals</Declaration>
			
			
			<Anchor>//api/name/httpErrorCodeReturnedEquals</Anchor>
            <NodeRef refid="822"/>
		</Token>
		
		<Token>
			<TokenIdentifier>//apple_ref/occ/instm/AWSS3Condition/setKeyPrefixEquals:</TokenIdentifier>
			<Abstract type="html">The object key name prefix when the redirect is applied. For example, to redirect requests for ExamplePage.html, the key prefix will be ExamplePage.html. To redirect request for all pages with the prefix docs/, the key prefix will be /docs, which identifies all objects in the docs/ folder. Required when the parent element Condition is specified and sibling HttpErrorCodeReturnedEquals is not specified. If both conditions are specified, both must be true for the redirect to be applied.</Abstract>
			<DeclaredIn>AWSS3Model.h</DeclaredIn>
			
			<Declaration>@property (nonatomic, strong) NSString *keyPrefixEquals</Declaration>
			
			
			<Anchor>//api/name/keyPrefixEquals</Anchor>
            <NodeRef refid="822"/>
		</Token>
		
		<Token>
			<TokenIdentifier>//apple_ref/occ/instm/AWSS3Condition/keyPrefixEquals</TokenIdentifier>
			<Abstract type="html">The object key name prefix when the redirect is applied. For example, to redirect requests for ExamplePage.html, the key prefix will be ExamplePage.html. To redirect request for all pages with the prefix docs/, the key prefix will be /docs, which identifies all objects in the docs/ folder. Required when the parent element Condition is specified and sibling HttpErrorCodeReturnedEquals is not specified. If both conditions are specified, both must be true for the redirect to be applied.</Abstract>
			<DeclaredIn>AWSS3Model.h</DeclaredIn>
			
			<Declaration>@property (nonatomic, strong) NSString *keyPrefixEquals</Declaration>
			
			
			<Anchor>//api/name/keyPrefixEquals</Anchor>
            <NodeRef refid="822"/>
		</Token>
		
		<Token>
			<TokenIdentifier>//apple_ref/occ/instp/AWSS3Condition/keyPrefixEquals</TokenIdentifier>
			<Abstract type="html">The object key name prefix when the redirect is applied. For example, to redirect requests for ExamplePage.html, the key prefix will be ExamplePage.html. To redirect request for all pages with the prefix docs/, the key prefix will be /docs, which identifies all objects in the docs/ folder. Required when the parent element Condition is specified and sibling HttpErrorCodeReturnedEquals is not specified. If both conditions are specified, both must be true for the redirect to be applied.</Abstract>
			<DeclaredIn>AWSS3Model.h</DeclaredIn>
			
			<Declaration>@property (nonatomic, strong) NSString *keyPrefixEquals</Declaration>
			
			
			<Anchor>//api/name/keyPrefixEquals</Anchor>
            <NodeRef refid="822"/>
		</Token>
		
        
        
	</File>
</Tokens>