<?xml version="1.0" encoding="UTF-8"?>
<Tokens version="1.0">
	<File path="Classes/AWSEC2Storage.html">
		
		<Token>
			<TokenIdentifier>//apple_ref/occ/cl/AWSEC2Storage</TokenIdentifier>
			<Abstract type="html">&lt;p&gt;Describes the storage location for an instance store-backed AMI.&lt;/p&gt;</Abstract>
			<DeclaredIn>AWSEC2Model.h</DeclaredIn>
            
			
			<NodeRef refid="616"/>
		</Token>
		
		
		<Token>
			<TokenIdentifier>//apple_ref/occ/instm/AWSEC2Storage/setS3:</TokenIdentifier>
			<Abstract type="html">&lt;p&gt;An Amazon S3 storage location.&lt;/p&gt;</Abstract>
			<DeclaredIn>AWSEC2Model.h</DeclaredIn>
			
			<Declaration>@property (nonatomic, strong) AWSEC2S3Storage *s3</Declaration>
			
			
			<Anchor>//api/name/s3</Anchor>
            <NodeRef refid="616"/>
		</Token>
		
		<Token>
			<TokenIdentifier>//apple_ref/occ/instm/AWSEC2Storage/s3</TokenIdentifier>
			<Abstract type="html">&lt;p&gt;An Amazon S3 storage location.&lt;/p&gt;</Abstract>
			<DeclaredIn>AWSEC2Model.h</DeclaredIn>
			
			<Declaration>@property (nonatomic, strong) AWSEC2S3Storage *s3</Declaration>
			
			
			<Anchor>//api/name/s3</Anchor>
            <NodeRef refid="616"/>
		</Token>
		
		<Token>
			<TokenIdentifier>//apple_ref/occ/instp/AWSEC2Storage/s3</TokenIdentifier>
			<Abstract type="html">&lt;p&gt;An Amazon S3 storage location.&lt;/p&gt;</Abstract>
			<DeclaredIn>AWSEC2Model.h</DeclaredIn>
			
			<Declaration>@property (nonatomic, strong) AWSEC2S3Storage *s3</Declaration>
			
			
			<Anchor>//api/name/s3</Anchor>
            <NodeRef refid="616"/>
		</Token>
		
        
        
	</File>
</Tokens>