<?xml version="1.0" encoding="UTF-8"?>
<Tokens version="1.0">
	<File path="Classes/AWSEC2NetworkInterfaceAttachment.html">
		
		<Token>
			<TokenIdentifier>//apple_ref/occ/cl/AWSEC2NetworkInterfaceAttachment</TokenIdentifier>
			<Abstract type="html">&lt;p&gt;Describes a network interface attachment.&lt;/p&gt;</Abstract>
			<DeclaredIn>AWSEC2Model.h</DeclaredIn>
            
			
			<NodeRef refid="546"/>
		</Token>
		
		
		<Token>
			<TokenIdentifier>//apple_ref/occ/instm/AWSEC2NetworkInterfaceAttachment/setAttachTime:</TokenIdentifier>
			<Abstract type="html">&lt;p&gt;The timestamp indicating when the attachment initiated.&lt;/p&gt;</Abstract>
			<DeclaredIn>AWSEC2Model.h</DeclaredIn>
			
			<Declaration>@property (nonatomic, strong) NSDate *attachTime</Declaration>
			
			
			<Anchor>//api/name/attachTime</Anchor>
            <NodeRef refid="546"/>
		</Token>
		
		<Token>
			<TokenIdentifier>//apple_ref/occ/instm/AWSEC2NetworkInterfaceAttachment/attachTime</TokenIdentifier>
			<Abstract type="html">&lt;p&gt;The timestamp indicating when the attachment initiated.&lt;/p&gt;</Abstract>
			<DeclaredIn>AWSEC2Model.h</DeclaredIn>
			
			<Declaration>@property (nonatomic, strong) NSDate *attachTime</Declaration>
			
			
			<Anchor>//api/name/attachTime</Anchor>
            <NodeRef refid="546"/>
		</Token>
		
		<Token>
			<TokenIdentifier>//apple_ref/occ/instp/AWSEC2NetworkInterfaceAttachment/attachTime</TokenIdentifier>
			<Abstract type="html">&lt;p&gt;The timestamp indicating when the attachment initiated.&lt;/p&gt;</Abstract>
			<DeclaredIn>AWSEC2Model.h</DeclaredIn>
			
			<Declaration>@property (nonatomic, strong) NSDate *attachTime</Declaration>
			
			
			<Anchor>//api/name/attachTime</Anchor>
            <NodeRef refid="546"/>
		</Token>
		
		<Token>
			<TokenIdentifier>//apple_ref/occ/instm/AWSEC2NetworkInterfaceAttachment/setAttachmentId:</TokenIdentifier>
			<Abstract type="html">&lt;p&gt;The ID of the network interface attachment.&lt;/p&gt;</Abstract>
			<DeclaredIn>AWSEC2Model.h</DeclaredIn>
			
			<Declaration>@property (nonatomic, strong) NSString *attachmentId</Declaration>
			
			
			<Anchor>//api/name/attachmentId</Anchor>
            <NodeRef refid="546"/>
		</Token>
		
		<Token>
			<TokenIdentifier>//apple_ref/occ/instm/AWSEC2NetworkInterfaceAttachment/attachmentId</TokenIdentifier>
			<Abstract type="html">&lt;p&gt;The ID of the network interface attachment.&lt;/p&gt;</Abstract>
			<DeclaredIn>AWSEC2Model.h</DeclaredIn>
			
			<Declaration>@property (nonatomic, strong) NSString *attachmentId</Declaration>
			
			
			<Anchor>//api/name/attachmentId</Anchor>
            <NodeRef refid="546"/>
		</Token>
		
		<Token>
			<TokenIdentifier>//apple_ref/occ/instp/AWSEC2NetworkInterfaceAttachment/attachmentId</TokenIdentifier>
			<Abstract type="html">&lt;p&gt;The ID of the network interface attachment.&lt;/p&gt;</Abstract>
			<DeclaredIn>AWSEC2Model.h</DeclaredIn>
			
			<Declaration>@property (nonatomic, strong) NSString *attachmentId</Declaration>
			
			
			<Anchor>//api/name/attachmentId</Anchor>
            <NodeRef refid="546"/>
		</Token>
		
		<Token>
			<TokenIdentifier>//apple_ref/occ/instm/AWSEC2NetworkInterfaceAttachment/setDeleteOnTermination:</TokenIdentifier>
			<Abstract type="html">&lt;p&gt;Indicates whether the network interface is deleted when the instance is terminated.&lt;/p&gt;</Abstract>
			<DeclaredIn>AWSEC2Model.h</DeclaredIn>
			
			<Declaration>@property (nonatomic, strong) NSNumber *deleteOnTermination</Declaration>
			
			
			<Anchor>//api/name/deleteOnTermination</Anchor>
            <NodeRef refid="546"/>
		</Token>
		
		<Token>
			<TokenIdentifier>//apple_ref/occ/instm/AWSEC2NetworkInterfaceAttachment/deleteOnTermination</TokenIdentifier>
			<Abstract type="html">&lt;p&gt;Indicates whether the network interface is deleted when the instance is terminated.&lt;/p&gt;</Abstract>
			<DeclaredIn>AWSEC2Model.h</DeclaredIn>
			
			<Declaration>@property (nonatomic, strong) NSNumber *deleteOnTermination</Declaration>
			
			
			<Anchor>//api/name/deleteOnTermination</Anchor>
            <NodeRef refid="546"/>
		</Token>
		
		<Token>
			<TokenIdentifier>//apple_ref/occ/instp/AWSEC2NetworkInterfaceAttachment/deleteOnTermination</TokenIdentifier>
			<Abstract type="html">&lt;p&gt;Indicates whether the network interface is deleted when the instance is terminated.&lt;/p&gt;</Abstract>
			<DeclaredIn>AWSEC2Model.h</DeclaredIn>
			
			<Declaration>@property (nonatomic, strong) NSNumber *deleteOnTermination</Declaration>
			
			
			<Anchor>//api/name/deleteOnTermination</Anchor>
            <NodeRef refid="546"/>
		</Token>
		
		<Token>
			<TokenIdentifier>//apple_ref/occ/instm/AWSEC2NetworkInterfaceAttachment/setDeviceIndex:</TokenIdentifier>
			<Abstract type="html">&lt;p&gt;The device index of the network interface attachment on the instance.&lt;/p&gt;</Abstract>
			<DeclaredIn>AWSEC2Model.h</DeclaredIn>
			
			<Declaration>@property (nonatomic, strong) NSNumber *deviceIndex</Declaration>
			
			
			<Anchor>//api/name/deviceIndex</Anchor>
            <NodeRef refid="546"/>
		</Token>
		
		<Token>
			<TokenIdentifier>//apple_ref/occ/instm/AWSEC2NetworkInterfaceAttachment/deviceIndex</TokenIdentifier>
			<Abstract type="html">&lt;p&gt;The device index of the network interface attachment on the instance.&lt;/p&gt;</Abstract>
			<DeclaredIn>AWSEC2Model.h</DeclaredIn>
			
			<Declaration>@property (nonatomic, strong) NSNumber *deviceIndex</Declaration>
			
			
			<Anchor>//api/name/deviceIndex</Anchor>
            <NodeRef refid="546"/>
		</Token>
		
		<Token>
			<TokenIdentifier>//apple_ref/occ/instp/AWSEC2NetworkInterfaceAttachment/deviceIndex</TokenIdentifier>
			<Abstract type="html">&lt;p&gt;The device index of the network interface attachment on the instance.&lt;/p&gt;</Abstract>
			<DeclaredIn>AWSEC2Model.h</DeclaredIn>
			
			<Declaration>@property (nonatomic, strong) NSNumber *deviceIndex</Declaration>
			
			
			<Anchor>//api/name/deviceIndex</Anchor>
            <NodeRef refid="546"/>
		</Token>
		
		<Token>
			<TokenIdentifier>//apple_ref/occ/instm/AWSEC2NetworkInterfaceAttachment/setInstanceId:</TokenIdentifier>
			<Abstract type="html">&lt;p&gt;The ID of the instance.&lt;/p&gt;</Abstract>
			<DeclaredIn>AWSEC2Model.h</DeclaredIn>
			
			<Declaration>@property (nonatomic, strong) NSString *instanceId</Declaration>
			
			
			<Anchor>//api/name/instanceId</Anchor>
            <NodeRef refid="546"/>
		</Token>
		
		<Token>
			<TokenIdentifier>//apple_ref/occ/instm/AWSEC2NetworkInterfaceAttachment/instanceId</TokenIdentifier>
			<Abstract type="html">&lt;p&gt;The ID of the instance.&lt;/p&gt;</Abstract>
			<DeclaredIn>AWSEC2Model.h</DeclaredIn>
			
			<Declaration>@property (nonatomic, strong) NSString *instanceId</Declaration>
			
			
			<Anchor>//api/name/instanceId</Anchor>
            <NodeRef refid="546"/>
		</Token>
		
		<Token>
			<TokenIdentifier>//apple_ref/occ/instp/AWSEC2NetworkInterfaceAttachment/instanceId</TokenIdentifier>
			<Abstract type="html">&lt;p&gt;The ID of the instance.&lt;/p&gt;</Abstract>
			<DeclaredIn>AWSEC2Model.h</DeclaredIn>
			
			<Declaration>@property (nonatomic, strong) NSString *instanceId</Declaration>
			
			
			<Anchor>//api/name/instanceId</Anchor>
            <NodeRef refid="546"/>
		</Token>
		
		<Token>
			<TokenIdentifier>//apple_ref/occ/instm/AWSEC2NetworkInterfaceAttachment/setInstanceOwnerId:</TokenIdentifier>
			<Abstract type="html">&lt;p&gt;The AWS account ID of the owner of the instance.&lt;/p&gt;</Abstract>
			<DeclaredIn>AWSEC2Model.h</DeclaredIn>
			
			<Declaration>@property (nonatomic, strong) NSString *instanceOwnerId</Declaration>
			
			
			<Anchor>//api/name/instanceOwnerId</Anchor>
            <NodeRef refid="546"/>
		</Token>
		
		<Token>
			<TokenIdentifier>//apple_ref/occ/instm/AWSEC2NetworkInterfaceAttachment/instanceOwnerId</TokenIdentifier>
			<Abstract type="html">&lt;p&gt;The AWS account ID of the owner of the instance.&lt;/p&gt;</Abstract>
			<DeclaredIn>AWSEC2Model.h</DeclaredIn>
			
			<Declaration>@property (nonatomic, strong) NSString *instanceOwnerId</Declaration>
			
			
			<Anchor>//api/name/instanceOwnerId</Anchor>
            <NodeRef refid="546"/>
		</Token>
		
		<Token>
			<TokenIdentifier>//apple_ref/occ/instp/AWSEC2NetworkInterfaceAttachment/instanceOwnerId</TokenIdentifier>
			<Abstract type="html">&lt;p&gt;The AWS account ID of the owner of the instance.&lt;/p&gt;</Abstract>
			<DeclaredIn>AWSEC2Model.h</DeclaredIn>
			
			<Declaration>@property (nonatomic, strong) NSString *instanceOwnerId</Declaration>
			
			
			<Anchor>//api/name/instanceOwnerId</Anchor>
            <NodeRef refid="546"/>
		</Token>
		
		<Token>
			<TokenIdentifier>//apple_ref/occ/instm/AWSEC2NetworkInterfaceAttachment/setStatus:</TokenIdentifier>
			<Abstract type="html">&lt;p&gt;The attachment state.&lt;/p&gt;</Abstract>
			<DeclaredIn>AWSEC2Model.h</DeclaredIn>
			
			<Declaration>@property (nonatomic, assign) AWSEC2AttachmentStatus status</Declaration>
			
			
			<Anchor>//api/name/status</Anchor>
            <NodeRef refid="546"/>
		</Token>
		
		<Token>
			<TokenIdentifier>//apple_ref/occ/instm/AWSEC2NetworkInterfaceAttachment/status</TokenIdentifier>
			<Abstract type="html">&lt;p&gt;The attachment state.&lt;/p&gt;</Abstract>
			<DeclaredIn>AWSEC2Model.h</DeclaredIn>
			
			<Declaration>@property (nonatomic, assign) AWSEC2AttachmentStatus status</Declaration>
			
			
			<Anchor>//api/name/status</Anchor>
            <NodeRef refid="546"/>
		</Token>
		
		<Token>
			<TokenIdentifier>//apple_ref/occ/instp/AWSEC2NetworkInterfaceAttachment/status</TokenIdentifier>
			<Abstract type="html">&lt;p&gt;The attachment state.&lt;/p&gt;</Abstract>
			<DeclaredIn>AWSEC2Model.h</DeclaredIn>
			
			<Declaration>@property (nonatomic, assign) AWSEC2AttachmentStatus status</Declaration>
			
			
			<Anchor>//api/name/status</Anchor>
            <NodeRef refid="546"/>
		</Token>
		
        
        
	</File>
</Tokens>