<?xml version="1.0" encoding="UTF-8"?>
<Tokens version="1.0">
	<File path="Classes/AWSElasticLoadBalancingApplySecurityGroupsToLoadBalancerInput.html">
		
		<Token>
			<TokenIdentifier>//apple_ref/occ/cl/AWSElasticLoadBalancingApplySecurityGroupsToLoadBalancerInput</TokenIdentifier>
			<Abstract type="html"></Abstract>
			<DeclaredIn>AWSElasticLoadBalancingModel.h</DeclaredIn>
            
			
			<NodeRef refid="654"/>
		</Token>
		
		
		<Token>
			<TokenIdentifier>//apple_ref/occ/instm/AWSElasticLoadBalancingApplySecurityGroupsToLoadBalancerInput/setLoadBalancerName:</TokenIdentifier>
			<Abstract type="html"></Abstract>
			<DeclaredIn>AWSElasticLoadBalancingModel.h</DeclaredIn>
			
			<Declaration>@property (nonatomic, strong) NSString *loadBalancerName</Declaration>
			
			
			<Anchor>//api/name/loadBalancerName</Anchor>
            <NodeRef refid="654"/>
		</Token>
		
		<Token>
			<TokenIdentifier>//apple_ref/occ/instm/AWSElasticLoadBalancingApplySecurityGroupsToLoadBalancerInput/loadBalancerName</TokenIdentifier>
			<Abstract type="html"></Abstract>
			<DeclaredIn>AWSElasticLoadBalancingModel.h</DeclaredIn>
			
			<Declaration>@property (nonatomic, strong) NSString *loadBalancerName</Declaration>
			
			
			<Anchor>//api/name/loadBalancerName</Anchor>
            <NodeRef refid="654"/>
		</Token>
		
		<Token>
			<TokenIdentifier>//apple_ref/occ/instp/AWSElasticLoadBalancingApplySecurityGroupsToLoadBalancerInput/loadBalancerName</TokenIdentifier>
			<Abstract type="html"></Abstract>
			<DeclaredIn>AWSElasticLoadBalancingModel.h</DeclaredIn>
			
			<Declaration>@property (nonatomic, strong) NSString *loadBalancerName</Declaration>
			
			
			<Anchor>//api/name/loadBalancerName</Anchor>
            <NodeRef refid="654"/>
		</Token>
		
		<Token>
			<TokenIdentifier>//apple_ref/occ/instm/AWSElasticLoadBalancingApplySecurityGroupsToLoadBalancerInput/setSecurityGroups:</TokenIdentifier>
			<Abstract type="html"></Abstract>
			<DeclaredIn>AWSElasticLoadBalancingModel.h</DeclaredIn>
			
			<Declaration>@property (nonatomic, strong) NSArray *securityGroups</Declaration>
			
			
			<Anchor>//api/name/securityGroups</Anchor>
            <NodeRef refid="654"/>
		</Token>
		
		<Token>
			<TokenIdentifier>//apple_ref/occ/instm/AWSElasticLoadBalancingApplySecurityGroupsToLoadBalancerInput/securityGroups</TokenIdentifier>
			<Abstract type="html"></Abstract>
			<DeclaredIn>AWSElasticLoadBalancingModel.h</DeclaredIn>
			
			<Declaration>@property (nonatomic, strong) NSArray *securityGroups</Declaration>
			
			
			<Anchor>//api/name/securityGroups</Anchor>
            <NodeRef refid="654"/>
		</Token>
		
		<Token>
			<TokenIdentifier>//apple_ref/occ/instp/AWSElasticLoadBalancingApplySecurityGroupsToLoadBalancerInput/securityGroups</TokenIdentifier>
			<Abstract type="html"></Abstract>
			<DeclaredIn>AWSElasticLoadBalancingModel.h</DeclaredIn>
			
			<Declaration>@property (nonatomic, strong) NSArray *securityGroups</Declaration>
			
			
			<Anchor>//api/name/securityGroups</Anchor>
            <NodeRef refid="654"/>
		</Token>
		
        
        
	</File>
</Tokens>