<?xml version="1.0" encoding="UTF-8"?>
<Tokens version="1.0">
	<File path="Classes/AWSSQSGetQueueAttributesResult.html">
		
		<Token>
			<TokenIdentifier>//apple_ref/occ/cl/AWSSQSGetQueueAttributesResult</TokenIdentifier>
			<Abstract type="html">A list of returned queue attributes.</Abstract>
			<DeclaredIn>AWSSQSModel.h</DeclaredIn>
            
			
			<NodeRef refid="1050"/>
		</Token>
		
		
		<Token>
			<TokenIdentifier>//apple_ref/occ/instm/AWSSQSGetQueueAttributesResult/setAttributes:</TokenIdentifier>
			<Abstract type="html">&lt;p&gt;A map of attributes to the respective values.&lt;/p&gt;</Abstract>
			<DeclaredIn>AWSSQSModel.h</DeclaredIn>
			
			<Declaration>@property (nonatomic, strong) NSDictionary *attributes</Declaration>
			
			
			<Anchor>//api/name/attributes</Anchor>
            <NodeRef refid="1050"/>
		</Token>
		
		<Token>
			<TokenIdentifier>//apple_ref/occ/instm/AWSSQSGetQueueAttributesResult/attributes</TokenIdentifier>
			<Abstract type="html">&lt;p&gt;A map of attributes to the respective values.&lt;/p&gt;</Abstract>
			<DeclaredIn>AWSSQSModel.h</DeclaredIn>
			
			<Declaration>@property (nonatomic, strong) NSDictionary *attributes</Declaration>
			
			
			<Anchor>//api/name/attributes</Anchor>
            <NodeRef refid="1050"/>
		</Token>
		
		<Token>
			<TokenIdentifier>//apple_ref/occ/instp/AWSSQSGetQueueAttributesResult/attributes</TokenIdentifier>
			<Abstract type="html">&lt;p&gt;A map of attributes to the respective values.&lt;/p&gt;</Abstract>
			<DeclaredIn>AWSSQSModel.h</DeclaredIn>
			
			<Declaration>@property (nonatomic, strong) NSDictionary *attributes</Declaration>
			
			
			<Anchor>//api/name/attributes</Anchor>
            <NodeRef refid="1050"/>
		</Token>
		
        
        
	</File>
</Tokens>