<?xml version="1.0" encoding="UTF-8"?>
<Tokens version="1.0">
	<File path="Classes/AWSAutoScalingDescribeNotificationConfigurationsType.html">
		
		<Token>
			<TokenIdentifier>//apple_ref/occ/cl/AWSAutoScalingDescribeNotificationConfigurationsType</TokenIdentifier>
			<Abstract type="html"></Abstract>
			<DeclaredIn>AWSAutoScalingModel.h</DeclaredIn>
            
			
			<NodeRef refid="38"/>
		</Token>
		
		
		<Token>
			<TokenIdentifier>//apple_ref/occ/instm/AWSAutoScalingDescribeNotificationConfigurationsType/setAutoScalingGroupNames:</TokenIdentifier>
			<Abstract type="html">&lt;p&gt; The name of the Auto Scaling group. &lt;/p&gt;</Abstract>
			<DeclaredIn>AWSAutoScalingModel.h</DeclaredIn>
			
			<Declaration>@property (nonatomic, strong) NSArray *autoScalingGroupNames</Declaration>
			
			
			<Anchor>//api/name/autoScalingGroupNames</Anchor>
            <NodeRef refid="38"/>
		</Token>
		
		<Token>
			<TokenIdentifier>//apple_ref/occ/instm/AWSAutoScalingDescribeNotificationConfigurationsType/autoScalingGroupNames</TokenIdentifier>
			<Abstract type="html">&lt;p&gt; The name of the Auto Scaling group. &lt;/p&gt;</Abstract>
			<DeclaredIn>AWSAutoScalingModel.h</DeclaredIn>
			
			<Declaration>@property (nonatomic, strong) NSArray *autoScalingGroupNames</Declaration>
			
			
			<Anchor>//api/name/autoScalingGroupNames</Anchor>
            <NodeRef refid="38"/>
		</Token>
		
		<Token>
			<TokenIdentifier>//apple_ref/occ/instp/AWSAutoScalingDescribeNotificationConfigurationsType/autoScalingGroupNames</TokenIdentifier>
			<Abstract type="html">&lt;p&gt; The name of the Auto Scaling group. &lt;/p&gt;</Abstract>
			<DeclaredIn>AWSAutoScalingModel.h</DeclaredIn>
			
			<Declaration>@property (nonatomic, strong) NSArray *autoScalingGroupNames</Declaration>
			
			
			<Anchor>//api/name/autoScalingGroupNames</Anchor>
            <NodeRef refid="38"/>
		</Token>
		
		<Token>
			<TokenIdentifier>//apple_ref/occ/instm/AWSAutoScalingDescribeNotificationConfigurationsType/setMaxRecords:</TokenIdentifier>
			<Abstract type="html">&lt;p&gt;Maximum number of records to be returned. &lt;/p&gt;</Abstract>
			<DeclaredIn>AWSAutoScalingModel.h</DeclaredIn>
			
			<Declaration>@property (nonatomic, strong) NSNumber *maxRecords</Declaration>
			
			
			<Anchor>//api/name/maxRecords</Anchor>
            <NodeRef refid="38"/>
		</Token>
		
		<Token>
			<TokenIdentifier>//apple_ref/occ/instm/AWSAutoScalingDescribeNotificationConfigurationsType/maxRecords</TokenIdentifier>
			<Abstract type="html">&lt;p&gt;Maximum number of records to be returned. &lt;/p&gt;</Abstract>
			<DeclaredIn>AWSAutoScalingModel.h</DeclaredIn>
			
			<Declaration>@property (nonatomic, strong) NSNumber *maxRecords</Declaration>
			
			
			<Anchor>//api/name/maxRecords</Anchor>
            <NodeRef refid="38"/>
		</Token>
		
		<Token>
			<TokenIdentifier>//apple_ref/occ/instp/AWSAutoScalingDescribeNotificationConfigurationsType/maxRecords</TokenIdentifier>
			<Abstract type="html">&lt;p&gt;Maximum number of records to be returned. &lt;/p&gt;</Abstract>
			<DeclaredIn>AWSAutoScalingModel.h</DeclaredIn>
			
			<Declaration>@property (nonatomic, strong) NSNumber *maxRecords</Declaration>
			
			
			<Anchor>//api/name/maxRecords</Anchor>
            <NodeRef refid="38"/>
		</Token>
		
		<Token>
			<TokenIdentifier>//apple_ref/occ/instm/AWSAutoScalingDescribeNotificationConfigurationsType/setNextToken:</TokenIdentifier>
			<Abstract type="html">&lt;p&gt; A string that is used to mark the start of the next batch of returned results for pagination. &lt;/p&gt;</Abstract>
			<DeclaredIn>AWSAutoScalingModel.h</DeclaredIn>
			
			<Declaration>@property (nonatomic, strong) NSString *nextToken</Declaration>
			
			
			<Anchor>//api/name/nextToken</Anchor>
            <NodeRef refid="38"/>
		</Token>
		
		<Token>
			<TokenIdentifier>//apple_ref/occ/instm/AWSAutoScalingDescribeNotificationConfigurationsType/nextToken</TokenIdentifier>
			<Abstract type="html">&lt;p&gt; A string that is used to mark the start of the next batch of returned results for pagination. &lt;/p&gt;</Abstract>
			<DeclaredIn>AWSAutoScalingModel.h</DeclaredIn>
			
			<Declaration>@property (nonatomic, strong) NSString *nextToken</Declaration>
			
			
			<Anchor>//api/name/nextToken</Anchor>
            <NodeRef refid="38"/>
		</Token>
		
		<Token>
			<TokenIdentifier>//apple_ref/occ/instp/AWSAutoScalingDescribeNotificationConfigurationsType/nextToken</TokenIdentifier>
			<Abstract type="html">&lt;p&gt; A string that is used to mark the start of the next batch of returned results for pagination. &lt;/p&gt;</Abstract>
			<DeclaredIn>AWSAutoScalingModel.h</DeclaredIn>
			
			<Declaration>@property (nonatomic, strong) NSString *nextToken</Declaration>
			
			
			<Anchor>//api/name/nextToken</Anchor>
            <NodeRef refid="38"/>
		</Token>
		
        
        
	</File>
</Tokens>