<?xml version="1.0" encoding="UTF-8"?>
<Tokens version="1.0">
	<File path="Classes/AWSEC2IamInstanceProfileSpecification.html">
		
		<Token>
			<TokenIdentifier>//apple_ref/occ/cl/AWSEC2IamInstanceProfileSpecification</TokenIdentifier>
			<Abstract type="html">&lt;p&gt;Describes an IAM instance profile.&lt;/p&gt;</Abstract>
			<DeclaredIn>AWSEC2Model.h</DeclaredIn>
            
			
			<NodeRef refid="487"/>
		</Token>
		
		
		<Token>
			<TokenIdentifier>//apple_ref/occ/instm/AWSEC2IamInstanceProfileSpecification/setArn:</TokenIdentifier>
			<Abstract type="html">&lt;p&gt;The Amazon Resource Name (ARN) of the instance profile.&lt;/p&gt;</Abstract>
			<DeclaredIn>AWSEC2Model.h</DeclaredIn>
			
			<Declaration>@property (nonatomic, strong) NSString *arn</Declaration>
			
			
			<Anchor>//api/name/arn</Anchor>
            <NodeRef refid="487"/>
		</Token>
		
		<Token>
			<TokenIdentifier>//apple_ref/occ/instm/AWSEC2IamInstanceProfileSpecification/arn</TokenIdentifier>
			<Abstract type="html">&lt;p&gt;The Amazon Resource Name (ARN) of the instance profile.&lt;/p&gt;</Abstract>
			<DeclaredIn>AWSEC2Model.h</DeclaredIn>
			
			<Declaration>@property (nonatomic, strong) NSString *arn</Declaration>
			
			
			<Anchor>//api/name/arn</Anchor>
            <NodeRef refid="487"/>
		</Token>
		
		<Token>
			<TokenIdentifier>//apple_ref/occ/instp/AWSEC2IamInstanceProfileSpecification/arn</TokenIdentifier>
			<Abstract type="html">&lt;p&gt;The Amazon Resource Name (ARN) of the instance profile.&lt;/p&gt;</Abstract>
			<DeclaredIn>AWSEC2Model.h</DeclaredIn>
			
			<Declaration>@property (nonatomic, strong) NSString *arn</Declaration>
			
			
			<Anchor>//api/name/arn</Anchor>
            <NodeRef refid="487"/>
		</Token>
		
		<Token>
			<TokenIdentifier>//apple_ref/occ/instm/AWSEC2IamInstanceProfileSpecification/setName:</TokenIdentifier>
			<Abstract type="html">&lt;p&gt;The name of the instance profile.&lt;/p&gt;</Abstract>
			<DeclaredIn>AWSEC2Model.h</DeclaredIn>
			
			<Declaration>@property (nonatomic, strong) NSString *name</Declaration>
			
			
			<Anchor>//api/name/name</Anchor>
            <NodeRef refid="487"/>
		</Token>
		
		<Token>
			<TokenIdentifier>//apple_ref/occ/instm/AWSEC2IamInstanceProfileSpecification/name</TokenIdentifier>
			<Abstract type="html">&lt;p&gt;The name of the instance profile.&lt;/p&gt;</Abstract>
			<DeclaredIn>AWSEC2Model.h</DeclaredIn>
			
			<Declaration>@property (nonatomic, strong) NSString *name</Declaration>
			
			
			<Anchor>//api/name/name</Anchor>
            <NodeRef refid="487"/>
		</Token>
		
		<Token>
			<TokenIdentifier>//apple_ref/occ/instp/AWSEC2IamInstanceProfileSpecification/name</TokenIdentifier>
			<Abstract type="html">&lt;p&gt;The name of the instance profile.&lt;/p&gt;</Abstract>
			<DeclaredIn>AWSEC2Model.h</DeclaredIn>
			
			<Declaration>@property (nonatomic, strong) NSString *name</Declaration>
			
			
			<Anchor>//api/name/name</Anchor>
            <NodeRef refid="487"/>
		</Token>
		
        
        
	</File>
</Tokens>