<?xml version="1.0" encoding="UTF-8"?>
<Tokens version="1.0">
	<File path="Classes/AWSEC2DescribeAccountAttributesResult.html">
		
		<Token>
			<TokenIdentifier>//apple_ref/occ/cl/AWSEC2DescribeAccountAttributesResult</TokenIdentifier>
			<Abstract type="html"></Abstract>
			<DeclaredIn>AWSEC2Model.h</DeclaredIn>
            
			
			<NodeRef refid="370"/>
		</Token>
		
		
		<Token>
			<TokenIdentifier>//apple_ref/occ/instm/AWSEC2DescribeAccountAttributesResult/setAccountAttributes:</TokenIdentifier>
			<Abstract type="html">&lt;p&gt;Information about one or more account attributes.&lt;/p&gt;</Abstract>
			<DeclaredIn>AWSEC2Model.h</DeclaredIn>
			
			<Declaration>@property (nonatomic, strong) NSArray *accountAttributes</Declaration>
			
			
			<Anchor>//api/name/accountAttributes</Anchor>
            <NodeRef refid="370"/>
		</Token>
		
		<Token>
			<TokenIdentifier>//apple_ref/occ/instm/AWSEC2DescribeAccountAttributesResult/accountAttributes</TokenIdentifier>
			<Abstract type="html">&lt;p&gt;Information about one or more account attributes.&lt;/p&gt;</Abstract>
			<DeclaredIn>AWSEC2Model.h</DeclaredIn>
			
			<Declaration>@property (nonatomic, strong) NSArray *accountAttributes</Declaration>
			
			
			<Anchor>//api/name/accountAttributes</Anchor>
            <NodeRef refid="370"/>
		</Token>
		
		<Token>
			<TokenIdentifier>//apple_ref/occ/instp/AWSEC2DescribeAccountAttributesResult/accountAttributes</TokenIdentifier>
			<Abstract type="html">&lt;p&gt;Information about one or more account attributes.&lt;/p&gt;</Abstract>
			<DeclaredIn>AWSEC2Model.h</DeclaredIn>
			
			<Declaration>@property (nonatomic, strong) NSArray *accountAttributes</Declaration>
			
			
			<Anchor>//api/name/accountAttributes</Anchor>
            <NodeRef refid="370"/>
		</Token>
		
        
        
	</File>
</Tokens>