<?xml version="1.0" encoding="UTF-8"?>
<Tokens version="1.0">
	<File path="Classes/AWSEC2VpcPeeringConnection.html">
		
		<Token>
			<TokenIdentifier>//apple_ref/occ/cl/AWSEC2VpcPeeringConnection</TokenIdentifier>
			<Abstract type="html">&lt;p&gt;Describes a VPC peering connection.&lt;/p&gt;</Abstract>
			<DeclaredIn>AWSEC2Model.h</DeclaredIn>
            
			
			<NodeRef refid="639"/>
		</Token>
		
		
		<Token>
			<TokenIdentifier>//apple_ref/occ/instm/AWSEC2VpcPeeringConnection/setAccepterVpcInfo:</TokenIdentifier>
			<Abstract type="html">&lt;p&gt;The information of the peer VPC.&lt;/p&gt;</Abstract>
			<DeclaredIn>AWSEC2Model.h</DeclaredIn>
			
			<Declaration>@property (nonatomic, strong) AWSEC2VpcPeeringConnectionVpcInfo *accepterVpcInfo</Declaration>
			
			
			<Anchor>//api/name/accepterVpcInfo</Anchor>
            <NodeRef refid="639"/>
		</Token>
		
		<Token>
			<TokenIdentifier>//apple_ref/occ/instm/AWSEC2VpcPeeringConnection/accepterVpcInfo</TokenIdentifier>
			<Abstract type="html">&lt;p&gt;The information of the peer VPC.&lt;/p&gt;</Abstract>
			<DeclaredIn>AWSEC2Model.h</DeclaredIn>
			
			<Declaration>@property (nonatomic, strong) AWSEC2VpcPeeringConnectionVpcInfo *accepterVpcInfo</Declaration>
			
			
			<Anchor>//api/name/accepterVpcInfo</Anchor>
            <NodeRef refid="639"/>
		</Token>
		
		<Token>
			<TokenIdentifier>//apple_ref/occ/instp/AWSEC2VpcPeeringConnection/accepterVpcInfo</TokenIdentifier>
			<Abstract type="html">&lt;p&gt;The information of the peer VPC.&lt;/p&gt;</Abstract>
			<DeclaredIn>AWSEC2Model.h</DeclaredIn>
			
			<Declaration>@property (nonatomic, strong) AWSEC2VpcPeeringConnectionVpcInfo *accepterVpcInfo</Declaration>
			
			
			<Anchor>//api/name/accepterVpcInfo</Anchor>
            <NodeRef refid="639"/>
		</Token>
		
		<Token>
			<TokenIdentifier>//apple_ref/occ/instm/AWSEC2VpcPeeringConnection/setExpirationTime:</TokenIdentifier>
			<Abstract type="html">&lt;p&gt;The time that an unaccepted VPC peering connection will expire.&lt;/p&gt;</Abstract>
			<DeclaredIn>AWSEC2Model.h</DeclaredIn>
			
			<Declaration>@property (nonatomic, strong) NSDate *expirationTime</Declaration>
			
			
			<Anchor>//api/name/expirationTime</Anchor>
            <NodeRef refid="639"/>
		</Token>
		
		<Token>
			<TokenIdentifier>//apple_ref/occ/instm/AWSEC2VpcPeeringConnection/expirationTime</TokenIdentifier>
			<Abstract type="html">&lt;p&gt;The time that an unaccepted VPC peering connection will expire.&lt;/p&gt;</Abstract>
			<DeclaredIn>AWSEC2Model.h</DeclaredIn>
			
			<Declaration>@property (nonatomic, strong) NSDate *expirationTime</Declaration>
			
			
			<Anchor>//api/name/expirationTime</Anchor>
            <NodeRef refid="639"/>
		</Token>
		
		<Token>
			<TokenIdentifier>//apple_ref/occ/instp/AWSEC2VpcPeeringConnection/expirationTime</TokenIdentifier>
			<Abstract type="html">&lt;p&gt;The time that an unaccepted VPC peering connection will expire.&lt;/p&gt;</Abstract>
			<DeclaredIn>AWSEC2Model.h</DeclaredIn>
			
			<Declaration>@property (nonatomic, strong) NSDate *expirationTime</Declaration>
			
			
			<Anchor>//api/name/expirationTime</Anchor>
            <NodeRef refid="639"/>
		</Token>
		
		<Token>
			<TokenIdentifier>//apple_ref/occ/instm/AWSEC2VpcPeeringConnection/setRequesterVpcInfo:</TokenIdentifier>
			<Abstract type="html">&lt;p&gt;The information of the requester VPC.&lt;/p&gt;</Abstract>
			<DeclaredIn>AWSEC2Model.h</DeclaredIn>
			
			<Declaration>@property (nonatomic, strong) AWSEC2VpcPeeringConnectionVpcInfo *requesterVpcInfo</Declaration>
			
			
			<Anchor>//api/name/requesterVpcInfo</Anchor>
            <NodeRef refid="639"/>
		</Token>
		
		<Token>
			<TokenIdentifier>//apple_ref/occ/instm/AWSEC2VpcPeeringConnection/requesterVpcInfo</TokenIdentifier>
			<Abstract type="html">&lt;p&gt;The information of the requester VPC.&lt;/p&gt;</Abstract>
			<DeclaredIn>AWSEC2Model.h</DeclaredIn>
			
			<Declaration>@property (nonatomic, strong) AWSEC2VpcPeeringConnectionVpcInfo *requesterVpcInfo</Declaration>
			
			
			<Anchor>//api/name/requesterVpcInfo</Anchor>
            <NodeRef refid="639"/>
		</Token>
		
		<Token>
			<TokenIdentifier>//apple_ref/occ/instp/AWSEC2VpcPeeringConnection/requesterVpcInfo</TokenIdentifier>
			<Abstract type="html">&lt;p&gt;The information of the requester VPC.&lt;/p&gt;</Abstract>
			<DeclaredIn>AWSEC2Model.h</DeclaredIn>
			
			<Declaration>@property (nonatomic, strong) AWSEC2VpcPeeringConnectionVpcInfo *requesterVpcInfo</Declaration>
			
			
			<Anchor>//api/name/requesterVpcInfo</Anchor>
            <NodeRef refid="639"/>
		</Token>
		
		<Token>
			<TokenIdentifier>//apple_ref/occ/instm/AWSEC2VpcPeeringConnection/setStatus:</TokenIdentifier>
			<Abstract type="html">&lt;p&gt;The status of the VPC peering connection.&lt;/p&gt;</Abstract>
			<DeclaredIn>AWSEC2Model.h</DeclaredIn>
			
			<Declaration>@property (nonatomic, strong) AWSEC2VpcPeeringConnectionStateReason *status</Declaration>
			
			
			<Anchor>//api/name/status</Anchor>
            <NodeRef refid="639"/>
		</Token>
		
		<Token>
			<TokenIdentifier>//apple_ref/occ/instm/AWSEC2VpcPeeringConnection/status</TokenIdentifier>
			<Abstract type="html">&lt;p&gt;The status of the VPC peering connection.&lt;/p&gt;</Abstract>
			<DeclaredIn>AWSEC2Model.h</DeclaredIn>
			
			<Declaration>@property (nonatomic, strong) AWSEC2VpcPeeringConnectionStateReason *status</Declaration>
			
			
			<Anchor>//api/name/status</Anchor>
            <NodeRef refid="639"/>
		</Token>
		
		<Token>
			<TokenIdentifier>//apple_ref/occ/instp/AWSEC2VpcPeeringConnection/status</TokenIdentifier>
			<Abstract type="html">&lt;p&gt;The status of the VPC peering connection.&lt;/p&gt;</Abstract>
			<DeclaredIn>AWSEC2Model.h</DeclaredIn>
			
			<Declaration>@property (nonatomic, strong) AWSEC2VpcPeeringConnectionStateReason *status</Declaration>
			
			
			<Anchor>//api/name/status</Anchor>
            <NodeRef refid="639"/>
		</Token>
		
		<Token>
			<TokenIdentifier>//apple_ref/occ/instm/AWSEC2VpcPeeringConnection/setTags:</TokenIdentifier>
			<Abstract type="html">&lt;p&gt;Any tags assigned to the resource.&lt;/p&gt;</Abstract>
			<DeclaredIn>AWSEC2Model.h</DeclaredIn>
			
			<Declaration>@property (nonatomic, strong) NSArray *tags</Declaration>
			
			
			<Anchor>//api/name/tags</Anchor>
            <NodeRef refid="639"/>
		</Token>
		
		<Token>
			<TokenIdentifier>//apple_ref/occ/instm/AWSEC2VpcPeeringConnection/tags</TokenIdentifier>
			<Abstract type="html">&lt;p&gt;Any tags assigned to the resource.&lt;/p&gt;</Abstract>
			<DeclaredIn>AWSEC2Model.h</DeclaredIn>
			
			<Declaration>@property (nonatomic, strong) NSArray *tags</Declaration>
			
			
			<Anchor>//api/name/tags</Anchor>
            <NodeRef refid="639"/>
		</Token>
		
		<Token>
			<TokenIdentifier>//apple_ref/occ/instp/AWSEC2VpcPeeringConnection/tags</TokenIdentifier>
			<Abstract type="html">&lt;p&gt;Any tags assigned to the resource.&lt;/p&gt;</Abstract>
			<DeclaredIn>AWSEC2Model.h</DeclaredIn>
			
			<Declaration>@property (nonatomic, strong) NSArray *tags</Declaration>
			
			
			<Anchor>//api/name/tags</Anchor>
            <NodeRef refid="639"/>
		</Token>
		
		<Token>
			<TokenIdentifier>//apple_ref/occ/instm/AWSEC2VpcPeeringConnection/setVpcPeeringConnectionId:</TokenIdentifier>
			<Abstract type="html">&lt;p&gt;The ID of the VPC peering connection.&lt;/p&gt;</Abstract>
			<DeclaredIn>AWSEC2Model.h</DeclaredIn>
			
			<Declaration>@property (nonatomic, strong) NSString *vpcPeeringConnectionId</Declaration>
			
			
			<Anchor>//api/name/vpcPeeringConnectionId</Anchor>
            <NodeRef refid="639"/>
		</Token>
		
		<Token>
			<TokenIdentifier>//apple_ref/occ/instm/AWSEC2VpcPeeringConnection/vpcPeeringConnectionId</TokenIdentifier>
			<Abstract type="html">&lt;p&gt;The ID of the VPC peering connection.&lt;/p&gt;</Abstract>
			<DeclaredIn>AWSEC2Model.h</DeclaredIn>
			
			<Declaration>@property (nonatomic, strong) NSString *vpcPeeringConnectionId</Declaration>
			
			
			<Anchor>//api/name/vpcPeeringConnectionId</Anchor>
            <NodeRef refid="639"/>
		</Token>
		
		<Token>
			<TokenIdentifier>//apple_ref/occ/instp/AWSEC2VpcPeeringConnection/vpcPeeringConnectionId</TokenIdentifier>
			<Abstract type="html">&lt;p&gt;The ID of the VPC peering connection.&lt;/p&gt;</Abstract>
			<DeclaredIn>AWSEC2Model.h</DeclaredIn>
			
			<Declaration>@property (nonatomic, strong) NSString *vpcPeeringConnectionId</Declaration>
			
			
			<Anchor>//api/name/vpcPeeringConnectionId</Anchor>
            <NodeRef refid="639"/>
		</Token>
		
        
        
	</File>
</Tokens>