<?xml version="1.0" encoding="UTF-8"?>
<Tokens version="1.0">
	<File path="Classes/AWSKinesisDescribeStreamInput.html">
		
		<Token>
			<TokenIdentifier>//apple_ref/occ/cl/AWSKinesisDescribeStreamInput</TokenIdentifier>
			<Abstract type="html">&lt;p&gt;Represents the input for &lt;code&gt;DescribeStream&lt;/code&gt;.&lt;/p&gt;
Required parameters: [StreamName]</Abstract>
			<DeclaredIn>AWSKinesisModel.h</DeclaredIn>
            
			
			<NodeRef refid="733"/>
		</Token>
		
		
		<Token>
			<TokenIdentifier>//apple_ref/occ/instm/AWSKinesisDescribeStreamInput/setExclusiveStartShardId:</TokenIdentifier>
			<Abstract type="html">&lt;p&gt;The shard ID of the shard to start with.&lt;/p&gt;</Abstract>
			<DeclaredIn>AWSKinesisModel.h</DeclaredIn>
			
			<Declaration>@property (nonatomic, strong) NSString *exclusiveStartShardId</Declaration>
			
			
			<Anchor>//api/name/exclusiveStartShardId</Anchor>
            <NodeRef refid="733"/>
		</Token>
		
		<Token>
			<TokenIdentifier>//apple_ref/occ/instm/AWSKinesisDescribeStreamInput/exclusiveStartShardId</TokenIdentifier>
			<Abstract type="html">&lt;p&gt;The shard ID of the shard to start with.&lt;/p&gt;</Abstract>
			<DeclaredIn>AWSKinesisModel.h</DeclaredIn>
			
			<Declaration>@property (nonatomic, strong) NSString *exclusiveStartShardId</Declaration>
			
			
			<Anchor>//api/name/exclusiveStartShardId</Anchor>
            <NodeRef refid="733"/>
		</Token>
		
		<Token>
			<TokenIdentifier>//apple_ref/occ/instp/AWSKinesisDescribeStreamInput/exclusiveStartShardId</TokenIdentifier>
			<Abstract type="html">&lt;p&gt;The shard ID of the shard to start with.&lt;/p&gt;</Abstract>
			<DeclaredIn>AWSKinesisModel.h</DeclaredIn>
			
			<Declaration>@property (nonatomic, strong) NSString *exclusiveStartShardId</Declaration>
			
			
			<Anchor>//api/name/exclusiveStartShardId</Anchor>
            <NodeRef refid="733"/>
		</Token>
		
		<Token>
			<TokenIdentifier>//apple_ref/occ/instm/AWSKinesisDescribeStreamInput/setLimit:</TokenIdentifier>
			<Abstract type="html">&lt;p&gt;The maximum number of shards to return.&lt;/p&gt;</Abstract>
			<DeclaredIn>AWSKinesisModel.h</DeclaredIn>
			
			<Declaration>@property (nonatomic, strong) NSNumber *limit</Declaration>
			
			
			<Anchor>//api/name/limit</Anchor>
            <NodeRef refid="733"/>
		</Token>
		
		<Token>
			<TokenIdentifier>//apple_ref/occ/instm/AWSKinesisDescribeStreamInput/limit</TokenIdentifier>
			<Abstract type="html">&lt;p&gt;The maximum number of shards to return.&lt;/p&gt;</Abstract>
			<DeclaredIn>AWSKinesisModel.h</DeclaredIn>
			
			<Declaration>@property (nonatomic, strong) NSNumber *limit</Declaration>
			
			
			<Anchor>//api/name/limit</Anchor>
            <NodeRef refid="733"/>
		</Token>
		
		<Token>
			<TokenIdentifier>//apple_ref/occ/instp/AWSKinesisDescribeStreamInput/limit</TokenIdentifier>
			<Abstract type="html">&lt;p&gt;The maximum number of shards to return.&lt;/p&gt;</Abstract>
			<DeclaredIn>AWSKinesisModel.h</DeclaredIn>
			
			<Declaration>@property (nonatomic, strong) NSNumber *limit</Declaration>
			
			
			<Anchor>//api/name/limit</Anchor>
            <NodeRef refid="733"/>
		</Token>
		
		<Token>
			<TokenIdentifier>//apple_ref/occ/instm/AWSKinesisDescribeStreamInput/setStreamName:</TokenIdentifier>
			<Abstract type="html">&lt;p&gt;The name of the stream to describe.&lt;/p&gt;</Abstract>
			<DeclaredIn>AWSKinesisModel.h</DeclaredIn>
			
			<Declaration>@property (nonatomic, strong) NSString *streamName</Declaration>
			
			
			<Anchor>//api/name/streamName</Anchor>
            <NodeRef refid="733"/>
		</Token>
		
		<Token>
			<TokenIdentifier>//apple_ref/occ/instm/AWSKinesisDescribeStreamInput/streamName</TokenIdentifier>
			<Abstract type="html">&lt;p&gt;The name of the stream to describe.&lt;/p&gt;</Abstract>
			<DeclaredIn>AWSKinesisModel.h</DeclaredIn>
			
			<Declaration>@property (nonatomic, strong) NSString *streamName</Declaration>
			
			
			<Anchor>//api/name/streamName</Anchor>
            <NodeRef refid="733"/>
		</Token>
		
		<Token>
			<TokenIdentifier>//apple_ref/occ/instp/AWSKinesisDescribeStreamInput/streamName</TokenIdentifier>
			<Abstract type="html">&lt;p&gt;The name of the stream to describe.&lt;/p&gt;</Abstract>
			<DeclaredIn>AWSKinesisModel.h</DeclaredIn>
			
			<Declaration>@property (nonatomic, strong) NSString *streamName</Declaration>
			
			
			<Anchor>//api/name/streamName</Anchor>
            <NodeRef refid="733"/>
		</Token>
		
        
        
	</File>
</Tokens>