<?xml version="1.0" encoding="UTF-8"?>
<Tokens version="1.0">
	<File path="Classes/AWSAutoScalingDeleteAutoScalingGroupType.html">
		
		<Token>
			<TokenIdentifier>//apple_ref/occ/cl/AWSAutoScalingDeleteAutoScalingGroupType</TokenIdentifier>
			<Abstract type="html">&lt;p&gt;&lt;/p&gt;
Required parameters: [AutoScalingGroupName]</Abstract>
			<DeclaredIn>AWSAutoScalingModel.h</DeclaredIn>
            
			
			<NodeRef refid="22"/>
		</Token>
		
		
		<Token>
			<TokenIdentifier>//apple_ref/occ/instm/AWSAutoScalingDeleteAutoScalingGroupType/setAutoScalingGroupName:</TokenIdentifier>
			<Abstract type="html">&lt;p&gt; The name of the Auto Scaling group to delete. &lt;/p&gt;</Abstract>
			<DeclaredIn>AWSAutoScalingModel.h</DeclaredIn>
			
			<Declaration>@property (nonatomic, strong) NSString *autoScalingGroupName</Declaration>
			
			
			<Anchor>//api/name/autoScalingGroupName</Anchor>
            <NodeRef refid="22"/>
		</Token>
		
		<Token>
			<TokenIdentifier>//apple_ref/occ/instm/AWSAutoScalingDeleteAutoScalingGroupType/autoScalingGroupName</TokenIdentifier>
			<Abstract type="html">&lt;p&gt; The name of the Auto Scaling group to delete. &lt;/p&gt;</Abstract>
			<DeclaredIn>AWSAutoScalingModel.h</DeclaredIn>
			
			<Declaration>@property (nonatomic, strong) NSString *autoScalingGroupName</Declaration>
			
			
			<Anchor>//api/name/autoScalingGroupName</Anchor>
            <NodeRef refid="22"/>
		</Token>
		
		<Token>
			<TokenIdentifier>//apple_ref/occ/instp/AWSAutoScalingDeleteAutoScalingGroupType/autoScalingGroupName</TokenIdentifier>
			<Abstract type="html">&lt;p&gt; The name of the Auto Scaling group to delete. &lt;/p&gt;</Abstract>
			<DeclaredIn>AWSAutoScalingModel.h</DeclaredIn>
			
			<Declaration>@property (nonatomic, strong) NSString *autoScalingGroupName</Declaration>
			
			
			<Anchor>//api/name/autoScalingGroupName</Anchor>
            <NodeRef refid="22"/>
		</Token>
		
		<Token>
			<TokenIdentifier>//apple_ref/occ/instm/AWSAutoScalingDeleteAutoScalingGroupType/setForceDelete:</TokenIdentifier>
			<Abstract type="html">&lt;p&gt;Starting with API version 2011-01-01, specifies that the Auto Scaling group will be deleted along with all instances associated with the group, without waiting for all instances to be terminated. This parameter also deletes any lifecycle actions associated with the group. &lt;/p&gt;</Abstract>
			<DeclaredIn>AWSAutoScalingModel.h</DeclaredIn>
			
			<Declaration>@property (nonatomic, strong) NSNumber *forceDelete</Declaration>
			
			
			<Anchor>//api/name/forceDelete</Anchor>
            <NodeRef refid="22"/>
		</Token>
		
		<Token>
			<TokenIdentifier>//apple_ref/occ/instm/AWSAutoScalingDeleteAutoScalingGroupType/forceDelete</TokenIdentifier>
			<Abstract type="html">&lt;p&gt;Starting with API version 2011-01-01, specifies that the Auto Scaling group will be deleted along with all instances associated with the group, without waiting for all instances to be terminated. This parameter also deletes any lifecycle actions associated with the group. &lt;/p&gt;</Abstract>
			<DeclaredIn>AWSAutoScalingModel.h</DeclaredIn>
			
			<Declaration>@property (nonatomic, strong) NSNumber *forceDelete</Declaration>
			
			
			<Anchor>//api/name/forceDelete</Anchor>
            <NodeRef refid="22"/>
		</Token>
		
		<Token>
			<TokenIdentifier>//apple_ref/occ/instp/AWSAutoScalingDeleteAutoScalingGroupType/forceDelete</TokenIdentifier>
			<Abstract type="html">&lt;p&gt;Starting with API version 2011-01-01, specifies that the Auto Scaling group will be deleted along with all instances associated with the group, without waiting for all instances to be terminated. This parameter also deletes any lifecycle actions associated with the group. &lt;/p&gt;</Abstract>
			<DeclaredIn>AWSAutoScalingModel.h</DeclaredIn>
			
			<Declaration>@property (nonatomic, strong) NSNumber *forceDelete</Declaration>
			
			
			<Anchor>//api/name/forceDelete</Anchor>
            <NodeRef refid="22"/>
		</Token>
		
        
        
	</File>
</Tokens>