<?xml version="1.0" encoding="UTF-8"?>
<Tokens version="1.0">
	<File path="Constants/AWSXMLBuilderErrorType.html">
		
		<Token>
			<TokenIdentifier>//apple_ref/c/tdef/AWSXMLBuilderErrorType</TokenIdentifier>
			<Abstract type="html"></Abstract>
			<DeclaredIn>AWSSerialization.h</DeclaredIn>
            
			
			<NodeRef refid="1290"/>
		</Token>
		
		
        
        <Token>
            <TokenIdentifier>//apple_ref/c/econst/AWSXMLBuilderUnknownError</TokenIdentifier>
            <Abstract type="html"></Abstract>
            <Declaration>AWSXMLBuilderUnknownError</Declaration>
            
            <DeclaredIn>AWSSerialization.h</DeclaredIn>
            
            <NodeRef refid="1290"/>
        </Token>
        
        <Token>
            <TokenIdentifier>//apple_ref/c/econst/AWSXMLBuilderDefinitionFileIsEmpty</TokenIdentifier>
            <Abstract type="html"></Abstract>
            <Declaration>AWSXMLBuilderDefinitionFileIsEmpty</Declaration>
            
            <DeclaredIn>AWSSerialization.h</DeclaredIn>
            
            <NodeRef refid="1290"/>
        </Token>
        
        <Token>
            <TokenIdentifier>//apple_ref/c/econst/AWSXMLBuilderUndefinedXMLNamespace</TokenIdentifier>
            <Abstract type="html"></Abstract>
            <Declaration>AWSXMLBuilderUndefinedXMLNamespace</Declaration>
            
            <DeclaredIn>AWSSerialization.h</DeclaredIn>
            
            <NodeRef refid="1290"/>
        </Token>
        
        <Token>
            <TokenIdentifier>//apple_ref/c/econst/AWSXMLBuilderUndefinedActionRule</TokenIdentifier>
            <Abstract type="html"></Abstract>
            <Declaration>AWSXMLBuilderUndefinedActionRule</Declaration>
            
            <DeclaredIn>AWSSerialization.h</DeclaredIn>
            
            <NodeRef refid="1290"/>
        </Token>
        
        <Token>
            <TokenIdentifier>//apple_ref/c/econst/AWSXMLBuilderMissingRequiredXMLElements</TokenIdentifier>
            <Abstract type="html"></Abstract>
            <Declaration>AWSXMLBuilderMissingRequiredXMLElements</Declaration>
            
            <DeclaredIn>AWSSerialization.h</DeclaredIn>
            
            <NodeRef refid="1290"/>
        </Token>
        
        <Token>
            <TokenIdentifier>//apple_ref/c/econst/AWSXMLBuilderInvalidXMLValue</TokenIdentifier>
            <Abstract type="html"></Abstract>
            <Declaration>AWSXMLBuilderInvalidXMLValue</Declaration>
            
            <DeclaredIn>AWSSerialization.h</DeclaredIn>
            
            <NodeRef refid="1290"/>
        </Token>
        
        <Token>
            <TokenIdentifier>//apple_ref/c/econst/AWSXMLBuilderUnCatchedRuleTypeInDifinitionFile</TokenIdentifier>
            <Abstract type="html"></Abstract>
            <Declaration>AWSXMLBuilderUnCatchedRuleTypeInDifinitionFile</Declaration>
            
            <DeclaredIn>AWSSerialization.h</DeclaredIn>
            
            <NodeRef refid="1290"/>
        </Token>
        
        
	</File>
</Tokens>