<?xml version="1.0" encoding="UTF-8"?>
<Tokens version="1.0">
	<File path="Classes/AWSS3ListObjectVersionsOutput.html">
		
		<Token>
			<TokenIdentifier>//apple_ref/occ/cl/AWSS3ListObjectVersionsOutput</TokenIdentifier>
			<Abstract type="html"></Abstract>
			<DeclaredIn>AWSS3Model.h</DeclaredIn>
            
			
			<NodeRef refid="883"/>
		</Token>
		
		
		<Token>
			<TokenIdentifier>//apple_ref/occ/instm/AWSS3ListObjectVersionsOutput/setCommonPrefixes:</TokenIdentifier>
			<Abstract type="html"></Abstract>
			<DeclaredIn>AWSS3Model.h</DeclaredIn>
			
			<Declaration>@property (nonatomic, strong) NSArray *commonPrefixes</Declaration>
			
			
			<Anchor>//api/name/commonPrefixes</Anchor>
            <NodeRef refid="883"/>
		</Token>
		
		<Token>
			<TokenIdentifier>//apple_ref/occ/instm/AWSS3ListObjectVersionsOutput/commonPrefixes</TokenIdentifier>
			<Abstract type="html"></Abstract>
			<DeclaredIn>AWSS3Model.h</DeclaredIn>
			
			<Declaration>@property (nonatomic, strong) NSArray *commonPrefixes</Declaration>
			
			
			<Anchor>//api/name/commonPrefixes</Anchor>
            <NodeRef refid="883"/>
		</Token>
		
		<Token>
			<TokenIdentifier>//apple_ref/occ/instp/AWSS3ListObjectVersionsOutput/commonPrefixes</TokenIdentifier>
			<Abstract type="html"></Abstract>
			<DeclaredIn>AWSS3Model.h</DeclaredIn>
			
			<Declaration>@property (nonatomic, strong) NSArray *commonPrefixes</Declaration>
			
			
			<Anchor>//api/name/commonPrefixes</Anchor>
            <NodeRef refid="883"/>
		</Token>
		
		<Token>
			<TokenIdentifier>//apple_ref/occ/instm/AWSS3ListObjectVersionsOutput/setDeleteMarkers:</TokenIdentifier>
			<Abstract type="html"></Abstract>
			<DeclaredIn>AWSS3Model.h</DeclaredIn>
			
			<Declaration>@property (nonatomic, strong) NSArray *deleteMarkers</Declaration>
			
			
			<Anchor>//api/name/deleteMarkers</Anchor>
            <NodeRef refid="883"/>
		</Token>
		
		<Token>
			<TokenIdentifier>//apple_ref/occ/instm/AWSS3ListObjectVersionsOutput/deleteMarkers</TokenIdentifier>
			<Abstract type="html"></Abstract>
			<DeclaredIn>AWSS3Model.h</DeclaredIn>
			
			<Declaration>@property (nonatomic, strong) NSArray *deleteMarkers</Declaration>
			
			
			<Anchor>//api/name/deleteMarkers</Anchor>
            <NodeRef refid="883"/>
		</Token>
		
		<Token>
			<TokenIdentifier>//apple_ref/occ/instp/AWSS3ListObjectVersionsOutput/deleteMarkers</TokenIdentifier>
			<Abstract type="html"></Abstract>
			<DeclaredIn>AWSS3Model.h</DeclaredIn>
			
			<Declaration>@property (nonatomic, strong) NSArray *deleteMarkers</Declaration>
			
			
			<Anchor>//api/name/deleteMarkers</Anchor>
            <NodeRef refid="883"/>
		</Token>
		
		<Token>
			<TokenIdentifier>//apple_ref/occ/instm/AWSS3ListObjectVersionsOutput/setDelimiter:</TokenIdentifier>
			<Abstract type="html"></Abstract>
			<DeclaredIn>AWSS3Model.h</DeclaredIn>
			
			<Declaration>@property (nonatomic, strong) NSString *delimiter</Declaration>
			
			
			<Anchor>//api/name/delimiter</Anchor>
            <NodeRef refid="883"/>
		</Token>
		
		<Token>
			<TokenIdentifier>//apple_ref/occ/instm/AWSS3ListObjectVersionsOutput/delimiter</TokenIdentifier>
			<Abstract type="html"></Abstract>
			<DeclaredIn>AWSS3Model.h</DeclaredIn>
			
			<Declaration>@property (nonatomic, strong) NSString *delimiter</Declaration>
			
			
			<Anchor>//api/name/delimiter</Anchor>
            <NodeRef refid="883"/>
		</Token>
		
		<Token>
			<TokenIdentifier>//apple_ref/occ/instp/AWSS3ListObjectVersionsOutput/delimiter</TokenIdentifier>
			<Abstract type="html"></Abstract>
			<DeclaredIn>AWSS3Model.h</DeclaredIn>
			
			<Declaration>@property (nonatomic, strong) NSString *delimiter</Declaration>
			
			
			<Anchor>//api/name/delimiter</Anchor>
            <NodeRef refid="883"/>
		</Token>
		
		<Token>
			<TokenIdentifier>//apple_ref/occ/instm/AWSS3ListObjectVersionsOutput/setEncodingType:</TokenIdentifier>
			<Abstract type="html">Encoding type used by Amazon S3 to encode object keys in the response.</Abstract>
			<DeclaredIn>AWSS3Model.h</DeclaredIn>
			
			<Declaration>@property (nonatomic, assign) AWSS3EncodingType encodingType</Declaration>
			
			
			<Anchor>//api/name/encodingType</Anchor>
            <NodeRef refid="883"/>
		</Token>
		
		<Token>
			<TokenIdentifier>//apple_ref/occ/instm/AWSS3ListObjectVersionsOutput/encodingType</TokenIdentifier>
			<Abstract type="html">Encoding type used by Amazon S3 to encode object keys in the response.</Abstract>
			<DeclaredIn>AWSS3Model.h</DeclaredIn>
			
			<Declaration>@property (nonatomic, assign) AWSS3EncodingType encodingType</Declaration>
			
			
			<Anchor>//api/name/encodingType</Anchor>
            <NodeRef refid="883"/>
		</Token>
		
		<Token>
			<TokenIdentifier>//apple_ref/occ/instp/AWSS3ListObjectVersionsOutput/encodingType</TokenIdentifier>
			<Abstract type="html">Encoding type used by Amazon S3 to encode object keys in the response.</Abstract>
			<DeclaredIn>AWSS3Model.h</DeclaredIn>
			
			<Declaration>@property (nonatomic, assign) AWSS3EncodingType encodingType</Declaration>
			
			
			<Anchor>//api/name/encodingType</Anchor>
            <NodeRef refid="883"/>
		</Token>
		
		<Token>
			<TokenIdentifier>//apple_ref/occ/instm/AWSS3ListObjectVersionsOutput/setIsTruncated:</TokenIdentifier>
			<Abstract type="html">A flag that indicates whether or not Amazon S3 returned all of the results that satisfied the search criteria. If your results were truncated, you can make a follow-up paginated request using the NextKeyMarker and NextVersionIdMarker response parameters as a starting place in another request to return the rest of the results.</Abstract>
			<DeclaredIn>AWSS3Model.h</DeclaredIn>
			
			<Declaration>@property (nonatomic, strong) NSNumber *isTruncated</Declaration>
			
			
			<Anchor>//api/name/isTruncated</Anchor>
            <NodeRef refid="883"/>
		</Token>
		
		<Token>
			<TokenIdentifier>//apple_ref/occ/instm/AWSS3ListObjectVersionsOutput/isTruncated</TokenIdentifier>
			<Abstract type="html">A flag that indicates whether or not Amazon S3 returned all of the results that satisfied the search criteria. If your results were truncated, you can make a follow-up paginated request using the NextKeyMarker and NextVersionIdMarker response parameters as a starting place in another request to return the rest of the results.</Abstract>
			<DeclaredIn>AWSS3Model.h</DeclaredIn>
			
			<Declaration>@property (nonatomic, strong) NSNumber *isTruncated</Declaration>
			
			
			<Anchor>//api/name/isTruncated</Anchor>
            <NodeRef refid="883"/>
		</Token>
		
		<Token>
			<TokenIdentifier>//apple_ref/occ/instp/AWSS3ListObjectVersionsOutput/isTruncated</TokenIdentifier>
			<Abstract type="html">A flag that indicates whether or not Amazon S3 returned all of the results that satisfied the search criteria. If your results were truncated, you can make a follow-up paginated request using the NextKeyMarker and NextVersionIdMarker response parameters as a starting place in another request to return the rest of the results.</Abstract>
			<DeclaredIn>AWSS3Model.h</DeclaredIn>
			
			<Declaration>@property (nonatomic, strong) NSNumber *isTruncated</Declaration>
			
			
			<Anchor>//api/name/isTruncated</Anchor>
            <NodeRef refid="883"/>
		</Token>
		
		<Token>
			<TokenIdentifier>//apple_ref/occ/instm/AWSS3ListObjectVersionsOutput/setKeyMarker:</TokenIdentifier>
			<Abstract type="html">Marks the last Key returned in a truncated response.</Abstract>
			<DeclaredIn>AWSS3Model.h</DeclaredIn>
			
			<Declaration>@property (nonatomic, strong) NSString *keyMarker</Declaration>
			
			
			<Anchor>//api/name/keyMarker</Anchor>
            <NodeRef refid="883"/>
		</Token>
		
		<Token>
			<TokenIdentifier>//apple_ref/occ/instm/AWSS3ListObjectVersionsOutput/keyMarker</TokenIdentifier>
			<Abstract type="html">Marks the last Key returned in a truncated response.</Abstract>
			<DeclaredIn>AWSS3Model.h</DeclaredIn>
			
			<Declaration>@property (nonatomic, strong) NSString *keyMarker</Declaration>
			
			
			<Anchor>//api/name/keyMarker</Anchor>
            <NodeRef refid="883"/>
		</Token>
		
		<Token>
			<TokenIdentifier>//apple_ref/occ/instp/AWSS3ListObjectVersionsOutput/keyMarker</TokenIdentifier>
			<Abstract type="html">Marks the last Key returned in a truncated response.</Abstract>
			<DeclaredIn>AWSS3Model.h</DeclaredIn>
			
			<Declaration>@property (nonatomic, strong) NSString *keyMarker</Declaration>
			
			
			<Anchor>//api/name/keyMarker</Anchor>
            <NodeRef refid="883"/>
		</Token>
		
		<Token>
			<TokenIdentifier>//apple_ref/occ/instm/AWSS3ListObjectVersionsOutput/setMaxKeys:</TokenIdentifier>
			<Abstract type="html"></Abstract>
			<DeclaredIn>AWSS3Model.h</DeclaredIn>
			
			<Declaration>@property (nonatomic, strong) NSNumber *maxKeys</Declaration>
			
			
			<Anchor>//api/name/maxKeys</Anchor>
            <NodeRef refid="883"/>
		</Token>
		
		<Token>
			<TokenIdentifier>//apple_ref/occ/instm/AWSS3ListObjectVersionsOutput/maxKeys</TokenIdentifier>
			<Abstract type="html"></Abstract>
			<DeclaredIn>AWSS3Model.h</DeclaredIn>
			
			<Declaration>@property (nonatomic, strong) NSNumber *maxKeys</Declaration>
			
			
			<Anchor>//api/name/maxKeys</Anchor>
            <NodeRef refid="883"/>
		</Token>
		
		<Token>
			<TokenIdentifier>//apple_ref/occ/instp/AWSS3ListObjectVersionsOutput/maxKeys</TokenIdentifier>
			<Abstract type="html"></Abstract>
			<DeclaredIn>AWSS3Model.h</DeclaredIn>
			
			<Declaration>@property (nonatomic, strong) NSNumber *maxKeys</Declaration>
			
			
			<Anchor>//api/name/maxKeys</Anchor>
            <NodeRef refid="883"/>
		</Token>
		
		<Token>
			<TokenIdentifier>//apple_ref/occ/instm/AWSS3ListObjectVersionsOutput/setName:</TokenIdentifier>
			<Abstract type="html"></Abstract>
			<DeclaredIn>AWSS3Model.h</DeclaredIn>
			
			<Declaration>@property (nonatomic, strong) NSString *name</Declaration>
			
			
			<Anchor>//api/name/name</Anchor>
            <NodeRef refid="883"/>
		</Token>
		
		<Token>
			<TokenIdentifier>//apple_ref/occ/instm/AWSS3ListObjectVersionsOutput/name</TokenIdentifier>
			<Abstract type="html"></Abstract>
			<DeclaredIn>AWSS3Model.h</DeclaredIn>
			
			<Declaration>@property (nonatomic, strong) NSString *name</Declaration>
			
			
			<Anchor>//api/name/name</Anchor>
            <NodeRef refid="883"/>
		</Token>
		
		<Token>
			<TokenIdentifier>//apple_ref/occ/instp/AWSS3ListObjectVersionsOutput/name</TokenIdentifier>
			<Abstract type="html"></Abstract>
			<DeclaredIn>AWSS3Model.h</DeclaredIn>
			
			<Declaration>@property (nonatomic, strong) NSString *name</Declaration>
			
			
			<Anchor>//api/name/name</Anchor>
            <NodeRef refid="883"/>
		</Token>
		
		<Token>
			<TokenIdentifier>//apple_ref/occ/instm/AWSS3ListObjectVersionsOutput/setNextKeyMarker:</TokenIdentifier>
			<Abstract type="html">Use this value for the key marker request parameter in a subsequent request.</Abstract>
			<DeclaredIn>AWSS3Model.h</DeclaredIn>
			
			<Declaration>@property (nonatomic, strong) NSString *nextKeyMarker</Declaration>
			
			
			<Anchor>//api/name/nextKeyMarker</Anchor>
            <NodeRef refid="883"/>
		</Token>
		
		<Token>
			<TokenIdentifier>//apple_ref/occ/instm/AWSS3ListObjectVersionsOutput/nextKeyMarker</TokenIdentifier>
			<Abstract type="html">Use this value for the key marker request parameter in a subsequent request.</Abstract>
			<DeclaredIn>AWSS3Model.h</DeclaredIn>
			
			<Declaration>@property (nonatomic, strong) NSString *nextKeyMarker</Declaration>
			
			
			<Anchor>//api/name/nextKeyMarker</Anchor>
            <NodeRef refid="883"/>
		</Token>
		
		<Token>
			<TokenIdentifier>//apple_ref/occ/instp/AWSS3ListObjectVersionsOutput/nextKeyMarker</TokenIdentifier>
			<Abstract type="html">Use this value for the key marker request parameter in a subsequent request.</Abstract>
			<DeclaredIn>AWSS3Model.h</DeclaredIn>
			
			<Declaration>@property (nonatomic, strong) NSString *nextKeyMarker</Declaration>
			
			
			<Anchor>//api/name/nextKeyMarker</Anchor>
            <NodeRef refid="883"/>
		</Token>
		
		<Token>
			<TokenIdentifier>//apple_ref/occ/instm/AWSS3ListObjectVersionsOutput/setNextVersionIdMarker:</TokenIdentifier>
			<Abstract type="html">Use this value for the next version id marker parameter in a subsequent request.</Abstract>
			<DeclaredIn>AWSS3Model.h</DeclaredIn>
			
			<Declaration>@property (nonatomic, strong) NSString *nextVersionIdMarker</Declaration>
			
			
			<Anchor>//api/name/nextVersionIdMarker</Anchor>
            <NodeRef refid="883"/>
		</Token>
		
		<Token>
			<TokenIdentifier>//apple_ref/occ/instm/AWSS3ListObjectVersionsOutput/nextVersionIdMarker</TokenIdentifier>
			<Abstract type="html">Use this value for the next version id marker parameter in a subsequent request.</Abstract>
			<DeclaredIn>AWSS3Model.h</DeclaredIn>
			
			<Declaration>@property (nonatomic, strong) NSString *nextVersionIdMarker</Declaration>
			
			
			<Anchor>//api/name/nextVersionIdMarker</Anchor>
            <NodeRef refid="883"/>
		</Token>
		
		<Token>
			<TokenIdentifier>//apple_ref/occ/instp/AWSS3ListObjectVersionsOutput/nextVersionIdMarker</TokenIdentifier>
			<Abstract type="html">Use this value for the next version id marker parameter in a subsequent request.</Abstract>
			<DeclaredIn>AWSS3Model.h</DeclaredIn>
			
			<Declaration>@property (nonatomic, strong) NSString *nextVersionIdMarker</Declaration>
			
			
			<Anchor>//api/name/nextVersionIdMarker</Anchor>
            <NodeRef refid="883"/>
		</Token>
		
		<Token>
			<TokenIdentifier>//apple_ref/occ/instm/AWSS3ListObjectVersionsOutput/setPrefix:</TokenIdentifier>
			<Abstract type="html"></Abstract>
			<DeclaredIn>AWSS3Model.h</DeclaredIn>
			
			<Declaration>@property (nonatomic, strong) NSString *prefix</Declaration>
			
			
			<Anchor>//api/name/prefix</Anchor>
            <NodeRef refid="883"/>
		</Token>
		
		<Token>
			<TokenIdentifier>//apple_ref/occ/instm/AWSS3ListObjectVersionsOutput/prefix</TokenIdentifier>
			<Abstract type="html"></Abstract>
			<DeclaredIn>AWSS3Model.h</DeclaredIn>
			
			<Declaration>@property (nonatomic, strong) NSString *prefix</Declaration>
			
			
			<Anchor>//api/name/prefix</Anchor>
            <NodeRef refid="883"/>
		</Token>
		
		<Token>
			<TokenIdentifier>//apple_ref/occ/instp/AWSS3ListObjectVersionsOutput/prefix</TokenIdentifier>
			<Abstract type="html"></Abstract>
			<DeclaredIn>AWSS3Model.h</DeclaredIn>
			
			<Declaration>@property (nonatomic, strong) NSString *prefix</Declaration>
			
			
			<Anchor>//api/name/prefix</Anchor>
            <NodeRef refid="883"/>
		</Token>
		
		<Token>
			<TokenIdentifier>//apple_ref/occ/instm/AWSS3ListObjectVersionsOutput/setVersionIdMarker:</TokenIdentifier>
			<Abstract type="html"></Abstract>
			<DeclaredIn>AWSS3Model.h</DeclaredIn>
			
			<Declaration>@property (nonatomic, strong) NSString *versionIdMarker</Declaration>
			
			
			<Anchor>//api/name/versionIdMarker</Anchor>
            <NodeRef refid="883"/>
		</Token>
		
		<Token>
			<TokenIdentifier>//apple_ref/occ/instm/AWSS3ListObjectVersionsOutput/versionIdMarker</TokenIdentifier>
			<Abstract type="html"></Abstract>
			<DeclaredIn>AWSS3Model.h</DeclaredIn>
			
			<Declaration>@property (nonatomic, strong) NSString *versionIdMarker</Declaration>
			
			
			<Anchor>//api/name/versionIdMarker</Anchor>
            <NodeRef refid="883"/>
		</Token>
		
		<Token>
			<TokenIdentifier>//apple_ref/occ/instp/AWSS3ListObjectVersionsOutput/versionIdMarker</TokenIdentifier>
			<Abstract type="html"></Abstract>
			<DeclaredIn>AWSS3Model.h</DeclaredIn>
			
			<Declaration>@property (nonatomic, strong) NSString *versionIdMarker</Declaration>
			
			
			<Anchor>//api/name/versionIdMarker</Anchor>
            <NodeRef refid="883"/>
		</Token>
		
		<Token>
			<TokenIdentifier>//apple_ref/occ/instm/AWSS3ListObjectVersionsOutput/setVersions:</TokenIdentifier>
			<Abstract type="html"></Abstract>
			<DeclaredIn>AWSS3Model.h</DeclaredIn>
			
			<Declaration>@property (nonatomic, strong) NSArray *versions</Declaration>
			
			
			<Anchor>//api/name/versions</Anchor>
            <NodeRef refid="883"/>
		</Token>
		
		<Token>
			<TokenIdentifier>//apple_ref/occ/instm/AWSS3ListObjectVersionsOutput/versions</TokenIdentifier>
			<Abstract type="html"></Abstract>
			<DeclaredIn>AWSS3Model.h</DeclaredIn>
			
			<Declaration>@property (nonatomic, strong) NSArray *versions</Declaration>
			
			
			<Anchor>//api/name/versions</Anchor>
            <NodeRef refid="883"/>
		</Token>
		
		<Token>
			<TokenIdentifier>//apple_ref/occ/instp/AWSS3ListObjectVersionsOutput/versions</TokenIdentifier>
			<Abstract type="html"></Abstract>
			<DeclaredIn>AWSS3Model.h</DeclaredIn>
			
			<Declaration>@property (nonatomic, strong) NSArray *versions</Declaration>
			
			
			<Anchor>//api/name/versions</Anchor>
            <NodeRef refid="883"/>
		</Token>
		
        
        
	</File>
</Tokens>