<?xml version="1.0" encoding="UTF-8"?>
<Tokens version="1.0">
	<File path="Classes/AWSSESDestination.html">
		
		<Token>
			<TokenIdentifier>//apple_ref/occ/cl/AWSSESDestination</TokenIdentifier>
			<Abstract type="html">&lt;p&gt;Represents the destination of the message, consisting of To:, CC:, and BCC: fields.&lt;/p&gt;&lt;p&gt; By default, the string must be 7-bit ASCII. If the text must contain any other characters, then you must use MIME encoded-word syntax (RFC 2047) instead of a literal string. MIME encoded-word syntax uses the following form: &lt;code&gt;=?charset?encoding?encoded-text?=&lt;/code&gt;. For more information, see RFC 2047. &lt;/p&gt;</Abstract>
			<DeclaredIn>AWSSESModel.h</DeclaredIn>
            
			
			<NodeRef refid="952"/>
		</Token>
		
		
		<Token>
			<TokenIdentifier>//apple_ref/occ/instm/AWSSESDestination/setBccAddresses:</TokenIdentifier>
			<Abstract type="html">&lt;p&gt;The BCC: field(s) of the message.&lt;/p&gt;</Abstract>
			<DeclaredIn>AWSSESModel.h</DeclaredIn>
			
			<Declaration>@property (nonatomic, strong) NSArray *bccAddresses</Declaration>
			
			
			<Anchor>//api/name/bccAddresses</Anchor>
            <NodeRef refid="952"/>
		</Token>
		
		<Token>
			<TokenIdentifier>//apple_ref/occ/instm/AWSSESDestination/bccAddresses</TokenIdentifier>
			<Abstract type="html">&lt;p&gt;The BCC: field(s) of the message.&lt;/p&gt;</Abstract>
			<DeclaredIn>AWSSESModel.h</DeclaredIn>
			
			<Declaration>@property (nonatomic, strong) NSArray *bccAddresses</Declaration>
			
			
			<Anchor>//api/name/bccAddresses</Anchor>
            <NodeRef refid="952"/>
		</Token>
		
		<Token>
			<TokenIdentifier>//apple_ref/occ/instp/AWSSESDestination/bccAddresses</TokenIdentifier>
			<Abstract type="html">&lt;p&gt;The BCC: field(s) of the message.&lt;/p&gt;</Abstract>
			<DeclaredIn>AWSSESModel.h</DeclaredIn>
			
			<Declaration>@property (nonatomic, strong) NSArray *bccAddresses</Declaration>
			
			
			<Anchor>//api/name/bccAddresses</Anchor>
            <NodeRef refid="952"/>
		</Token>
		
		<Token>
			<TokenIdentifier>//apple_ref/occ/instm/AWSSESDestination/setCcAddresses:</TokenIdentifier>
			<Abstract type="html">&lt;p&gt;The CC: field(s) of the message.&lt;/p&gt;</Abstract>
			<DeclaredIn>AWSSESModel.h</DeclaredIn>
			
			<Declaration>@property (nonatomic, strong) NSArray *ccAddresses</Declaration>
			
			
			<Anchor>//api/name/ccAddresses</Anchor>
            <NodeRef refid="952"/>
		</Token>
		
		<Token>
			<TokenIdentifier>//apple_ref/occ/instm/AWSSESDestination/ccAddresses</TokenIdentifier>
			<Abstract type="html">&lt;p&gt;The CC: field(s) of the message.&lt;/p&gt;</Abstract>
			<DeclaredIn>AWSSESModel.h</DeclaredIn>
			
			<Declaration>@property (nonatomic, strong) NSArray *ccAddresses</Declaration>
			
			
			<Anchor>//api/name/ccAddresses</Anchor>
            <NodeRef refid="952"/>
		</Token>
		
		<Token>
			<TokenIdentifier>//apple_ref/occ/instp/AWSSESDestination/ccAddresses</TokenIdentifier>
			<Abstract type="html">&lt;p&gt;The CC: field(s) of the message.&lt;/p&gt;</Abstract>
			<DeclaredIn>AWSSESModel.h</DeclaredIn>
			
			<Declaration>@property (nonatomic, strong) NSArray *ccAddresses</Declaration>
			
			
			<Anchor>//api/name/ccAddresses</Anchor>
            <NodeRef refid="952"/>
		</Token>
		
		<Token>
			<TokenIdentifier>//apple_ref/occ/instm/AWSSESDestination/setToAddresses:</TokenIdentifier>
			<Abstract type="html">&lt;p&gt;The To: field(s) of the message.&lt;/p&gt;</Abstract>
			<DeclaredIn>AWSSESModel.h</DeclaredIn>
			
			<Declaration>@property (nonatomic, strong) NSArray *toAddresses</Declaration>
			
			
			<Anchor>//api/name/toAddresses</Anchor>
            <NodeRef refid="952"/>
		</Token>
		
		<Token>
			<TokenIdentifier>//apple_ref/occ/instm/AWSSESDestination/toAddresses</TokenIdentifier>
			<Abstract type="html">&lt;p&gt;The To: field(s) of the message.&lt;/p&gt;</Abstract>
			<DeclaredIn>AWSSESModel.h</DeclaredIn>
			
			<Declaration>@property (nonatomic, strong) NSArray *toAddresses</Declaration>
			
			
			<Anchor>//api/name/toAddresses</Anchor>
            <NodeRef refid="952"/>
		</Token>
		
		<Token>
			<TokenIdentifier>//apple_ref/occ/instp/AWSSESDestination/toAddresses</TokenIdentifier>
			<Abstract type="html">&lt;p&gt;The To: field(s) of the message.&lt;/p&gt;</Abstract>
			<DeclaredIn>AWSSESModel.h</DeclaredIn>
			
			<Declaration>@property (nonatomic, strong) NSArray *toAddresses</Declaration>
			
			
			<Anchor>//api/name/toAddresses</Anchor>
            <NodeRef refid="952"/>
		</Token>
		
        
        
	</File>
</Tokens>