<?xml version="1.0" encoding="UTF-8"?>
<Tokens version="1.0">
	<File path="Classes/AWSSNSCreatePlatformApplicationInput.html">
		
		<Token>
			<TokenIdentifier>//apple_ref/occ/cl/AWSSNSCreatePlatformApplicationInput</TokenIdentifier>
			<Abstract type="html">&lt;p&gt;Input for CreatePlatformApplication action.&lt;/p&gt;
Required parameters: [Name, Platform, Attributes]</Abstract>
			<DeclaredIn>AWSSNSModel.h</DeclaredIn>
            
			
			<NodeRef refid="992"/>
		</Token>
		
		
		<Token>
			<TokenIdentifier>//apple_ref/occ/instm/AWSSNSCreatePlatformApplicationInput/setAttributes:</TokenIdentifier>
			<Abstract type="html">&lt;p&gt;For a list of attributes, see SetPlatformApplicationAttributes&lt;/p&gt;</Abstract>
			<DeclaredIn>AWSSNSModel.h</DeclaredIn>
			
			<Declaration>@property (nonatomic, strong) NSDictionary *attributes</Declaration>
			
			
			<Anchor>//api/name/attributes</Anchor>
            <NodeRef refid="992"/>
		</Token>
		
		<Token>
			<TokenIdentifier>//apple_ref/occ/instm/AWSSNSCreatePlatformApplicationInput/attributes</TokenIdentifier>
			<Abstract type="html">&lt;p&gt;For a list of attributes, see SetPlatformApplicationAttributes&lt;/p&gt;</Abstract>
			<DeclaredIn>AWSSNSModel.h</DeclaredIn>
			
			<Declaration>@property (nonatomic, strong) NSDictionary *attributes</Declaration>
			
			
			<Anchor>//api/name/attributes</Anchor>
            <NodeRef refid="992"/>
		</Token>
		
		<Token>
			<TokenIdentifier>//apple_ref/occ/instp/AWSSNSCreatePlatformApplicationInput/attributes</TokenIdentifier>
			<Abstract type="html">&lt;p&gt;For a list of attributes, see SetPlatformApplicationAttributes&lt;/p&gt;</Abstract>
			<DeclaredIn>AWSSNSModel.h</DeclaredIn>
			
			<Declaration>@property (nonatomic, strong) NSDictionary *attributes</Declaration>
			
			
			<Anchor>//api/name/attributes</Anchor>
            <NodeRef refid="992"/>
		</Token>
		
		<Token>
			<TokenIdentifier>//apple_ref/occ/instm/AWSSNSCreatePlatformApplicationInput/setName:</TokenIdentifier>
			<Abstract type="html">&lt;p&gt;Application names must be made up of only uppercase and lowercase ASCII letters, numbers, underscores, hyphens, and periods, and must be between 1 and 256 characters long.&lt;/p&gt;</Abstract>
			<DeclaredIn>AWSSNSModel.h</DeclaredIn>
			
			<Declaration>@property (nonatomic, strong) NSString *name</Declaration>
			
			
			<Anchor>//api/name/name</Anchor>
            <NodeRef refid="992"/>
		</Token>
		
		<Token>
			<TokenIdentifier>//apple_ref/occ/instm/AWSSNSCreatePlatformApplicationInput/name</TokenIdentifier>
			<Abstract type="html">&lt;p&gt;Application names must be made up of only uppercase and lowercase ASCII letters, numbers, underscores, hyphens, and periods, and must be between 1 and 256 characters long.&lt;/p&gt;</Abstract>
			<DeclaredIn>AWSSNSModel.h</DeclaredIn>
			
			<Declaration>@property (nonatomic, strong) NSString *name</Declaration>
			
			
			<Anchor>//api/name/name</Anchor>
            <NodeRef refid="992"/>
		</Token>
		
		<Token>
			<TokenIdentifier>//apple_ref/occ/instp/AWSSNSCreatePlatformApplicationInput/name</TokenIdentifier>
			<Abstract type="html">&lt;p&gt;Application names must be made up of only uppercase and lowercase ASCII letters, numbers, underscores, hyphens, and periods, and must be between 1 and 256 characters long.&lt;/p&gt;</Abstract>
			<DeclaredIn>AWSSNSModel.h</DeclaredIn>
			
			<Declaration>@property (nonatomic, strong) NSString *name</Declaration>
			
			
			<Anchor>//api/name/name</Anchor>
            <NodeRef refid="992"/>
		</Token>
		
		<Token>
			<TokenIdentifier>//apple_ref/occ/instm/AWSSNSCreatePlatformApplicationInput/setPlatform:</TokenIdentifier>
			<Abstract type="html">&lt;p&gt;The following platforms are supported: ADM (Amazon Device Messaging), APNS (Apple Push Notification Service), APNS_SANDBOX, and GCM (Google Cloud Messaging).&lt;/p&gt;</Abstract>
			<DeclaredIn>AWSSNSModel.h</DeclaredIn>
			
			<Declaration>@property (nonatomic, strong) NSString *platform</Declaration>
			
			
			<Anchor>//api/name/platform</Anchor>
            <NodeRef refid="992"/>
		</Token>
		
		<Token>
			<TokenIdentifier>//apple_ref/occ/instm/AWSSNSCreatePlatformApplicationInput/platform</TokenIdentifier>
			<Abstract type="html">&lt;p&gt;The following platforms are supported: ADM (Amazon Device Messaging), APNS (Apple Push Notification Service), APNS_SANDBOX, and GCM (Google Cloud Messaging).&lt;/p&gt;</Abstract>
			<DeclaredIn>AWSSNSModel.h</DeclaredIn>
			
			<Declaration>@property (nonatomic, strong) NSString *platform</Declaration>
			
			
			<Anchor>//api/name/platform</Anchor>
            <NodeRef refid="992"/>
		</Token>
		
		<Token>
			<TokenIdentifier>//apple_ref/occ/instp/AWSSNSCreatePlatformApplicationInput/platform</TokenIdentifier>
			<Abstract type="html">&lt;p&gt;The following platforms are supported: ADM (Amazon Device Messaging), APNS (Apple Push Notification Service), APNS_SANDBOX, and GCM (Google Cloud Messaging).&lt;/p&gt;</Abstract>
			<DeclaredIn>AWSSNSModel.h</DeclaredIn>
			
			<Declaration>@property (nonatomic, strong) NSString *platform</Declaration>
			
			
			<Anchor>//api/name/platform</Anchor>
            <NodeRef refid="992"/>
		</Token>
		
        
        
	</File>
</Tokens>