<?xml version="1.0" encoding="UTF-8"?>
<Tokens version="1.0">
	<File path="Classes/AWSEC2AttachInternetGatewayRequest.html">
		
		<Token>
			<TokenIdentifier>//apple_ref/occ/cl/AWSEC2AttachInternetGatewayRequest</TokenIdentifier>
			<Abstract type="html"></Abstract>
			<DeclaredIn>AWSEC2Model.h</DeclaredIn>
            
			
			<NodeRef refid="272"/>
		</Token>
		
		
		<Token>
			<TokenIdentifier>//apple_ref/occ/instm/AWSEC2AttachInternetGatewayRequest/setDryRun:</TokenIdentifier>
			<Abstract type="html"></Abstract>
			<DeclaredIn>AWSEC2Model.h</DeclaredIn>
			
			<Declaration>@property (nonatomic, strong) NSNumber *dryRun</Declaration>
			
			
			<Anchor>//api/name/dryRun</Anchor>
            <NodeRef refid="272"/>
		</Token>
		
		<Token>
			<TokenIdentifier>//apple_ref/occ/instm/AWSEC2AttachInternetGatewayRequest/dryRun</TokenIdentifier>
			<Abstract type="html"></Abstract>
			<DeclaredIn>AWSEC2Model.h</DeclaredIn>
			
			<Declaration>@property (nonatomic, strong) NSNumber *dryRun</Declaration>
			
			
			<Anchor>//api/name/dryRun</Anchor>
            <NodeRef refid="272"/>
		</Token>
		
		<Token>
			<TokenIdentifier>//apple_ref/occ/instp/AWSEC2AttachInternetGatewayRequest/dryRun</TokenIdentifier>
			<Abstract type="html"></Abstract>
			<DeclaredIn>AWSEC2Model.h</DeclaredIn>
			
			<Declaration>@property (nonatomic, strong) NSNumber *dryRun</Declaration>
			
			
			<Anchor>//api/name/dryRun</Anchor>
            <NodeRef refid="272"/>
		</Token>
		
		<Token>
			<TokenIdentifier>//apple_ref/occ/instm/AWSEC2AttachInternetGatewayRequest/setInternetGatewayId:</TokenIdentifier>
			<Abstract type="html">&lt;p&gt;The ID of the Internet gateway.&lt;/p&gt;</Abstract>
			<DeclaredIn>AWSEC2Model.h</DeclaredIn>
			
			<Declaration>@property (nonatomic, strong) NSString *internetGatewayId</Declaration>
			
			
			<Anchor>//api/name/internetGatewayId</Anchor>
            <NodeRef refid="272"/>
		</Token>
		
		<Token>
			<TokenIdentifier>//apple_ref/occ/instm/AWSEC2AttachInternetGatewayRequest/internetGatewayId</TokenIdentifier>
			<Abstract type="html">&lt;p&gt;The ID of the Internet gateway.&lt;/p&gt;</Abstract>
			<DeclaredIn>AWSEC2Model.h</DeclaredIn>
			
			<Declaration>@property (nonatomic, strong) NSString *internetGatewayId</Declaration>
			
			
			<Anchor>//api/name/internetGatewayId</Anchor>
            <NodeRef refid="272"/>
		</Token>
		
		<Token>
			<TokenIdentifier>//apple_ref/occ/instp/AWSEC2AttachInternetGatewayRequest/internetGatewayId</TokenIdentifier>
			<Abstract type="html">&lt;p&gt;The ID of the Internet gateway.&lt;/p&gt;</Abstract>
			<DeclaredIn>AWSEC2Model.h</DeclaredIn>
			
			<Declaration>@property (nonatomic, strong) NSString *internetGatewayId</Declaration>
			
			
			<Anchor>//api/name/internetGatewayId</Anchor>
            <NodeRef refid="272"/>
		</Token>
		
		<Token>
			<TokenIdentifier>//apple_ref/occ/instm/AWSEC2AttachInternetGatewayRequest/setVpcId:</TokenIdentifier>
			<Abstract type="html">&lt;p&gt;The ID of the VPC.&lt;/p&gt;</Abstract>
			<DeclaredIn>AWSEC2Model.h</DeclaredIn>
			
			<Declaration>@property (nonatomic, strong) NSString *vpcId</Declaration>
			
			
			<Anchor>//api/name/vpcId</Anchor>
            <NodeRef refid="272"/>
		</Token>
		
		<Token>
			<TokenIdentifier>//apple_ref/occ/instm/AWSEC2AttachInternetGatewayRequest/vpcId</TokenIdentifier>
			<Abstract type="html">&lt;p&gt;The ID of the VPC.&lt;/p&gt;</Abstract>
			<DeclaredIn>AWSEC2Model.h</DeclaredIn>
			
			<Declaration>@property (nonatomic, strong) NSString *vpcId</Declaration>
			
			
			<Anchor>//api/name/vpcId</Anchor>
            <NodeRef refid="272"/>
		</Token>
		
		<Token>
			<TokenIdentifier>//apple_ref/occ/instp/AWSEC2AttachInternetGatewayRequest/vpcId</TokenIdentifier>
			<Abstract type="html">&lt;p&gt;The ID of the VPC.&lt;/p&gt;</Abstract>
			<DeclaredIn>AWSEC2Model.h</DeclaredIn>
			
			<Declaration>@property (nonatomic, strong) NSString *vpcId</Declaration>
			
			
			<Anchor>//api/name/vpcId</Anchor>
            <NodeRef refid="272"/>
		</Token>
		
        
        
	</File>
</Tokens>