<?xml version="1.0" encoding="UTF-8"?>
<Tokens version="1.0">
	<File path="Classes/AWSSESSendRawEmailResponse.html">
		
		<Token>
			<TokenIdentifier>//apple_ref/occ/cl/AWSSESSendRawEmailResponse</TokenIdentifier>
			<Abstract type="html">&lt;p&gt;Represents a unique message ID returned from a successful &lt;code&gt;SendRawEmail&lt;/code&gt; request. &lt;/p&gt;
Required parameters: [MessageId]</Abstract>
			<DeclaredIn>AWSSESModel.h</DeclaredIn>
            
			
			<NodeRef refid="973"/>
		</Token>
		
		
		<Token>
			<TokenIdentifier>//apple_ref/occ/instm/AWSSESSendRawEmailResponse/setMessageId:</TokenIdentifier>
			<Abstract type="html">&lt;p&gt;The unique message identifier returned from the &lt;code&gt;SendRawEmail&lt;/code&gt; action. &lt;/p&gt;</Abstract>
			<DeclaredIn>AWSSESModel.h</DeclaredIn>
			
			<Declaration>@property (nonatomic, strong) NSString *messageId</Declaration>
			
			
			<Anchor>//api/name/messageId</Anchor>
            <NodeRef refid="973"/>
		</Token>
		
		<Token>
			<TokenIdentifier>//apple_ref/occ/instm/AWSSESSendRawEmailResponse/messageId</TokenIdentifier>
			<Abstract type="html">&lt;p&gt;The unique message identifier returned from the &lt;code&gt;SendRawEmail&lt;/code&gt; action. &lt;/p&gt;</Abstract>
			<DeclaredIn>AWSSESModel.h</DeclaredIn>
			
			<Declaration>@property (nonatomic, strong) NSString *messageId</Declaration>
			
			
			<Anchor>//api/name/messageId</Anchor>
            <NodeRef refid="973"/>
		</Token>
		
		<Token>
			<TokenIdentifier>//apple_ref/occ/instp/AWSSESSendRawEmailResponse/messageId</TokenIdentifier>
			<Abstract type="html">&lt;p&gt;The unique message identifier returned from the &lt;code&gt;SendRawEmail&lt;/code&gt; action. &lt;/p&gt;</Abstract>
			<DeclaredIn>AWSSESModel.h</DeclaredIn>
			
			<Declaration>@property (nonatomic, strong) NSString *messageId</Declaration>
			
			
			<Anchor>//api/name/messageId</Anchor>
            <NodeRef refid="973"/>
		</Token>
		
        
        
	</File>
</Tokens>