<?xml version="1.0" encoding="UTF-8"?>
<Tokens version="1.0">
	<File path="Classes/AWSEC2DescribeVpnConnectionsResult.html">
		
		<Token>
			<TokenIdentifier>//apple_ref/occ/cl/AWSEC2DescribeVpnConnectionsResult</TokenIdentifier>
			<Abstract type="html"></Abstract>
			<DeclaredIn>AWSEC2Model.h</DeclaredIn>
            
			
			<NodeRef refid="450"/>
		</Token>
		
		
		<Token>
			<TokenIdentifier>//apple_ref/occ/instm/AWSEC2DescribeVpnConnectionsResult/setVpnConnections:</TokenIdentifier>
			<Abstract type="html">&lt;p&gt;Information about one or more VPN connections.&lt;/p&gt;</Abstract>
			<DeclaredIn>AWSEC2Model.h</DeclaredIn>
			
			<Declaration>@property (nonatomic, strong) NSArray *vpnConnections</Declaration>
			
			
			<Anchor>//api/name/vpnConnections</Anchor>
            <NodeRef refid="450"/>
		</Token>
		
		<Token>
			<TokenIdentifier>//apple_ref/occ/instm/AWSEC2DescribeVpnConnectionsResult/vpnConnections</TokenIdentifier>
			<Abstract type="html">&lt;p&gt;Information about one or more VPN connections.&lt;/p&gt;</Abstract>
			<DeclaredIn>AWSEC2Model.h</DeclaredIn>
			
			<Declaration>@property (nonatomic, strong) NSArray *vpnConnections</Declaration>
			
			
			<Anchor>//api/name/vpnConnections</Anchor>
            <NodeRef refid="450"/>
		</Token>
		
		<Token>
			<TokenIdentifier>//apple_ref/occ/instp/AWSEC2DescribeVpnConnectionsResult/vpnConnections</TokenIdentifier>
			<Abstract type="html">&lt;p&gt;Information about one or more VPN connections.&lt;/p&gt;</Abstract>
			<DeclaredIn>AWSEC2Model.h</DeclaredIn>
			
			<Declaration>@property (nonatomic, strong) NSArray *vpnConnections</Declaration>
			
			
			<Anchor>//api/name/vpnConnections</Anchor>
            <NodeRef refid="450"/>
		</Token>
		
        
        
	</File>
</Tokens>