<?xml version="1.0" encoding="UTF-8"?>
<Tokens version="1.0">
	<File path="Classes/AWSSTSAssumeRoleResponse.html">
		
		<Token>
			<TokenIdentifier>//apple_ref/occ/cl/AWSSTSAssumeRoleResponse</TokenIdentifier>
			<Abstract type="html">&lt;p&gt;Contains the result of a successful call to the &lt;a&gt;AssumeRole&lt;/a&gt; action, including temporary AWS credentials that can be used to make AWS requests. &lt;/p&gt;</Abstract>
			<DeclaredIn>AWSSTSModel.h</DeclaredIn>
            
			
			<NodeRef refid="1071"/>
		</Token>
		
		
		<Token>
			<TokenIdentifier>//apple_ref/occ/instm/AWSSTSAssumeRoleResponse/setAssumedRoleUser:</TokenIdentifier>
			<Abstract type="html">&lt;p&gt;The Amazon Resource Name (ARN) and the assumed role ID, which are identifiers that you can use to refer to the resulting temporary security credentials. For example, you can reference these credentials as a principal in a resource-based policy by using the ARN or assumed role ID. The ARN and ID include the &lt;code&gt;RoleSessionName&lt;/code&gt; that you specified when you called &lt;code&gt;AssumeRole&lt;/code&gt;. &lt;/p&gt;</Abstract>
			<DeclaredIn>AWSSTSModel.h</DeclaredIn>
			
			<Declaration>@property (nonatomic, strong) AWSSTSAssumedRoleUser *assumedRoleUser</Declaration>
			
			
			<Anchor>//api/name/assumedRoleUser</Anchor>
            <NodeRef refid="1071"/>
		</Token>
		
		<Token>
			<TokenIdentifier>//apple_ref/occ/instm/AWSSTSAssumeRoleResponse/assumedRoleUser</TokenIdentifier>
			<Abstract type="html">&lt;p&gt;The Amazon Resource Name (ARN) and the assumed role ID, which are identifiers that you can use to refer to the resulting temporary security credentials. For example, you can reference these credentials as a principal in a resource-based policy by using the ARN or assumed role ID. The ARN and ID include the &lt;code&gt;RoleSessionName&lt;/code&gt; that you specified when you called &lt;code&gt;AssumeRole&lt;/code&gt;. &lt;/p&gt;</Abstract>
			<DeclaredIn>AWSSTSModel.h</DeclaredIn>
			
			<Declaration>@property (nonatomic, strong) AWSSTSAssumedRoleUser *assumedRoleUser</Declaration>
			
			
			<Anchor>//api/name/assumedRoleUser</Anchor>
            <NodeRef refid="1071"/>
		</Token>
		
		<Token>
			<TokenIdentifier>//apple_ref/occ/instp/AWSSTSAssumeRoleResponse/assumedRoleUser</TokenIdentifier>
			<Abstract type="html">&lt;p&gt;The Amazon Resource Name (ARN) and the assumed role ID, which are identifiers that you can use to refer to the resulting temporary security credentials. For example, you can reference these credentials as a principal in a resource-based policy by using the ARN or assumed role ID. The ARN and ID include the &lt;code&gt;RoleSessionName&lt;/code&gt; that you specified when you called &lt;code&gt;AssumeRole&lt;/code&gt;. &lt;/p&gt;</Abstract>
			<DeclaredIn>AWSSTSModel.h</DeclaredIn>
			
			<Declaration>@property (nonatomic, strong) AWSSTSAssumedRoleUser *assumedRoleUser</Declaration>
			
			
			<Anchor>//api/name/assumedRoleUser</Anchor>
            <NodeRef refid="1071"/>
		</Token>
		
		<Token>
			<TokenIdentifier>//apple_ref/occ/instm/AWSSTSAssumeRoleResponse/setCredentials:</TokenIdentifier>
			<Abstract type="html">&lt;p&gt;The temporary security credentials, which include an access key ID, a secret access key, and a security (or session) token.&lt;/p&gt;</Abstract>
			<DeclaredIn>AWSSTSModel.h</DeclaredIn>
			
			<Declaration>@property (nonatomic, strong) AWSSTSCredentials *credentials</Declaration>
			
			
			<Anchor>//api/name/credentials</Anchor>
            <NodeRef refid="1071"/>
		</Token>
		
		<Token>
			<TokenIdentifier>//apple_ref/occ/instm/AWSSTSAssumeRoleResponse/credentials</TokenIdentifier>
			<Abstract type="html">&lt;p&gt;The temporary security credentials, which include an access key ID, a secret access key, and a security (or session) token.&lt;/p&gt;</Abstract>
			<DeclaredIn>AWSSTSModel.h</DeclaredIn>
			
			<Declaration>@property (nonatomic, strong) AWSSTSCredentials *credentials</Declaration>
			
			
			<Anchor>//api/name/credentials</Anchor>
            <NodeRef refid="1071"/>
		</Token>
		
		<Token>
			<TokenIdentifier>//apple_ref/occ/instp/AWSSTSAssumeRoleResponse/credentials</TokenIdentifier>
			<Abstract type="html">&lt;p&gt;The temporary security credentials, which include an access key ID, a secret access key, and a security (or session) token.&lt;/p&gt;</Abstract>
			<DeclaredIn>AWSSTSModel.h</DeclaredIn>
			
			<Declaration>@property (nonatomic, strong) AWSSTSCredentials *credentials</Declaration>
			
			
			<Anchor>//api/name/credentials</Anchor>
            <NodeRef refid="1071"/>
		</Token>
		
		<Token>
			<TokenIdentifier>//apple_ref/occ/instm/AWSSTSAssumeRoleResponse/setPackedPolicySize:</TokenIdentifier>
			<Abstract type="html">&lt;p&gt;A percentage value that indicates the size of the policy in packed form. The service rejects any policy with a packed size greater than 100 percent, which means the policy exceeded the allowed space. &lt;/p&gt;</Abstract>
			<DeclaredIn>AWSSTSModel.h</DeclaredIn>
			
			<Declaration>@property (nonatomic, strong) NSNumber *packedPolicySize</Declaration>
			
			
			<Anchor>//api/name/packedPolicySize</Anchor>
            <NodeRef refid="1071"/>
		</Token>
		
		<Token>
			<TokenIdentifier>//apple_ref/occ/instm/AWSSTSAssumeRoleResponse/packedPolicySize</TokenIdentifier>
			<Abstract type="html">&lt;p&gt;A percentage value that indicates the size of the policy in packed form. The service rejects any policy with a packed size greater than 100 percent, which means the policy exceeded the allowed space. &lt;/p&gt;</Abstract>
			<DeclaredIn>AWSSTSModel.h</DeclaredIn>
			
			<Declaration>@property (nonatomic, strong) NSNumber *packedPolicySize</Declaration>
			
			
			<Anchor>//api/name/packedPolicySize</Anchor>
            <NodeRef refid="1071"/>
		</Token>
		
		<Token>
			<TokenIdentifier>//apple_ref/occ/instp/AWSSTSAssumeRoleResponse/packedPolicySize</TokenIdentifier>
			<Abstract type="html">&lt;p&gt;A percentage value that indicates the size of the policy in packed form. The service rejects any policy with a packed size greater than 100 percent, which means the policy exceeded the allowed space. &lt;/p&gt;</Abstract>
			<DeclaredIn>AWSSTSModel.h</DeclaredIn>
			
			<Declaration>@property (nonatomic, strong) NSNumber *packedPolicySize</Declaration>
			
			
			<Anchor>//api/name/packedPolicySize</Anchor>
            <NodeRef refid="1071"/>
		</Token>
		
        
        
	</File>
</Tokens>