<?xml version="1.0" encoding="UTF-8"?>
<Tokens version="1.0">
	<File path="Classes/AWSS3CommonPrefix.html">
		
		<Token>
			<TokenIdentifier>//apple_ref/occ/cl/AWSS3CommonPrefix</TokenIdentifier>
			<Abstract type="html"></Abstract>
			<DeclaredIn>AWSS3Model.h</DeclaredIn>
            
			
			<NodeRef refid="817"/>
		</Token>
		
		
		<Token>
			<TokenIdentifier>//apple_ref/occ/instm/AWSS3CommonPrefix/setPrefix:</TokenIdentifier>
			<Abstract type="html"></Abstract>
			<DeclaredIn>AWSS3Model.h</DeclaredIn>
			
			<Declaration>@property (nonatomic, strong) NSString *prefix</Declaration>
			
			
			<Anchor>//api/name/prefix</Anchor>
            <NodeRef refid="817"/>
		</Token>
		
		<Token>
			<TokenIdentifier>//apple_ref/occ/instm/AWSS3CommonPrefix/prefix</TokenIdentifier>
			<Abstract type="html"></Abstract>
			<DeclaredIn>AWSS3Model.h</DeclaredIn>
			
			<Declaration>@property (nonatomic, strong) NSString *prefix</Declaration>
			
			
			<Anchor>//api/name/prefix</Anchor>
            <NodeRef refid="817"/>
		</Token>
		
		<Token>
			<TokenIdentifier>//apple_ref/occ/instp/AWSS3CommonPrefix/prefix</TokenIdentifier>
			<Abstract type="html"></Abstract>
			<DeclaredIn>AWSS3Model.h</DeclaredIn>
			
			<Declaration>@property (nonatomic, strong) NSString *prefix</Declaration>
			
			
			<Anchor>//api/name/prefix</Anchor>
            <NodeRef refid="817"/>
		</Token>
		
        
        
	</File>
</Tokens>