<?xml version="1.0" encoding="UTF-8"?>
<Tokens version="1.0">
	<File path="Classes/AWSEC2CreateNetworkInterfaceRequest.html">
		
		<Token>
			<TokenIdentifier>//apple_ref/occ/cl/AWSEC2CreateNetworkInterfaceRequest</TokenIdentifier>
			<Abstract type="html"></Abstract>
			<DeclaredIn>AWSEC2Model.h</DeclaredIn>
            
			
			<NodeRef refid="317"/>
		</Token>
		
		
		<Token>
			<TokenIdentifier>//apple_ref/occ/instm/AWSEC2CreateNetworkInterfaceRequest/setDetail:</TokenIdentifier>
			<Abstract type="html">&lt;p&gt;A description for the network interface.&lt;/p&gt;</Abstract>
			<DeclaredIn>AWSEC2Model.h</DeclaredIn>
			
			<Declaration>@property (nonatomic, strong) NSString *detail</Declaration>
			
			
			<Anchor>//api/name/detail</Anchor>
            <NodeRef refid="317"/>
		</Token>
		
		<Token>
			<TokenIdentifier>//apple_ref/occ/instm/AWSEC2CreateNetworkInterfaceRequest/detail</TokenIdentifier>
			<Abstract type="html">&lt;p&gt;A description for the network interface.&lt;/p&gt;</Abstract>
			<DeclaredIn>AWSEC2Model.h</DeclaredIn>
			
			<Declaration>@property (nonatomic, strong) NSString *detail</Declaration>
			
			
			<Anchor>//api/name/detail</Anchor>
            <NodeRef refid="317"/>
		</Token>
		
		<Token>
			<TokenIdentifier>//apple_ref/occ/instp/AWSEC2CreateNetworkInterfaceRequest/detail</TokenIdentifier>
			<Abstract type="html">&lt;p&gt;A description for the network interface.&lt;/p&gt;</Abstract>
			<DeclaredIn>AWSEC2Model.h</DeclaredIn>
			
			<Declaration>@property (nonatomic, strong) NSString *detail</Declaration>
			
			
			<Anchor>//api/name/detail</Anchor>
            <NodeRef refid="317"/>
		</Token>
		
		<Token>
			<TokenIdentifier>//apple_ref/occ/instm/AWSEC2CreateNetworkInterfaceRequest/setDryRun:</TokenIdentifier>
			<Abstract type="html"></Abstract>
			<DeclaredIn>AWSEC2Model.h</DeclaredIn>
			
			<Declaration>@property (nonatomic, strong) NSNumber *dryRun</Declaration>
			
			
			<Anchor>//api/name/dryRun</Anchor>
            <NodeRef refid="317"/>
		</Token>
		
		<Token>
			<TokenIdentifier>//apple_ref/occ/instm/AWSEC2CreateNetworkInterfaceRequest/dryRun</TokenIdentifier>
			<Abstract type="html"></Abstract>
			<DeclaredIn>AWSEC2Model.h</DeclaredIn>
			
			<Declaration>@property (nonatomic, strong) NSNumber *dryRun</Declaration>
			
			
			<Anchor>//api/name/dryRun</Anchor>
            <NodeRef refid="317"/>
		</Token>
		
		<Token>
			<TokenIdentifier>//apple_ref/occ/instp/AWSEC2CreateNetworkInterfaceRequest/dryRun</TokenIdentifier>
			<Abstract type="html"></Abstract>
			<DeclaredIn>AWSEC2Model.h</DeclaredIn>
			
			<Declaration>@property (nonatomic, strong) NSNumber *dryRun</Declaration>
			
			
			<Anchor>//api/name/dryRun</Anchor>
            <NodeRef refid="317"/>
		</Token>
		
		<Token>
			<TokenIdentifier>//apple_ref/occ/instm/AWSEC2CreateNetworkInterfaceRequest/setGroups:</TokenIdentifier>
			<Abstract type="html">&lt;p&gt;The IDs of one or more security groups.&lt;/p&gt;</Abstract>
			<DeclaredIn>AWSEC2Model.h</DeclaredIn>
			
			<Declaration>@property (nonatomic, strong) NSArray *groups</Declaration>
			
			
			<Anchor>//api/name/groups</Anchor>
            <NodeRef refid="317"/>
		</Token>
		
		<Token>
			<TokenIdentifier>//apple_ref/occ/instm/AWSEC2CreateNetworkInterfaceRequest/groups</TokenIdentifier>
			<Abstract type="html">&lt;p&gt;The IDs of one or more security groups.&lt;/p&gt;</Abstract>
			<DeclaredIn>AWSEC2Model.h</DeclaredIn>
			
			<Declaration>@property (nonatomic, strong) NSArray *groups</Declaration>
			
			
			<Anchor>//api/name/groups</Anchor>
            <NodeRef refid="317"/>
		</Token>
		
		<Token>
			<TokenIdentifier>//apple_ref/occ/instp/AWSEC2CreateNetworkInterfaceRequest/groups</TokenIdentifier>
			<Abstract type="html">&lt;p&gt;The IDs of one or more security groups.&lt;/p&gt;</Abstract>
			<DeclaredIn>AWSEC2Model.h</DeclaredIn>
			
			<Declaration>@property (nonatomic, strong) NSArray *groups</Declaration>
			
			
			<Anchor>//api/name/groups</Anchor>
            <NodeRef refid="317"/>
		</Token>
		
		<Token>
			<TokenIdentifier>//apple_ref/occ/instm/AWSEC2CreateNetworkInterfaceRequest/setPrivateIpAddress:</TokenIdentifier>
			<Abstract type="html">&lt;p&gt;The primary private IP address of the network interface. If you don&apos;t specify an IP address, Amazon EC2 selects one for you from the subnet range. If you specify an IP address, you cannot indicate any IP addresses specified in &lt;code&gt;privateIpAddresses&lt;/code&gt; as primary (only one IP address can be designated as primary).&lt;/p&gt;</Abstract>
			<DeclaredIn>AWSEC2Model.h</DeclaredIn>
			
			<Declaration>@property (nonatomic, strong) NSString *privateIpAddress</Declaration>
			
			
			<Anchor>//api/name/privateIpAddress</Anchor>
            <NodeRef refid="317"/>
		</Token>
		
		<Token>
			<TokenIdentifier>//apple_ref/occ/instm/AWSEC2CreateNetworkInterfaceRequest/privateIpAddress</TokenIdentifier>
			<Abstract type="html">&lt;p&gt;The primary private IP address of the network interface. If you don&apos;t specify an IP address, Amazon EC2 selects one for you from the subnet range. If you specify an IP address, you cannot indicate any IP addresses specified in &lt;code&gt;privateIpAddresses&lt;/code&gt; as primary (only one IP address can be designated as primary).&lt;/p&gt;</Abstract>
			<DeclaredIn>AWSEC2Model.h</DeclaredIn>
			
			<Declaration>@property (nonatomic, strong) NSString *privateIpAddress</Declaration>
			
			
			<Anchor>//api/name/privateIpAddress</Anchor>
            <NodeRef refid="317"/>
		</Token>
		
		<Token>
			<TokenIdentifier>//apple_ref/occ/instp/AWSEC2CreateNetworkInterfaceRequest/privateIpAddress</TokenIdentifier>
			<Abstract type="html">&lt;p&gt;The primary private IP address of the network interface. If you don&apos;t specify an IP address, Amazon EC2 selects one for you from the subnet range. If you specify an IP address, you cannot indicate any IP addresses specified in &lt;code&gt;privateIpAddresses&lt;/code&gt; as primary (only one IP address can be designated as primary).&lt;/p&gt;</Abstract>
			<DeclaredIn>AWSEC2Model.h</DeclaredIn>
			
			<Declaration>@property (nonatomic, strong) NSString *privateIpAddress</Declaration>
			
			
			<Anchor>//api/name/privateIpAddress</Anchor>
            <NodeRef refid="317"/>
		</Token>
		
		<Token>
			<TokenIdentifier>//apple_ref/occ/instm/AWSEC2CreateNetworkInterfaceRequest/setPrivateIpAddresses:</TokenIdentifier>
			<Abstract type="html">&lt;p&gt;One or more private IP addresses.&lt;/p&gt;</Abstract>
			<DeclaredIn>AWSEC2Model.h</DeclaredIn>
			
			<Declaration>@property (nonatomic, strong) NSArray *privateIpAddresses</Declaration>
			
			
			<Anchor>//api/name/privateIpAddresses</Anchor>
            <NodeRef refid="317"/>
		</Token>
		
		<Token>
			<TokenIdentifier>//apple_ref/occ/instm/AWSEC2CreateNetworkInterfaceRequest/privateIpAddresses</TokenIdentifier>
			<Abstract type="html">&lt;p&gt;One or more private IP addresses.&lt;/p&gt;</Abstract>
			<DeclaredIn>AWSEC2Model.h</DeclaredIn>
			
			<Declaration>@property (nonatomic, strong) NSArray *privateIpAddresses</Declaration>
			
			
			<Anchor>//api/name/privateIpAddresses</Anchor>
            <NodeRef refid="317"/>
		</Token>
		
		<Token>
			<TokenIdentifier>//apple_ref/occ/instp/AWSEC2CreateNetworkInterfaceRequest/privateIpAddresses</TokenIdentifier>
			<Abstract type="html">&lt;p&gt;One or more private IP addresses.&lt;/p&gt;</Abstract>
			<DeclaredIn>AWSEC2Model.h</DeclaredIn>
			
			<Declaration>@property (nonatomic, strong) NSArray *privateIpAddresses</Declaration>
			
			
			<Anchor>//api/name/privateIpAddresses</Anchor>
            <NodeRef refid="317"/>
		</Token>
		
		<Token>
			<TokenIdentifier>//apple_ref/occ/instm/AWSEC2CreateNetworkInterfaceRequest/setSecondaryPrivateIpAddressCount:</TokenIdentifier>
			<Abstract type="html">&lt;p&gt;The number of secondary private IP addresses to assign to a network interface. When you specify a number of secondary IP addresses, Amazon EC2 selects these IP addresses within the subnet range. You can&apos;t specify this option and specify more than one private IP address using &lt;code&gt;privateIpAddresses&lt;/code&gt;.&lt;/p&gt;&lt;p&gt;The number of IP addresses you can assign to a network interface varies by instance type. For more information, see Private IP Addresses Per ENI Per Instance Type in the &lt;i&gt;Amazon Elastic Compute Cloud User Guide for Linux&lt;/i&gt;.&lt;/p&gt;</Abstract>
			<DeclaredIn>AWSEC2Model.h</DeclaredIn>
			
			<Declaration>@property (nonatomic, strong) NSNumber *secondaryPrivateIpAddressCount</Declaration>
			
			
			<Anchor>//api/name/secondaryPrivateIpAddressCount</Anchor>
            <NodeRef refid="317"/>
		</Token>
		
		<Token>
			<TokenIdentifier>//apple_ref/occ/instm/AWSEC2CreateNetworkInterfaceRequest/secondaryPrivateIpAddressCount</TokenIdentifier>
			<Abstract type="html">&lt;p&gt;The number of secondary private IP addresses to assign to a network interface. When you specify a number of secondary IP addresses, Amazon EC2 selects these IP addresses within the subnet range. You can&apos;t specify this option and specify more than one private IP address using &lt;code&gt;privateIpAddresses&lt;/code&gt;.&lt;/p&gt;&lt;p&gt;The number of IP addresses you can assign to a network interface varies by instance type. For more information, see Private IP Addresses Per ENI Per Instance Type in the &lt;i&gt;Amazon Elastic Compute Cloud User Guide for Linux&lt;/i&gt;.&lt;/p&gt;</Abstract>
			<DeclaredIn>AWSEC2Model.h</DeclaredIn>
			
			<Declaration>@property (nonatomic, strong) NSNumber *secondaryPrivateIpAddressCount</Declaration>
			
			
			<Anchor>//api/name/secondaryPrivateIpAddressCount</Anchor>
            <NodeRef refid="317"/>
		</Token>
		
		<Token>
			<TokenIdentifier>//apple_ref/occ/instp/AWSEC2CreateNetworkInterfaceRequest/secondaryPrivateIpAddressCount</TokenIdentifier>
			<Abstract type="html">&lt;p&gt;The number of secondary private IP addresses to assign to a network interface. When you specify a number of secondary IP addresses, Amazon EC2 selects these IP addresses within the subnet range. You can&apos;t specify this option and specify more than one private IP address using &lt;code&gt;privateIpAddresses&lt;/code&gt;.&lt;/p&gt;&lt;p&gt;The number of IP addresses you can assign to a network interface varies by instance type. For more information, see Private IP Addresses Per ENI Per Instance Type in the &lt;i&gt;Amazon Elastic Compute Cloud User Guide for Linux&lt;/i&gt;.&lt;/p&gt;</Abstract>
			<DeclaredIn>AWSEC2Model.h</DeclaredIn>
			
			<Declaration>@property (nonatomic, strong) NSNumber *secondaryPrivateIpAddressCount</Declaration>
			
			
			<Anchor>//api/name/secondaryPrivateIpAddressCount</Anchor>
            <NodeRef refid="317"/>
		</Token>
		
		<Token>
			<TokenIdentifier>//apple_ref/occ/instm/AWSEC2CreateNetworkInterfaceRequest/setSubnetId:</TokenIdentifier>
			<Abstract type="html">&lt;p&gt;The ID of the subnet to associate with the network interface.&lt;/p&gt;</Abstract>
			<DeclaredIn>AWSEC2Model.h</DeclaredIn>
			
			<Declaration>@property (nonatomic, strong) NSString *subnetId</Declaration>
			
			
			<Anchor>//api/name/subnetId</Anchor>
            <NodeRef refid="317"/>
		</Token>
		
		<Token>
			<TokenIdentifier>//apple_ref/occ/instm/AWSEC2CreateNetworkInterfaceRequest/subnetId</TokenIdentifier>
			<Abstract type="html">&lt;p&gt;The ID of the subnet to associate with the network interface.&lt;/p&gt;</Abstract>
			<DeclaredIn>AWSEC2Model.h</DeclaredIn>
			
			<Declaration>@property (nonatomic, strong) NSString *subnetId</Declaration>
			
			
			<Anchor>//api/name/subnetId</Anchor>
            <NodeRef refid="317"/>
		</Token>
		
		<Token>
			<TokenIdentifier>//apple_ref/occ/instp/AWSEC2CreateNetworkInterfaceRequest/subnetId</TokenIdentifier>
			<Abstract type="html">&lt;p&gt;The ID of the subnet to associate with the network interface.&lt;/p&gt;</Abstract>
			<DeclaredIn>AWSEC2Model.h</DeclaredIn>
			
			<Declaration>@property (nonatomic, strong) NSString *subnetId</Declaration>
			
			
			<Anchor>//api/name/subnetId</Anchor>
            <NodeRef refid="317"/>
		</Token>
		
        
        
	</File>
</Tokens>