<?xml version="1.0" encoding="UTF-8"?>
<Tokens version="1.0">
	<File path="Classes/AWSDynamoDBDeleteItemInput.html">
		
		<Token>
			<TokenIdentifier>//apple_ref/occ/cl/AWSDynamoDBDeleteItemInput</TokenIdentifier>
			<Abstract type="html">&lt;p&gt;Represents the input of a &lt;i&gt;DeleteItem&lt;/i&gt; operation.&lt;/p&gt;
Required parameters: [TableName, Key]</Abstract>
			<DeclaredIn>AWSDynamoDBModel.h</DeclaredIn>
            
			
			<NodeRef refid="211"/>
		</Token>
		
		
		<Token>
			<TokenIdentifier>//apple_ref/occ/instm/AWSDynamoDBDeleteItemInput/setConditionExpression:</TokenIdentifier>
			<Abstract type="html">&lt;p&gt;A condition that must be satisfied in order for a conditional &lt;i&gt;DeleteItem&lt;/i&gt; to succeed.&lt;/p&gt;&lt;p&gt;An expression can contain any of the following:&lt;/p&gt;&lt;ul&gt;&lt;li&gt;&lt;p&gt;Boolean functions: &lt;code&gt;attributeexists | attributenotexists | contains | beginswith&lt;/code&gt;&lt;/p&gt;&lt;p&gt;These function names are case-sensitive.&lt;/p&gt;&lt;/li&gt;&lt;li&gt;&lt;p&gt;Comparison operators: &lt;code&gt; = | &amp;amp;#x3C;&amp;amp;#x3E; | &amp;amp;#x3C; | &amp;amp;#x3E; | &amp;amp;#x3C;= | &amp;amp;#x3E;= | BETWEEN | IN&lt;/code&gt;&lt;/p&gt;&lt;/li&gt;&lt;li&gt;&lt;p&gt; Logical operators: &lt;code&gt;AND | OR | NOT&lt;/code&gt;&lt;/p&gt;&lt;/li&gt;&lt;/ul&gt;&lt;p&gt;For more information on condition expressions, see Specifying Conditions in the &lt;i&gt;Amazon DynamoDB Developer Guide&lt;/i&gt;.&lt;/p&gt;&lt;note&gt;&lt;p&gt;&lt;i&gt;ConditionExpression&lt;/i&gt; replaces the legacy &lt;i&gt;ConditionalOperator&lt;/i&gt; and &lt;i&gt;Expected&lt;/i&gt; parameters.&lt;/p&gt;&lt;/note&gt;</Abstract>
			<DeclaredIn>AWSDynamoDBModel.h</DeclaredIn>
			
			<Declaration>@property (nonatomic, strong) NSString *conditionExpression</Declaration>
			
			
			<Anchor>//api/name/conditionExpression</Anchor>
            <NodeRef refid="211"/>
		</Token>
		
		<Token>
			<TokenIdentifier>//apple_ref/occ/instm/AWSDynamoDBDeleteItemInput/conditionExpression</TokenIdentifier>
			<Abstract type="html">&lt;p&gt;A condition that must be satisfied in order for a conditional &lt;i&gt;DeleteItem&lt;/i&gt; to succeed.&lt;/p&gt;&lt;p&gt;An expression can contain any of the following:&lt;/p&gt;&lt;ul&gt;&lt;li&gt;&lt;p&gt;Boolean functions: &lt;code&gt;attributeexists | attributenotexists | contains | beginswith&lt;/code&gt;&lt;/p&gt;&lt;p&gt;These function names are case-sensitive.&lt;/p&gt;&lt;/li&gt;&lt;li&gt;&lt;p&gt;Comparison operators: &lt;code&gt; = | &amp;amp;#x3C;&amp;amp;#x3E; | &amp;amp;#x3C; | &amp;amp;#x3E; | &amp;amp;#x3C;= | &amp;amp;#x3E;= | BETWEEN | IN&lt;/code&gt;&lt;/p&gt;&lt;/li&gt;&lt;li&gt;&lt;p&gt; Logical operators: &lt;code&gt;AND | OR | NOT&lt;/code&gt;&lt;/p&gt;&lt;/li&gt;&lt;/ul&gt;&lt;p&gt;For more information on condition expressions, see Specifying Conditions in the &lt;i&gt;Amazon DynamoDB Developer Guide&lt;/i&gt;.&lt;/p&gt;&lt;note&gt;&lt;p&gt;&lt;i&gt;ConditionExpression&lt;/i&gt; replaces the legacy &lt;i&gt;ConditionalOperator&lt;/i&gt; and &lt;i&gt;Expected&lt;/i&gt; parameters.&lt;/p&gt;&lt;/note&gt;</Abstract>
			<DeclaredIn>AWSDynamoDBModel.h</DeclaredIn>
			
			<Declaration>@property (nonatomic, strong) NSString *conditionExpression</Declaration>
			
			
			<Anchor>//api/name/conditionExpression</Anchor>
            <NodeRef refid="211"/>
		</Token>
		
		<Token>
			<TokenIdentifier>//apple_ref/occ/instp/AWSDynamoDBDeleteItemInput/conditionExpression</TokenIdentifier>
			<Abstract type="html">&lt;p&gt;A condition that must be satisfied in order for a conditional &lt;i&gt;DeleteItem&lt;/i&gt; to succeed.&lt;/p&gt;&lt;p&gt;An expression can contain any of the following:&lt;/p&gt;&lt;ul&gt;&lt;li&gt;&lt;p&gt;Boolean functions: &lt;code&gt;attributeexists | attributenotexists | contains | beginswith&lt;/code&gt;&lt;/p&gt;&lt;p&gt;These function names are case-sensitive.&lt;/p&gt;&lt;/li&gt;&lt;li&gt;&lt;p&gt;Comparison operators: &lt;code&gt; = | &amp;amp;#x3C;&amp;amp;#x3E; | &amp;amp;#x3C; | &amp;amp;#x3E; | &amp;amp;#x3C;= | &amp;amp;#x3E;= | BETWEEN | IN&lt;/code&gt;&lt;/p&gt;&lt;/li&gt;&lt;li&gt;&lt;p&gt; Logical operators: &lt;code&gt;AND | OR | NOT&lt;/code&gt;&lt;/p&gt;&lt;/li&gt;&lt;/ul&gt;&lt;p&gt;For more information on condition expressions, see Specifying Conditions in the &lt;i&gt;Amazon DynamoDB Developer Guide&lt;/i&gt;.&lt;/p&gt;&lt;note&gt;&lt;p&gt;&lt;i&gt;ConditionExpression&lt;/i&gt; replaces the legacy &lt;i&gt;ConditionalOperator&lt;/i&gt; and &lt;i&gt;Expected&lt;/i&gt; parameters.&lt;/p&gt;&lt;/note&gt;</Abstract>
			<DeclaredIn>AWSDynamoDBModel.h</DeclaredIn>
			
			<Declaration>@property (nonatomic, strong) NSString *conditionExpression</Declaration>
			
			
			<Anchor>//api/name/conditionExpression</Anchor>
            <NodeRef refid="211"/>
		</Token>
		
		<Token>
			<TokenIdentifier>//apple_ref/occ/instm/AWSDynamoDBDeleteItemInput/setConditionalOperator:</TokenIdentifier>
			<Abstract type="html">&lt;important&gt;&lt;p&gt;This is a legacy parameter, for backward compatibility. New applications should use &lt;i&gt;ConditionExpression&lt;/i&gt; instead. Do not combine legacy parameters and expression parameters in a single API call; otherwise, DynamoDB will return a &lt;i&gt;ValidationException&lt;/i&gt; exception.&lt;/p&gt;&lt;/important&gt;&lt;p&gt;A logical operator to apply to the conditions in the &lt;i&gt;Expected&lt;/i&gt; map:&lt;/p&gt;&lt;ul&gt;&lt;li&gt;&lt;p&gt;&lt;code&gt;AND&lt;/code&gt; - If all of the conditions evaluate to true, then the entire map evaluates to true.&lt;/p&gt;&lt;/li&gt;&lt;li&gt;&lt;p&gt;&lt;code&gt;OR&lt;/code&gt; - If at least one of the conditions evaluate to true, then the entire map evaluates to true.&lt;/p&gt;&lt;/li&gt;&lt;/ul&gt;&lt;p&gt;If you omit &lt;i&gt;ConditionalOperator&lt;/i&gt;, then &lt;code&gt;AND&lt;/code&gt; is the default.&lt;/p&gt;&lt;p&gt;The operation will succeed only if the entire map evaluates to true.&lt;/p&gt;&lt;note&gt;&lt;p&gt;This parameter does not support attributes of type List or Map.&lt;/p&gt;&lt;/note&gt;</Abstract>
			<DeclaredIn>AWSDynamoDBModel.h</DeclaredIn>
			
			<Declaration>@property (nonatomic, assign) AWSDynamoDBConditionalOperator conditionalOperator</Declaration>
			
			
			<Anchor>//api/name/conditionalOperator</Anchor>
            <NodeRef refid="211"/>
		</Token>
		
		<Token>
			<TokenIdentifier>//apple_ref/occ/instm/AWSDynamoDBDeleteItemInput/conditionalOperator</TokenIdentifier>
			<Abstract type="html">&lt;important&gt;&lt;p&gt;This is a legacy parameter, for backward compatibility. New applications should use &lt;i&gt;ConditionExpression&lt;/i&gt; instead. Do not combine legacy parameters and expression parameters in a single API call; otherwise, DynamoDB will return a &lt;i&gt;ValidationException&lt;/i&gt; exception.&lt;/p&gt;&lt;/important&gt;&lt;p&gt;A logical operator to apply to the conditions in the &lt;i&gt;Expected&lt;/i&gt; map:&lt;/p&gt;&lt;ul&gt;&lt;li&gt;&lt;p&gt;&lt;code&gt;AND&lt;/code&gt; - If all of the conditions evaluate to true, then the entire map evaluates to true.&lt;/p&gt;&lt;/li&gt;&lt;li&gt;&lt;p&gt;&lt;code&gt;OR&lt;/code&gt; - If at least one of the conditions evaluate to true, then the entire map evaluates to true.&lt;/p&gt;&lt;/li&gt;&lt;/ul&gt;&lt;p&gt;If you omit &lt;i&gt;ConditionalOperator&lt;/i&gt;, then &lt;code&gt;AND&lt;/code&gt; is the default.&lt;/p&gt;&lt;p&gt;The operation will succeed only if the entire map evaluates to true.&lt;/p&gt;&lt;note&gt;&lt;p&gt;This parameter does not support attributes of type List or Map.&lt;/p&gt;&lt;/note&gt;</Abstract>
			<DeclaredIn>AWSDynamoDBModel.h</DeclaredIn>
			
			<Declaration>@property (nonatomic, assign) AWSDynamoDBConditionalOperator conditionalOperator</Declaration>
			
			
			<Anchor>//api/name/conditionalOperator</Anchor>
            <NodeRef refid="211"/>
		</Token>
		
		<Token>
			<TokenIdentifier>//apple_ref/occ/instp/AWSDynamoDBDeleteItemInput/conditionalOperator</TokenIdentifier>
			<Abstract type="html">&lt;important&gt;&lt;p&gt;This is a legacy parameter, for backward compatibility. New applications should use &lt;i&gt;ConditionExpression&lt;/i&gt; instead. Do not combine legacy parameters and expression parameters in a single API call; otherwise, DynamoDB will return a &lt;i&gt;ValidationException&lt;/i&gt; exception.&lt;/p&gt;&lt;/important&gt;&lt;p&gt;A logical operator to apply to the conditions in the &lt;i&gt;Expected&lt;/i&gt; map:&lt;/p&gt;&lt;ul&gt;&lt;li&gt;&lt;p&gt;&lt;code&gt;AND&lt;/code&gt; - If all of the conditions evaluate to true, then the entire map evaluates to true.&lt;/p&gt;&lt;/li&gt;&lt;li&gt;&lt;p&gt;&lt;code&gt;OR&lt;/code&gt; - If at least one of the conditions evaluate to true, then the entire map evaluates to true.&lt;/p&gt;&lt;/li&gt;&lt;/ul&gt;&lt;p&gt;If you omit &lt;i&gt;ConditionalOperator&lt;/i&gt;, then &lt;code&gt;AND&lt;/code&gt; is the default.&lt;/p&gt;&lt;p&gt;The operation will succeed only if the entire map evaluates to true.&lt;/p&gt;&lt;note&gt;&lt;p&gt;This parameter does not support attributes of type List or Map.&lt;/p&gt;&lt;/note&gt;</Abstract>
			<DeclaredIn>AWSDynamoDBModel.h</DeclaredIn>
			
			<Declaration>@property (nonatomic, assign) AWSDynamoDBConditionalOperator conditionalOperator</Declaration>
			
			
			<Anchor>//api/name/conditionalOperator</Anchor>
            <NodeRef refid="211"/>
		</Token>
		
		<Token>
			<TokenIdentifier>//apple_ref/occ/instm/AWSDynamoDBDeleteItemInput/setExpected:</TokenIdentifier>
			<Abstract type="html">&lt;important&gt;&lt;p&gt;This is a legacy parameter, for backward compatibility. New applications should use &lt;i&gt;ConditionExpression&lt;/i&gt; instead. Do not combine legacy parameters and expression parameters in a single API call; otherwise, DynamoDB will return a &lt;i&gt;ValidationException&lt;/i&gt; exception.&lt;/p&gt;&lt;/important&gt;&lt;p&gt;A map of attribute/condition pairs. &lt;i&gt;Expected&lt;/i&gt; provides a conditional block for the &lt;i&gt;DeleteItem&lt;/i&gt; operation.&lt;/p&gt;&lt;p&gt;Each element of &lt;i&gt;Expected&lt;/i&gt; consists of an attribute name, a comparison operator, and one or more values. DynamoDB compares the attribute with the value(s) you supplied, using the comparison operator. For each &lt;i&gt;Expected&lt;/i&gt; element, the result of the evaluation is either true or false.&lt;/p&gt;&lt;p&gt;If you specify more than one element in the &lt;i&gt;Expected&lt;/i&gt; map, then by default all of the conditions must evaluate to true. In other words, the conditions are ANDed together. (You can use the &lt;i&gt;ConditionalOperator&lt;/i&gt; parameter to OR the conditions instead. If you do this, then at least one of the conditions must evaluate to true, rather than all of them.)&lt;/p&gt;&lt;p&gt;If the &lt;i&gt;Expected&lt;/i&gt; map evaluates to true, then the conditional operation succeeds; otherwise, it fails.&lt;/p&gt;&lt;p&gt;&lt;i&gt;Expected&lt;/i&gt; contains the following:&lt;/p&gt;&lt;ul&gt;&lt;li&gt;&lt;p&gt;&lt;i&gt;AttributeValueList&lt;/i&gt; - One or more values to evaluate against the supplied attribute. The number of values in the list depends on the &lt;i&gt;ComparisonOperator&lt;/i&gt; being used.&lt;/p&gt;&lt;p&gt;For type Number, value comparisons are numeric.&lt;/p&gt;&lt;p&gt;String value comparisons for greater than, equals, or less than are based on ASCII character code values. For example, &lt;code&gt;a&lt;/code&gt; is greater than &lt;code&gt;A&lt;/code&gt;, and &lt;code&gt;a&lt;/code&gt; is greater than &lt;code&gt;B&lt;/code&gt;. For a list of code values, see http://en.wikipedia.org/wiki/ASCII#ASCIIprintablecharacters.&lt;/p&gt;&lt;p&gt;For type Binary, DynamoDB treats each byte of the binary data as unsigned when it compares binary values.&lt;/p&gt;&lt;/li&gt;&lt;li&gt;&lt;p&gt;&lt;i&gt;ComparisonOperator&lt;/i&gt; - A comparator for evaluating attributes in the &lt;i&gt;AttributeValueList&lt;/i&gt;. When performing the comparison, DynamoDB uses strongly consistent reads.&lt;/p&gt;&lt;p&gt;The following comparison operators are available:&lt;/p&gt;&lt;p&gt;&lt;code&gt;EQ | NE | LE | LT | GE | GT | NOTNULL | NULL | CONTAINS | NOTCONTAINS | BEGINSWITH | IN | BETWEEN&lt;/code&gt;&lt;/p&gt;&lt;p&gt;The following are descriptions of each comparison operator.&lt;/p&gt;&lt;ul&gt;&lt;li&gt;&lt;p&gt;&lt;code&gt;EQ&lt;/code&gt; : Equal. &lt;code&gt;EQ&lt;/code&gt; is supported for all datatypes, including lists and maps.&lt;/p&gt;&lt;p&gt;&lt;i&gt;AttributeValueList&lt;/i&gt; can contain only one &lt;i&gt;AttributeValue&lt;/i&gt; element of type String, Number, Binary, String Set, Number Set, or Binary Set. If an item contains an &lt;i&gt;AttributeValue&lt;/i&gt; element of a different type than the one provided in the request, the value does not match. For example, &lt;code&gt;{&quot;S&quot;:&quot;6&quot;}&lt;/code&gt; does not equal &lt;code&gt;{&quot;N&quot;:&quot;6&quot;}&lt;/code&gt;. Also, &lt;code&gt;{&quot;N&quot;:&quot;6&quot;}&lt;/code&gt; does not equal &lt;code&gt;{&quot;NS&quot;:[&quot;6&quot;, &quot;2&quot;, &quot;1&quot;]}&lt;/code&gt;.&lt;/p&gt;&lt;p/&gt;&lt;/li&gt;&lt;li&gt;&lt;p&gt;&lt;code&gt;NE&lt;/code&gt; : Not equal. &lt;code&gt;NE&lt;/code&gt; is supported for all datatypes, including lists and maps.&lt;/p&gt;&lt;p&gt;&lt;i&gt;AttributeValueList&lt;/i&gt; can contain only one &lt;i&gt;AttributeValue&lt;/i&gt; of type String, Number, Binary, String Set, Number Set, or Binary Set. If an item contains an &lt;i&gt;AttributeValue&lt;/i&gt; of a different type than the one provided in the request, the value does not match. For example, &lt;code&gt;{&quot;S&quot;:&quot;6&quot;}&lt;/code&gt; does not equal &lt;code&gt;{&quot;N&quot;:&quot;6&quot;}&lt;/code&gt;. Also, &lt;code&gt;{&quot;N&quot;:&quot;6&quot;}&lt;/code&gt; does not equal &lt;code&gt;{&quot;NS&quot;:[&quot;6&quot;, &quot;2&quot;, &quot;1&quot;]}&lt;/code&gt;.&lt;/p&gt;&lt;p/&gt;&lt;/li&gt;&lt;li&gt;&lt;p&gt;&lt;code&gt;LE&lt;/code&gt; : Less than or equal. &lt;/p&gt;&lt;p&gt;&lt;i&gt;AttributeValueList&lt;/i&gt; can contain only one &lt;i&gt;AttributeValue&lt;/i&gt; element of type String, Number, or Binary (not a set type). If an item contains an &lt;i&gt;AttributeValue&lt;/i&gt; element of a different type than the one provided in the request, the value does not match. For example, &lt;code&gt;{&quot;S&quot;:&quot;6&quot;}&lt;/code&gt; does not equal &lt;code&gt;{&quot;N&quot;:&quot;6&quot;}&lt;/code&gt;. Also, &lt;code&gt;{&quot;N&quot;:&quot;6&quot;}&lt;/code&gt; does not compare to &lt;code&gt;{&quot;NS&quot;:[&quot;6&quot;, &quot;2&quot;, &quot;1&quot;]}&lt;/code&gt;.&lt;/p&gt;&lt;p/&gt;&lt;/li&gt;&lt;li&gt;&lt;p&gt;&lt;code&gt;LT&lt;/code&gt; : Less than. &lt;/p&gt;&lt;p&gt;&lt;i&gt;AttributeValueList&lt;/i&gt; can contain only one &lt;i&gt;AttributeValue&lt;/i&gt; of type String, Number, or Binary (not a set type). If an item contains an &lt;i&gt;AttributeValue&lt;/i&gt; element of a different type than the one provided in the request, the value does not match. For example, &lt;code&gt;{&quot;S&quot;:&quot;6&quot;}&lt;/code&gt; does not equal &lt;code&gt;{&quot;N&quot;:&quot;6&quot;}&lt;/code&gt;. Also, &lt;code&gt;{&quot;N&quot;:&quot;6&quot;}&lt;/code&gt; does not compare to &lt;code&gt;{&quot;NS&quot;:[&quot;6&quot;, &quot;2&quot;, &quot;1&quot;]}&lt;/code&gt;.&lt;/p&gt;&lt;p/&gt;&lt;/li&gt;&lt;li&gt;&lt;p&gt;&lt;code&gt;GE&lt;/code&gt; : Greater than or equal. &lt;/p&gt;&lt;p&gt;&lt;i&gt;AttributeValueList&lt;/i&gt; can contain only one &lt;i&gt;AttributeValue&lt;/i&gt; element of type String, Number, or Binary (not a set type). If an item contains an &lt;i&gt;AttributeValue&lt;/i&gt; element of a different type than the one provided in the request, the value does not match. For example, &lt;code&gt;{&quot;S&quot;:&quot;6&quot;}&lt;/code&gt; does not equal &lt;code&gt;{&quot;N&quot;:&quot;6&quot;}&lt;/code&gt;. Also, &lt;code&gt;{&quot;N&quot;:&quot;6&quot;}&lt;/code&gt; does not compare to &lt;code&gt;{&quot;NS&quot;:[&quot;6&quot;, &quot;2&quot;, &quot;1&quot;]}&lt;/code&gt;.&lt;/p&gt;&lt;p/&gt;&lt;/li&gt;&lt;li&gt;&lt;p&gt;&lt;code&gt;GT&lt;/code&gt; : Greater than. &lt;/p&gt;&lt;p&gt;&lt;i&gt;AttributeValueList&lt;/i&gt; can contain only one &lt;i&gt;AttributeValue&lt;/i&gt; element of type String, Number, or Binary (not a set type). If an item contains an &lt;i&gt;AttributeValue&lt;/i&gt; element of a different type than the one provided in the request, the value does not match. For example, &lt;code&gt;{&quot;S&quot;:&quot;6&quot;}&lt;/code&gt; does not equal &lt;code&gt;{&quot;N&quot;:&quot;6&quot;}&lt;/code&gt;. Also, &lt;code&gt;{&quot;N&quot;:&quot;6&quot;}&lt;/code&gt; does not compare to &lt;code&gt;{&quot;NS&quot;:[&quot;6&quot;, &quot;2&quot;, &quot;1&quot;]}&lt;/code&gt;.&lt;/p&gt;&lt;p/&gt;&lt;/li&gt;&lt;li&gt;&lt;p&gt;&lt;code&gt;NOTNULL&lt;/code&gt; : The attribute exists. &lt;code&gt;NOTNULL&lt;/code&gt; is supported for all datatypes, including lists and maps.&lt;/p&gt;&lt;note&gt;&lt;p&gt;This operator tests for the existence of an attribute, not its data type. If the data type of attribute &quot;&lt;code&gt;a&lt;/code&gt;&quot; is null, and you evaluate it using &lt;code&gt;NOTNULL&lt;/code&gt;, the result is a Boolean &lt;i&gt;true&lt;/i&gt;. This result is because the attribute &quot;&lt;code&gt;a&lt;/code&gt;&quot; exists; its data type is not relevant to the &lt;code&gt;NOTNULL&lt;/code&gt; comparison operator.&lt;/p&gt;&lt;/note&gt;&lt;/li&gt;&lt;li&gt;&lt;p&gt;&lt;code&gt;NULL&lt;/code&gt; : The attribute does not exist. &lt;code&gt;NULL&lt;/code&gt; is supported for all datatypes, including lists and maps.&lt;/p&gt;&lt;note&gt;&lt;p&gt;This operator tests for the nonexistence of an attribute, not its data type. If the data type of attribute &quot;&lt;code&gt;a&lt;/code&gt;&quot; is null, and you evaluate it using &lt;code&gt;NULL&lt;/code&gt;, the result is a Boolean &lt;i&gt;false&lt;/i&gt;. This is because the attribute &quot;&lt;code&gt;a&lt;/code&gt;&quot; exists; its data type is not relevant to the &lt;code&gt;NULL&lt;/code&gt; comparison operator.&lt;/p&gt;&lt;/note&gt;&lt;/li&gt;&lt;li&gt;&lt;p&gt;&lt;code&gt;CONTAINS&lt;/code&gt; : Checks for a subsequence, or value in a set.&lt;/p&gt;&lt;p&gt;&lt;i&gt;AttributeValueList&lt;/i&gt; can contain only one &lt;i&gt;AttributeValue&lt;/i&gt; element of type String, Number, or Binary (not a set type). If the target attribute of the comparison is of type String, then the operator checks for a substring match. If the target attribute of the comparison is of type Binary, then the operator looks for a subsequence of the target that matches the input. If the target attribute of the comparison is a set (&quot;&lt;code&gt;SS&lt;/code&gt;&quot;, &quot;&lt;code&gt;NS&lt;/code&gt;&quot;, or &quot;&lt;code&gt;BS&lt;/code&gt;&quot;), then the operator evaluates to true if it finds an exact match with any member of the set.&lt;/p&gt;&lt;p&gt;CONTAINS is supported for lists: When evaluating &quot;&lt;code&gt;a CONTAINS b&lt;/code&gt;&quot;, &quot;&lt;code&gt;a&lt;/code&gt;&quot; can be a list; however, &quot;&lt;code&gt;b&lt;/code&gt;&quot; cannot be a set, a map, or a list.&lt;/p&gt;&lt;/li&gt;&lt;li&gt;&lt;p&gt;&lt;code&gt;NOTCONTAINS&lt;/code&gt; : Checks for absence of a subsequence, or absence of a value in a set.&lt;/p&gt;&lt;p&gt;&lt;i&gt;AttributeValueList&lt;/i&gt; can contain only one &lt;i&gt;AttributeValue&lt;/i&gt; element of type String, Number, or Binary (not a set type). If the target attribute of the comparison is a String, then the operator checks for the absence of a substring match. If the target attribute of the comparison is Binary, then the operator checks for the absence of a subsequence of the target that matches the input. If the target attribute of the comparison is a set (&quot;&lt;code&gt;SS&lt;/code&gt;&quot;, &quot;&lt;code&gt;NS&lt;/code&gt;&quot;, or &quot;&lt;code&gt;BS&lt;/code&gt;&quot;), then the operator evaluates to true if it &lt;i&gt;does not&lt;/i&gt; find an exact match with any member of the set.&lt;/p&gt;&lt;p&gt;NOTCONTAINS is supported for lists: When evaluating &quot;&lt;code&gt;a NOT CONTAINS b&lt;/code&gt;&quot;, &quot;&lt;code&gt;a&lt;/code&gt;&quot; can be a list; however, &quot;&lt;code&gt;b&lt;/code&gt;&quot; cannot be a set, a map, or a list.&lt;/p&gt;&lt;/li&gt;&lt;li&gt;&lt;p&gt;&lt;code&gt;BEGINSWITH&lt;/code&gt; : Checks for a prefix. &lt;/p&gt;&lt;p&gt;&lt;i&gt;AttributeValueList&lt;/i&gt; can contain only one &lt;i&gt;AttributeValue&lt;/i&gt; of type String or Binary (not a Number or a set type). The target attribute of the comparison must be of type String or Binary (not a Number or a set type).&lt;/p&gt;&lt;p/&gt;&lt;/li&gt;&lt;li&gt;&lt;p&gt;&lt;code&gt;IN&lt;/code&gt; : Checks for matching elements within two sets.&lt;/p&gt;&lt;p&gt;&lt;i&gt;AttributeValueList&lt;/i&gt; can contain one or more &lt;i&gt;AttributeValue&lt;/i&gt; elements of type String, Number, or Binary (not a set type). These attributes are compared against an existing set type attribute of an item. If any elements of the input set are present in the item attribute, the expression evaluates to true.&lt;/p&gt;&lt;/li&gt;&lt;li&gt;&lt;p&gt;&lt;code&gt;BETWEEN&lt;/code&gt; : Greater than or equal to the first value, and less than or equal to the second value. &lt;/p&gt;&lt;p&gt;&lt;i&gt;AttributeValueList&lt;/i&gt; must contain two &lt;i&gt;AttributeValue&lt;/i&gt; elements of the same type, either String, Number, or Binary (not a set type). A target attribute matches if the target value is greater than, or equal to, the first element and less than, or equal to, the second element. If an item contains an &lt;i&gt;AttributeValue&lt;/i&gt; element of a different type than the one provided in the request, the value does not match. For example, &lt;code&gt;{&quot;S&quot;:&quot;6&quot;}&lt;/code&gt; does not compare to &lt;code&gt;{&quot;N&quot;:&quot;6&quot;}&lt;/code&gt;. Also, &lt;code&gt;{&quot;N&quot;:&quot;6&quot;}&lt;/code&gt; does not compare to &lt;code&gt;{&quot;NS&quot;:[&quot;6&quot;, &quot;2&quot;, &quot;1&quot;]}&lt;/code&gt;&lt;/p&gt;&lt;/li&gt;&lt;/ul&gt;&lt;/li&gt;&lt;/ul&gt;&lt;p&gt;For usage examples of &lt;i&gt;AttributeValueList&lt;/i&gt; and &lt;i&gt;ComparisonOperator&lt;/i&gt;, see Legacy Conditional Parameters in the &lt;i&gt;Amazon DynamoDB Developer Guide&lt;/i&gt;.&lt;/p&gt;&lt;p&gt;For backward compatibility with previous DynamoDB releases, the following parameters can be used instead of &lt;i&gt;AttributeValueList&lt;/i&gt; and &lt;i&gt;ComparisonOperator&lt;/i&gt;:&lt;/p&gt;&lt;ul&gt;&lt;li&gt;&lt;p&gt;&lt;i&gt;Value&lt;/i&gt; - A value for DynamoDB to compare with an attribute.&lt;/p&gt;&lt;/li&gt;&lt;li&gt;&lt;p&gt;&lt;i&gt;Exists&lt;/i&gt; - A Boolean value that causes DynamoDB to evaluate the value before attempting the conditional operation:&lt;/p&gt;&lt;ul&gt;&lt;li&gt;&lt;p&gt;If &lt;i&gt;Exists&lt;/i&gt; is &lt;code&gt;true&lt;/code&gt;, DynamoDB will check to see if that attribute value already exists in the table. If it is found, then the condition evaluates to true; otherwise the condition evaluate to false.&lt;/p&gt;&lt;/li&gt;&lt;li&gt;&lt;p&gt;If &lt;i&gt;Exists&lt;/i&gt; is &lt;code&gt;false&lt;/code&gt;, DynamoDB assumes that the attribute value does &lt;i&gt;not&lt;/i&gt; exist in the table. If in fact the value does not exist, then the assumption is valid and the condition evaluates to true. If the value is found, despite the assumption that it does not exist, the condition evaluates to false.&lt;/p&gt;&lt;/li&gt;&lt;/ul&gt;&lt;p&gt;Note that the default value for &lt;i&gt;Exists&lt;/i&gt; is &lt;code&gt;true&lt;/code&gt;.&lt;/p&gt;&lt;/li&gt;&lt;/ul&gt;&lt;p&gt;The &lt;i&gt;Value&lt;/i&gt; and &lt;i&gt;Exists&lt;/i&gt; parameters are incompatible with &lt;i&gt;AttributeValueList&lt;/i&gt; and &lt;i&gt;ComparisonOperator&lt;/i&gt;. Note that if you use both sets of parameters at once, DynamoDB will return a &lt;i&gt;ValidationException&lt;/i&gt; exception.&lt;/p&gt;&lt;note&gt;&lt;p&gt;This parameter does not support attributes of type List or Map.&lt;/p&gt;&lt;/note&gt;</Abstract>
			<DeclaredIn>AWSDynamoDBModel.h</DeclaredIn>
			
			<Declaration>@property (nonatomic, strong) NSDictionary *expected</Declaration>
			
			
			<Anchor>//api/name/expected</Anchor>
            <NodeRef refid="211"/>
		</Token>
		
		<Token>
			<TokenIdentifier>//apple_ref/occ/instm/AWSDynamoDBDeleteItemInput/expected</TokenIdentifier>
			<Abstract type="html">&lt;important&gt;&lt;p&gt;This is a legacy parameter, for backward compatibility. New applications should use &lt;i&gt;ConditionExpression&lt;/i&gt; instead. Do not combine legacy parameters and expression parameters in a single API call; otherwise, DynamoDB will return a &lt;i&gt;ValidationException&lt;/i&gt; exception.&lt;/p&gt;&lt;/important&gt;&lt;p&gt;A map of attribute/condition pairs. &lt;i&gt;Expected&lt;/i&gt; provides a conditional block for the &lt;i&gt;DeleteItem&lt;/i&gt; operation.&lt;/p&gt;&lt;p&gt;Each element of &lt;i&gt;Expected&lt;/i&gt; consists of an attribute name, a comparison operator, and one or more values. DynamoDB compares the attribute with the value(s) you supplied, using the comparison operator. For each &lt;i&gt;Expected&lt;/i&gt; element, the result of the evaluation is either true or false.&lt;/p&gt;&lt;p&gt;If you specify more than one element in the &lt;i&gt;Expected&lt;/i&gt; map, then by default all of the conditions must evaluate to true. In other words, the conditions are ANDed together. (You can use the &lt;i&gt;ConditionalOperator&lt;/i&gt; parameter to OR the conditions instead. If you do this, then at least one of the conditions must evaluate to true, rather than all of them.)&lt;/p&gt;&lt;p&gt;If the &lt;i&gt;Expected&lt;/i&gt; map evaluates to true, then the conditional operation succeeds; otherwise, it fails.&lt;/p&gt;&lt;p&gt;&lt;i&gt;Expected&lt;/i&gt; contains the following:&lt;/p&gt;&lt;ul&gt;&lt;li&gt;&lt;p&gt;&lt;i&gt;AttributeValueList&lt;/i&gt; - One or more values to evaluate against the supplied attribute. The number of values in the list depends on the &lt;i&gt;ComparisonOperator&lt;/i&gt; being used.&lt;/p&gt;&lt;p&gt;For type Number, value comparisons are numeric.&lt;/p&gt;&lt;p&gt;String value comparisons for greater than, equals, or less than are based on ASCII character code values. For example, &lt;code&gt;a&lt;/code&gt; is greater than &lt;code&gt;A&lt;/code&gt;, and &lt;code&gt;a&lt;/code&gt; is greater than &lt;code&gt;B&lt;/code&gt;. For a list of code values, see http://en.wikipedia.org/wiki/ASCII#ASCIIprintablecharacters.&lt;/p&gt;&lt;p&gt;For type Binary, DynamoDB treats each byte of the binary data as unsigned when it compares binary values.&lt;/p&gt;&lt;/li&gt;&lt;li&gt;&lt;p&gt;&lt;i&gt;ComparisonOperator&lt;/i&gt; - A comparator for evaluating attributes in the &lt;i&gt;AttributeValueList&lt;/i&gt;. When performing the comparison, DynamoDB uses strongly consistent reads.&lt;/p&gt;&lt;p&gt;The following comparison operators are available:&lt;/p&gt;&lt;p&gt;&lt;code&gt;EQ | NE | LE | LT | GE | GT | NOTNULL | NULL | CONTAINS | NOTCONTAINS | BEGINSWITH | IN | BETWEEN&lt;/code&gt;&lt;/p&gt;&lt;p&gt;The following are descriptions of each comparison operator.&lt;/p&gt;&lt;ul&gt;&lt;li&gt;&lt;p&gt;&lt;code&gt;EQ&lt;/code&gt; : Equal. &lt;code&gt;EQ&lt;/code&gt; is supported for all datatypes, including lists and maps.&lt;/p&gt;&lt;p&gt;&lt;i&gt;AttributeValueList&lt;/i&gt; can contain only one &lt;i&gt;AttributeValue&lt;/i&gt; element of type String, Number, Binary, String Set, Number Set, or Binary Set. If an item contains an &lt;i&gt;AttributeValue&lt;/i&gt; element of a different type than the one provided in the request, the value does not match. For example, &lt;code&gt;{&quot;S&quot;:&quot;6&quot;}&lt;/code&gt; does not equal &lt;code&gt;{&quot;N&quot;:&quot;6&quot;}&lt;/code&gt;. Also, &lt;code&gt;{&quot;N&quot;:&quot;6&quot;}&lt;/code&gt; does not equal &lt;code&gt;{&quot;NS&quot;:[&quot;6&quot;, &quot;2&quot;, &quot;1&quot;]}&lt;/code&gt;.&lt;/p&gt;&lt;p/&gt;&lt;/li&gt;&lt;li&gt;&lt;p&gt;&lt;code&gt;NE&lt;/code&gt; : Not equal. &lt;code&gt;NE&lt;/code&gt; is supported for all datatypes, including lists and maps.&lt;/p&gt;&lt;p&gt;&lt;i&gt;AttributeValueList&lt;/i&gt; can contain only one &lt;i&gt;AttributeValue&lt;/i&gt; of type String, Number, Binary, String Set, Number Set, or Binary Set. If an item contains an &lt;i&gt;AttributeValue&lt;/i&gt; of a different type than the one provided in the request, the value does not match. For example, &lt;code&gt;{&quot;S&quot;:&quot;6&quot;}&lt;/code&gt; does not equal &lt;code&gt;{&quot;N&quot;:&quot;6&quot;}&lt;/code&gt;. Also, &lt;code&gt;{&quot;N&quot;:&quot;6&quot;}&lt;/code&gt; does not equal &lt;code&gt;{&quot;NS&quot;:[&quot;6&quot;, &quot;2&quot;, &quot;1&quot;]}&lt;/code&gt;.&lt;/p&gt;&lt;p/&gt;&lt;/li&gt;&lt;li&gt;&lt;p&gt;&lt;code&gt;LE&lt;/code&gt; : Less than or equal. &lt;/p&gt;&lt;p&gt;&lt;i&gt;AttributeValueList&lt;/i&gt; can contain only one &lt;i&gt;AttributeValue&lt;/i&gt; element of type String, Number, or Binary (not a set type). If an item contains an &lt;i&gt;AttributeValue&lt;/i&gt; element of a different type than the one provided in the request, the value does not match. For example, &lt;code&gt;{&quot;S&quot;:&quot;6&quot;}&lt;/code&gt; does not equal &lt;code&gt;{&quot;N&quot;:&quot;6&quot;}&lt;/code&gt;. Also, &lt;code&gt;{&quot;N&quot;:&quot;6&quot;}&lt;/code&gt; does not compare to &lt;code&gt;{&quot;NS&quot;:[&quot;6&quot;, &quot;2&quot;, &quot;1&quot;]}&lt;/code&gt;.&lt;/p&gt;&lt;p/&gt;&lt;/li&gt;&lt;li&gt;&lt;p&gt;&lt;code&gt;LT&lt;/code&gt; : Less than. &lt;/p&gt;&lt;p&gt;&lt;i&gt;AttributeValueList&lt;/i&gt; can contain only one &lt;i&gt;AttributeValue&lt;/i&gt; of type String, Number, or Binary (not a set type). If an item contains an &lt;i&gt;AttributeValue&lt;/i&gt; element of a different type than the one provided in the request, the value does not match. For example, &lt;code&gt;{&quot;S&quot;:&quot;6&quot;}&lt;/code&gt; does not equal &lt;code&gt;{&quot;N&quot;:&quot;6&quot;}&lt;/code&gt;. Also, &lt;code&gt;{&quot;N&quot;:&quot;6&quot;}&lt;/code&gt; does not compare to &lt;code&gt;{&quot;NS&quot;:[&quot;6&quot;, &quot;2&quot;, &quot;1&quot;]}&lt;/code&gt;.&lt;/p&gt;&lt;p/&gt;&lt;/li&gt;&lt;li&gt;&lt;p&gt;&lt;code&gt;GE&lt;/code&gt; : Greater than or equal. &lt;/p&gt;&lt;p&gt;&lt;i&gt;AttributeValueList&lt;/i&gt; can contain only one &lt;i&gt;AttributeValue&lt;/i&gt; element of type String, Number, or Binary (not a set type). If an item contains an &lt;i&gt;AttributeValue&lt;/i&gt; element of a different type than the one provided in the request, the value does not match. For example, &lt;code&gt;{&quot;S&quot;:&quot;6&quot;}&lt;/code&gt; does not equal &lt;code&gt;{&quot;N&quot;:&quot;6&quot;}&lt;/code&gt;. Also, &lt;code&gt;{&quot;N&quot;:&quot;6&quot;}&lt;/code&gt; does not compare to &lt;code&gt;{&quot;NS&quot;:[&quot;6&quot;, &quot;2&quot;, &quot;1&quot;]}&lt;/code&gt;.&lt;/p&gt;&lt;p/&gt;&lt;/li&gt;&lt;li&gt;&lt;p&gt;&lt;code&gt;GT&lt;/code&gt; : Greater than. &lt;/p&gt;&lt;p&gt;&lt;i&gt;AttributeValueList&lt;/i&gt; can contain only one &lt;i&gt;AttributeValue&lt;/i&gt; element of type String, Number, or Binary (not a set type). If an item contains an &lt;i&gt;AttributeValue&lt;/i&gt; element of a different type than the one provided in the request, the value does not match. For example, &lt;code&gt;{&quot;S&quot;:&quot;6&quot;}&lt;/code&gt; does not equal &lt;code&gt;{&quot;N&quot;:&quot;6&quot;}&lt;/code&gt;. Also, &lt;code&gt;{&quot;N&quot;:&quot;6&quot;}&lt;/code&gt; does not compare to &lt;code&gt;{&quot;NS&quot;:[&quot;6&quot;, &quot;2&quot;, &quot;1&quot;]}&lt;/code&gt;.&lt;/p&gt;&lt;p/&gt;&lt;/li&gt;&lt;li&gt;&lt;p&gt;&lt;code&gt;NOTNULL&lt;/code&gt; : The attribute exists. &lt;code&gt;NOTNULL&lt;/code&gt; is supported for all datatypes, including lists and maps.&lt;/p&gt;&lt;note&gt;&lt;p&gt;This operator tests for the existence of an attribute, not its data type. If the data type of attribute &quot;&lt;code&gt;a&lt;/code&gt;&quot; is null, and you evaluate it using &lt;code&gt;NOTNULL&lt;/code&gt;, the result is a Boolean &lt;i&gt;true&lt;/i&gt;. This result is because the attribute &quot;&lt;code&gt;a&lt;/code&gt;&quot; exists; its data type is not relevant to the &lt;code&gt;NOTNULL&lt;/code&gt; comparison operator.&lt;/p&gt;&lt;/note&gt;&lt;/li&gt;&lt;li&gt;&lt;p&gt;&lt;code&gt;NULL&lt;/code&gt; : The attribute does not exist. &lt;code&gt;NULL&lt;/code&gt; is supported for all datatypes, including lists and maps.&lt;/p&gt;&lt;note&gt;&lt;p&gt;This operator tests for the nonexistence of an attribute, not its data type. If the data type of attribute &quot;&lt;code&gt;a&lt;/code&gt;&quot; is null, and you evaluate it using &lt;code&gt;NULL&lt;/code&gt;, the result is a Boolean &lt;i&gt;false&lt;/i&gt;. This is because the attribute &quot;&lt;code&gt;a&lt;/code&gt;&quot; exists; its data type is not relevant to the &lt;code&gt;NULL&lt;/code&gt; comparison operator.&lt;/p&gt;&lt;/note&gt;&lt;/li&gt;&lt;li&gt;&lt;p&gt;&lt;code&gt;CONTAINS&lt;/code&gt; : Checks for a subsequence, or value in a set.&lt;/p&gt;&lt;p&gt;&lt;i&gt;AttributeValueList&lt;/i&gt; can contain only one &lt;i&gt;AttributeValue&lt;/i&gt; element of type String, Number, or Binary (not a set type). If the target attribute of the comparison is of type String, then the operator checks for a substring match. If the target attribute of the comparison is of type Binary, then the operator looks for a subsequence of the target that matches the input. If the target attribute of the comparison is a set (&quot;&lt;code&gt;SS&lt;/code&gt;&quot;, &quot;&lt;code&gt;NS&lt;/code&gt;&quot;, or &quot;&lt;code&gt;BS&lt;/code&gt;&quot;), then the operator evaluates to true if it finds an exact match with any member of the set.&lt;/p&gt;&lt;p&gt;CONTAINS is supported for lists: When evaluating &quot;&lt;code&gt;a CONTAINS b&lt;/code&gt;&quot;, &quot;&lt;code&gt;a&lt;/code&gt;&quot; can be a list; however, &quot;&lt;code&gt;b&lt;/code&gt;&quot; cannot be a set, a map, or a list.&lt;/p&gt;&lt;/li&gt;&lt;li&gt;&lt;p&gt;&lt;code&gt;NOTCONTAINS&lt;/code&gt; : Checks for absence of a subsequence, or absence of a value in a set.&lt;/p&gt;&lt;p&gt;&lt;i&gt;AttributeValueList&lt;/i&gt; can contain only one &lt;i&gt;AttributeValue&lt;/i&gt; element of type String, Number, or Binary (not a set type). If the target attribute of the comparison is a String, then the operator checks for the absence of a substring match. If the target attribute of the comparison is Binary, then the operator checks for the absence of a subsequence of the target that matches the input. If the target attribute of the comparison is a set (&quot;&lt;code&gt;SS&lt;/code&gt;&quot;, &quot;&lt;code&gt;NS&lt;/code&gt;&quot;, or &quot;&lt;code&gt;BS&lt;/code&gt;&quot;), then the operator evaluates to true if it &lt;i&gt;does not&lt;/i&gt; find an exact match with any member of the set.&lt;/p&gt;&lt;p&gt;NOTCONTAINS is supported for lists: When evaluating &quot;&lt;code&gt;a NOT CONTAINS b&lt;/code&gt;&quot;, &quot;&lt;code&gt;a&lt;/code&gt;&quot; can be a list; however, &quot;&lt;code&gt;b&lt;/code&gt;&quot; cannot be a set, a map, or a list.&lt;/p&gt;&lt;/li&gt;&lt;li&gt;&lt;p&gt;&lt;code&gt;BEGINSWITH&lt;/code&gt; : Checks for a prefix. &lt;/p&gt;&lt;p&gt;&lt;i&gt;AttributeValueList&lt;/i&gt; can contain only one &lt;i&gt;AttributeValue&lt;/i&gt; of type String or Binary (not a Number or a set type). The target attribute of the comparison must be of type String or Binary (not a Number or a set type).&lt;/p&gt;&lt;p/&gt;&lt;/li&gt;&lt;li&gt;&lt;p&gt;&lt;code&gt;IN&lt;/code&gt; : Checks for matching elements within two sets.&lt;/p&gt;&lt;p&gt;&lt;i&gt;AttributeValueList&lt;/i&gt; can contain one or more &lt;i&gt;AttributeValue&lt;/i&gt; elements of type String, Number, or Binary (not a set type). These attributes are compared against an existing set type attribute of an item. If any elements of the input set are present in the item attribute, the expression evaluates to true.&lt;/p&gt;&lt;/li&gt;&lt;li&gt;&lt;p&gt;&lt;code&gt;BETWEEN&lt;/code&gt; : Greater than or equal to the first value, and less than or equal to the second value. &lt;/p&gt;&lt;p&gt;&lt;i&gt;AttributeValueList&lt;/i&gt; must contain two &lt;i&gt;AttributeValue&lt;/i&gt; elements of the same type, either String, Number, or Binary (not a set type). A target attribute matches if the target value is greater than, or equal to, the first element and less than, or equal to, the second element. If an item contains an &lt;i&gt;AttributeValue&lt;/i&gt; element of a different type than the one provided in the request, the value does not match. For example, &lt;code&gt;{&quot;S&quot;:&quot;6&quot;}&lt;/code&gt; does not compare to &lt;code&gt;{&quot;N&quot;:&quot;6&quot;}&lt;/code&gt;. Also, &lt;code&gt;{&quot;N&quot;:&quot;6&quot;}&lt;/code&gt; does not compare to &lt;code&gt;{&quot;NS&quot;:[&quot;6&quot;, &quot;2&quot;, &quot;1&quot;]}&lt;/code&gt;&lt;/p&gt;&lt;/li&gt;&lt;/ul&gt;&lt;/li&gt;&lt;/ul&gt;&lt;p&gt;For usage examples of &lt;i&gt;AttributeValueList&lt;/i&gt; and &lt;i&gt;ComparisonOperator&lt;/i&gt;, see Legacy Conditional Parameters in the &lt;i&gt;Amazon DynamoDB Developer Guide&lt;/i&gt;.&lt;/p&gt;&lt;p&gt;For backward compatibility with previous DynamoDB releases, the following parameters can be used instead of &lt;i&gt;AttributeValueList&lt;/i&gt; and &lt;i&gt;ComparisonOperator&lt;/i&gt;:&lt;/p&gt;&lt;ul&gt;&lt;li&gt;&lt;p&gt;&lt;i&gt;Value&lt;/i&gt; - A value for DynamoDB to compare with an attribute.&lt;/p&gt;&lt;/li&gt;&lt;li&gt;&lt;p&gt;&lt;i&gt;Exists&lt;/i&gt; - A Boolean value that causes DynamoDB to evaluate the value before attempting the conditional operation:&lt;/p&gt;&lt;ul&gt;&lt;li&gt;&lt;p&gt;If &lt;i&gt;Exists&lt;/i&gt; is &lt;code&gt;true&lt;/code&gt;, DynamoDB will check to see if that attribute value already exists in the table. If it is found, then the condition evaluates to true; otherwise the condition evaluate to false.&lt;/p&gt;&lt;/li&gt;&lt;li&gt;&lt;p&gt;If &lt;i&gt;Exists&lt;/i&gt; is &lt;code&gt;false&lt;/code&gt;, DynamoDB assumes that the attribute value does &lt;i&gt;not&lt;/i&gt; exist in the table. If in fact the value does not exist, then the assumption is valid and the condition evaluates to true. If the value is found, despite the assumption that it does not exist, the condition evaluates to false.&lt;/p&gt;&lt;/li&gt;&lt;/ul&gt;&lt;p&gt;Note that the default value for &lt;i&gt;Exists&lt;/i&gt; is &lt;code&gt;true&lt;/code&gt;.&lt;/p&gt;&lt;/li&gt;&lt;/ul&gt;&lt;p&gt;The &lt;i&gt;Value&lt;/i&gt; and &lt;i&gt;Exists&lt;/i&gt; parameters are incompatible with &lt;i&gt;AttributeValueList&lt;/i&gt; and &lt;i&gt;ComparisonOperator&lt;/i&gt;. Note that if you use both sets of parameters at once, DynamoDB will return a &lt;i&gt;ValidationException&lt;/i&gt; exception.&lt;/p&gt;&lt;note&gt;&lt;p&gt;This parameter does not support attributes of type List or Map.&lt;/p&gt;&lt;/note&gt;</Abstract>
			<DeclaredIn>AWSDynamoDBModel.h</DeclaredIn>
			
			<Declaration>@property (nonatomic, strong) NSDictionary *expected</Declaration>
			
			
			<Anchor>//api/name/expected</Anchor>
            <NodeRef refid="211"/>
		</Token>
		
		<Token>
			<TokenIdentifier>//apple_ref/occ/instp/AWSDynamoDBDeleteItemInput/expected</TokenIdentifier>
			<Abstract type="html">&lt;important&gt;&lt;p&gt;This is a legacy parameter, for backward compatibility. New applications should use &lt;i&gt;ConditionExpression&lt;/i&gt; instead. Do not combine legacy parameters and expression parameters in a single API call; otherwise, DynamoDB will return a &lt;i&gt;ValidationException&lt;/i&gt; exception.&lt;/p&gt;&lt;/important&gt;&lt;p&gt;A map of attribute/condition pairs. &lt;i&gt;Expected&lt;/i&gt; provides a conditional block for the &lt;i&gt;DeleteItem&lt;/i&gt; operation.&lt;/p&gt;&lt;p&gt;Each element of &lt;i&gt;Expected&lt;/i&gt; consists of an attribute name, a comparison operator, and one or more values. DynamoDB compares the attribute with the value(s) you supplied, using the comparison operator. For each &lt;i&gt;Expected&lt;/i&gt; element, the result of the evaluation is either true or false.&lt;/p&gt;&lt;p&gt;If you specify more than one element in the &lt;i&gt;Expected&lt;/i&gt; map, then by default all of the conditions must evaluate to true. In other words, the conditions are ANDed together. (You can use the &lt;i&gt;ConditionalOperator&lt;/i&gt; parameter to OR the conditions instead. If you do this, then at least one of the conditions must evaluate to true, rather than all of them.)&lt;/p&gt;&lt;p&gt;If the &lt;i&gt;Expected&lt;/i&gt; map evaluates to true, then the conditional operation succeeds; otherwise, it fails.&lt;/p&gt;&lt;p&gt;&lt;i&gt;Expected&lt;/i&gt; contains the following:&lt;/p&gt;&lt;ul&gt;&lt;li&gt;&lt;p&gt;&lt;i&gt;AttributeValueList&lt;/i&gt; - One or more values to evaluate against the supplied attribute. The number of values in the list depends on the &lt;i&gt;ComparisonOperator&lt;/i&gt; being used.&lt;/p&gt;&lt;p&gt;For type Number, value comparisons are numeric.&lt;/p&gt;&lt;p&gt;String value comparisons for greater than, equals, or less than are based on ASCII character code values. For example, &lt;code&gt;a&lt;/code&gt; is greater than &lt;code&gt;A&lt;/code&gt;, and &lt;code&gt;a&lt;/code&gt; is greater than &lt;code&gt;B&lt;/code&gt;. For a list of code values, see http://en.wikipedia.org/wiki/ASCII#ASCIIprintablecharacters.&lt;/p&gt;&lt;p&gt;For type Binary, DynamoDB treats each byte of the binary data as unsigned when it compares binary values.&lt;/p&gt;&lt;/li&gt;&lt;li&gt;&lt;p&gt;&lt;i&gt;ComparisonOperator&lt;/i&gt; - A comparator for evaluating attributes in the &lt;i&gt;AttributeValueList&lt;/i&gt;. When performing the comparison, DynamoDB uses strongly consistent reads.&lt;/p&gt;&lt;p&gt;The following comparison operators are available:&lt;/p&gt;&lt;p&gt;&lt;code&gt;EQ | NE | LE | LT | GE | GT | NOTNULL | NULL | CONTAINS | NOTCONTAINS | BEGINSWITH | IN | BETWEEN&lt;/code&gt;&lt;/p&gt;&lt;p&gt;The following are descriptions of each comparison operator.&lt;/p&gt;&lt;ul&gt;&lt;li&gt;&lt;p&gt;&lt;code&gt;EQ&lt;/code&gt; : Equal. &lt;code&gt;EQ&lt;/code&gt; is supported for all datatypes, including lists and maps.&lt;/p&gt;&lt;p&gt;&lt;i&gt;AttributeValueList&lt;/i&gt; can contain only one &lt;i&gt;AttributeValue&lt;/i&gt; element of type String, Number, Binary, String Set, Number Set, or Binary Set. If an item contains an &lt;i&gt;AttributeValue&lt;/i&gt; element of a different type than the one provided in the request, the value does not match. For example, &lt;code&gt;{&quot;S&quot;:&quot;6&quot;}&lt;/code&gt; does not equal &lt;code&gt;{&quot;N&quot;:&quot;6&quot;}&lt;/code&gt;. Also, &lt;code&gt;{&quot;N&quot;:&quot;6&quot;}&lt;/code&gt; does not equal &lt;code&gt;{&quot;NS&quot;:[&quot;6&quot;, &quot;2&quot;, &quot;1&quot;]}&lt;/code&gt;.&lt;/p&gt;&lt;p/&gt;&lt;/li&gt;&lt;li&gt;&lt;p&gt;&lt;code&gt;NE&lt;/code&gt; : Not equal. &lt;code&gt;NE&lt;/code&gt; is supported for all datatypes, including lists and maps.&lt;/p&gt;&lt;p&gt;&lt;i&gt;AttributeValueList&lt;/i&gt; can contain only one &lt;i&gt;AttributeValue&lt;/i&gt; of type String, Number, Binary, String Set, Number Set, or Binary Set. If an item contains an &lt;i&gt;AttributeValue&lt;/i&gt; of a different type than the one provided in the request, the value does not match. For example, &lt;code&gt;{&quot;S&quot;:&quot;6&quot;}&lt;/code&gt; does not equal &lt;code&gt;{&quot;N&quot;:&quot;6&quot;}&lt;/code&gt;. Also, &lt;code&gt;{&quot;N&quot;:&quot;6&quot;}&lt;/code&gt; does not equal &lt;code&gt;{&quot;NS&quot;:[&quot;6&quot;, &quot;2&quot;, &quot;1&quot;]}&lt;/code&gt;.&lt;/p&gt;&lt;p/&gt;&lt;/li&gt;&lt;li&gt;&lt;p&gt;&lt;code&gt;LE&lt;/code&gt; : Less than or equal. &lt;/p&gt;&lt;p&gt;&lt;i&gt;AttributeValueList&lt;/i&gt; can contain only one &lt;i&gt;AttributeValue&lt;/i&gt; element of type String, Number, or Binary (not a set type). If an item contains an &lt;i&gt;AttributeValue&lt;/i&gt; element of a different type than the one provided in the request, the value does not match. For example, &lt;code&gt;{&quot;S&quot;:&quot;6&quot;}&lt;/code&gt; does not equal &lt;code&gt;{&quot;N&quot;:&quot;6&quot;}&lt;/code&gt;. Also, &lt;code&gt;{&quot;N&quot;:&quot;6&quot;}&lt;/code&gt; does not compare to &lt;code&gt;{&quot;NS&quot;:[&quot;6&quot;, &quot;2&quot;, &quot;1&quot;]}&lt;/code&gt;.&lt;/p&gt;&lt;p/&gt;&lt;/li&gt;&lt;li&gt;&lt;p&gt;&lt;code&gt;LT&lt;/code&gt; : Less than. &lt;/p&gt;&lt;p&gt;&lt;i&gt;AttributeValueList&lt;/i&gt; can contain only one &lt;i&gt;AttributeValue&lt;/i&gt; of type String, Number, or Binary (not a set type). If an item contains an &lt;i&gt;AttributeValue&lt;/i&gt; element of a different type than the one provided in the request, the value does not match. For example, &lt;code&gt;{&quot;S&quot;:&quot;6&quot;}&lt;/code&gt; does not equal &lt;code&gt;{&quot;N&quot;:&quot;6&quot;}&lt;/code&gt;. Also, &lt;code&gt;{&quot;N&quot;:&quot;6&quot;}&lt;/code&gt; does not compare to &lt;code&gt;{&quot;NS&quot;:[&quot;6&quot;, &quot;2&quot;, &quot;1&quot;]}&lt;/code&gt;.&lt;/p&gt;&lt;p/&gt;&lt;/li&gt;&lt;li&gt;&lt;p&gt;&lt;code&gt;GE&lt;/code&gt; : Greater than or equal. &lt;/p&gt;&lt;p&gt;&lt;i&gt;AttributeValueList&lt;/i&gt; can contain only one &lt;i&gt;AttributeValue&lt;/i&gt; element of type String, Number, or Binary (not a set type). If an item contains an &lt;i&gt;AttributeValue&lt;/i&gt; element of a different type than the one provided in the request, the value does not match. For example, &lt;code&gt;{&quot;S&quot;:&quot;6&quot;}&lt;/code&gt; does not equal &lt;code&gt;{&quot;N&quot;:&quot;6&quot;}&lt;/code&gt;. Also, &lt;code&gt;{&quot;N&quot;:&quot;6&quot;}&lt;/code&gt; does not compare to &lt;code&gt;{&quot;NS&quot;:[&quot;6&quot;, &quot;2&quot;, &quot;1&quot;]}&lt;/code&gt;.&lt;/p&gt;&lt;p/&gt;&lt;/li&gt;&lt;li&gt;&lt;p&gt;&lt;code&gt;GT&lt;/code&gt; : Greater than. &lt;/p&gt;&lt;p&gt;&lt;i&gt;AttributeValueList&lt;/i&gt; can contain only one &lt;i&gt;AttributeValue&lt;/i&gt; element of type String, Number, or Binary (not a set type). If an item contains an &lt;i&gt;AttributeValue&lt;/i&gt; element of a different type than the one provided in the request, the value does not match. For example, &lt;code&gt;{&quot;S&quot;:&quot;6&quot;}&lt;/code&gt; does not equal &lt;code&gt;{&quot;N&quot;:&quot;6&quot;}&lt;/code&gt;. Also, &lt;code&gt;{&quot;N&quot;:&quot;6&quot;}&lt;/code&gt; does not compare to &lt;code&gt;{&quot;NS&quot;:[&quot;6&quot;, &quot;2&quot;, &quot;1&quot;]}&lt;/code&gt;.&lt;/p&gt;&lt;p/&gt;&lt;/li&gt;&lt;li&gt;&lt;p&gt;&lt;code&gt;NOTNULL&lt;/code&gt; : The attribute exists. &lt;code&gt;NOTNULL&lt;/code&gt; is supported for all datatypes, including lists and maps.&lt;/p&gt;&lt;note&gt;&lt;p&gt;This operator tests for the existence of an attribute, not its data type. If the data type of attribute &quot;&lt;code&gt;a&lt;/code&gt;&quot; is null, and you evaluate it using &lt;code&gt;NOTNULL&lt;/code&gt;, the result is a Boolean &lt;i&gt;true&lt;/i&gt;. This result is because the attribute &quot;&lt;code&gt;a&lt;/code&gt;&quot; exists; its data type is not relevant to the &lt;code&gt;NOTNULL&lt;/code&gt; comparison operator.&lt;/p&gt;&lt;/note&gt;&lt;/li&gt;&lt;li&gt;&lt;p&gt;&lt;code&gt;NULL&lt;/code&gt; : The attribute does not exist. &lt;code&gt;NULL&lt;/code&gt; is supported for all datatypes, including lists and maps.&lt;/p&gt;&lt;note&gt;&lt;p&gt;This operator tests for the nonexistence of an attribute, not its data type. If the data type of attribute &quot;&lt;code&gt;a&lt;/code&gt;&quot; is null, and you evaluate it using &lt;code&gt;NULL&lt;/code&gt;, the result is a Boolean &lt;i&gt;false&lt;/i&gt;. This is because the attribute &quot;&lt;code&gt;a&lt;/code&gt;&quot; exists; its data type is not relevant to the &lt;code&gt;NULL&lt;/code&gt; comparison operator.&lt;/p&gt;&lt;/note&gt;&lt;/li&gt;&lt;li&gt;&lt;p&gt;&lt;code&gt;CONTAINS&lt;/code&gt; : Checks for a subsequence, or value in a set.&lt;/p&gt;&lt;p&gt;&lt;i&gt;AttributeValueList&lt;/i&gt; can contain only one &lt;i&gt;AttributeValue&lt;/i&gt; element of type String, Number, or Binary (not a set type). If the target attribute of the comparison is of type String, then the operator checks for a substring match. If the target attribute of the comparison is of type Binary, then the operator looks for a subsequence of the target that matches the input. If the target attribute of the comparison is a set (&quot;&lt;code&gt;SS&lt;/code&gt;&quot;, &quot;&lt;code&gt;NS&lt;/code&gt;&quot;, or &quot;&lt;code&gt;BS&lt;/code&gt;&quot;), then the operator evaluates to true if it finds an exact match with any member of the set.&lt;/p&gt;&lt;p&gt;CONTAINS is supported for lists: When evaluating &quot;&lt;code&gt;a CONTAINS b&lt;/code&gt;&quot;, &quot;&lt;code&gt;a&lt;/code&gt;&quot; can be a list; however, &quot;&lt;code&gt;b&lt;/code&gt;&quot; cannot be a set, a map, or a list.&lt;/p&gt;&lt;/li&gt;&lt;li&gt;&lt;p&gt;&lt;code&gt;NOTCONTAINS&lt;/code&gt; : Checks for absence of a subsequence, or absence of a value in a set.&lt;/p&gt;&lt;p&gt;&lt;i&gt;AttributeValueList&lt;/i&gt; can contain only one &lt;i&gt;AttributeValue&lt;/i&gt; element of type String, Number, or Binary (not a set type). If the target attribute of the comparison is a String, then the operator checks for the absence of a substring match. If the target attribute of the comparison is Binary, then the operator checks for the absence of a subsequence of the target that matches the input. If the target attribute of the comparison is a set (&quot;&lt;code&gt;SS&lt;/code&gt;&quot;, &quot;&lt;code&gt;NS&lt;/code&gt;&quot;, or &quot;&lt;code&gt;BS&lt;/code&gt;&quot;), then the operator evaluates to true if it &lt;i&gt;does not&lt;/i&gt; find an exact match with any member of the set.&lt;/p&gt;&lt;p&gt;NOTCONTAINS is supported for lists: When evaluating &quot;&lt;code&gt;a NOT CONTAINS b&lt;/code&gt;&quot;, &quot;&lt;code&gt;a&lt;/code&gt;&quot; can be a list; however, &quot;&lt;code&gt;b&lt;/code&gt;&quot; cannot be a set, a map, or a list.&lt;/p&gt;&lt;/li&gt;&lt;li&gt;&lt;p&gt;&lt;code&gt;BEGINSWITH&lt;/code&gt; : Checks for a prefix. &lt;/p&gt;&lt;p&gt;&lt;i&gt;AttributeValueList&lt;/i&gt; can contain only one &lt;i&gt;AttributeValue&lt;/i&gt; of type String or Binary (not a Number or a set type). The target attribute of the comparison must be of type String or Binary (not a Number or a set type).&lt;/p&gt;&lt;p/&gt;&lt;/li&gt;&lt;li&gt;&lt;p&gt;&lt;code&gt;IN&lt;/code&gt; : Checks for matching elements within two sets.&lt;/p&gt;&lt;p&gt;&lt;i&gt;AttributeValueList&lt;/i&gt; can contain one or more &lt;i&gt;AttributeValue&lt;/i&gt; elements of type String, Number, or Binary (not a set type). These attributes are compared against an existing set type attribute of an item. If any elements of the input set are present in the item attribute, the expression evaluates to true.&lt;/p&gt;&lt;/li&gt;&lt;li&gt;&lt;p&gt;&lt;code&gt;BETWEEN&lt;/code&gt; : Greater than or equal to the first value, and less than or equal to the second value. &lt;/p&gt;&lt;p&gt;&lt;i&gt;AttributeValueList&lt;/i&gt; must contain two &lt;i&gt;AttributeValue&lt;/i&gt; elements of the same type, either String, Number, or Binary (not a set type). A target attribute matches if the target value is greater than, or equal to, the first element and less than, or equal to, the second element. If an item contains an &lt;i&gt;AttributeValue&lt;/i&gt; element of a different type than the one provided in the request, the value does not match. For example, &lt;code&gt;{&quot;S&quot;:&quot;6&quot;}&lt;/code&gt; does not compare to &lt;code&gt;{&quot;N&quot;:&quot;6&quot;}&lt;/code&gt;. Also, &lt;code&gt;{&quot;N&quot;:&quot;6&quot;}&lt;/code&gt; does not compare to &lt;code&gt;{&quot;NS&quot;:[&quot;6&quot;, &quot;2&quot;, &quot;1&quot;]}&lt;/code&gt;&lt;/p&gt;&lt;/li&gt;&lt;/ul&gt;&lt;/li&gt;&lt;/ul&gt;&lt;p&gt;For usage examples of &lt;i&gt;AttributeValueList&lt;/i&gt; and &lt;i&gt;ComparisonOperator&lt;/i&gt;, see Legacy Conditional Parameters in the &lt;i&gt;Amazon DynamoDB Developer Guide&lt;/i&gt;.&lt;/p&gt;&lt;p&gt;For backward compatibility with previous DynamoDB releases, the following parameters can be used instead of &lt;i&gt;AttributeValueList&lt;/i&gt; and &lt;i&gt;ComparisonOperator&lt;/i&gt;:&lt;/p&gt;&lt;ul&gt;&lt;li&gt;&lt;p&gt;&lt;i&gt;Value&lt;/i&gt; - A value for DynamoDB to compare with an attribute.&lt;/p&gt;&lt;/li&gt;&lt;li&gt;&lt;p&gt;&lt;i&gt;Exists&lt;/i&gt; - A Boolean value that causes DynamoDB to evaluate the value before attempting the conditional operation:&lt;/p&gt;&lt;ul&gt;&lt;li&gt;&lt;p&gt;If &lt;i&gt;Exists&lt;/i&gt; is &lt;code&gt;true&lt;/code&gt;, DynamoDB will check to see if that attribute value already exists in the table. If it is found, then the condition evaluates to true; otherwise the condition evaluate to false.&lt;/p&gt;&lt;/li&gt;&lt;li&gt;&lt;p&gt;If &lt;i&gt;Exists&lt;/i&gt; is &lt;code&gt;false&lt;/code&gt;, DynamoDB assumes that the attribute value does &lt;i&gt;not&lt;/i&gt; exist in the table. If in fact the value does not exist, then the assumption is valid and the condition evaluates to true. If the value is found, despite the assumption that it does not exist, the condition evaluates to false.&lt;/p&gt;&lt;/li&gt;&lt;/ul&gt;&lt;p&gt;Note that the default value for &lt;i&gt;Exists&lt;/i&gt; is &lt;code&gt;true&lt;/code&gt;.&lt;/p&gt;&lt;/li&gt;&lt;/ul&gt;&lt;p&gt;The &lt;i&gt;Value&lt;/i&gt; and &lt;i&gt;Exists&lt;/i&gt; parameters are incompatible with &lt;i&gt;AttributeValueList&lt;/i&gt; and &lt;i&gt;ComparisonOperator&lt;/i&gt;. Note that if you use both sets of parameters at once, DynamoDB will return a &lt;i&gt;ValidationException&lt;/i&gt; exception.&lt;/p&gt;&lt;note&gt;&lt;p&gt;This parameter does not support attributes of type List or Map.&lt;/p&gt;&lt;/note&gt;</Abstract>
			<DeclaredIn>AWSDynamoDBModel.h</DeclaredIn>
			
			<Declaration>@property (nonatomic, strong) NSDictionary *expected</Declaration>
			
			
			<Anchor>//api/name/expected</Anchor>
            <NodeRef refid="211"/>
		</Token>
		
		<Token>
			<TokenIdentifier>//apple_ref/occ/instm/AWSDynamoDBDeleteItemInput/setExpressionAttributeNames:</TokenIdentifier>
			<Abstract type="html">&lt;p&gt;One or more substitution tokens for attribute names in an expression. The following are some use cases for using &lt;i&gt;ExpressionAttributeNames&lt;/i&gt;:&lt;/p&gt;&lt;ul&gt;&lt;li&gt;&lt;p&gt;To access an attribute whose name conflicts with a DynamoDB reserved word.&lt;/p&gt;&lt;/li&gt;&lt;li&gt;&lt;p&gt;To create a placeholder for repeating occurrences of an attribute name in an expression.&lt;/p&gt;&lt;/li&gt;&lt;li&gt;&lt;p&gt;To prevent special characters in an attribute name from being misinterpreted in an expression.&lt;/p&gt;&lt;/li&gt;&lt;/ul&gt;&lt;p&gt;Use the &lt;b&gt;#&lt;/b&gt; character in an expression to dereference an attribute name. For example, consider the following attribute name:&lt;/p&gt;&lt;ul&gt;&lt;li&gt;&lt;p&gt;&lt;code&gt;Percentile&lt;/code&gt;&lt;/p&gt;&lt;/li&gt;&lt;/ul&gt;&lt;p&gt;The name of this attribute conflicts with a reserved word, so it cannot be used directly in an expression. (For the complete list of reserved words, see Using Placeholders for Attribute Names and Values in the &lt;i&gt;Amazon DynamoDB Developer Guide&lt;/i&gt;.&lt;/p&gt;</Abstract>
			<DeclaredIn>AWSDynamoDBModel.h</DeclaredIn>
			
			<Declaration>@property (nonatomic, strong) NSDictionary *expressionAttributeNames</Declaration>
			
			
			<Anchor>//api/name/expressionAttributeNames</Anchor>
            <NodeRef refid="211"/>
		</Token>
		
		<Token>
			<TokenIdentifier>//apple_ref/occ/instm/AWSDynamoDBDeleteItemInput/expressionAttributeNames</TokenIdentifier>
			<Abstract type="html">&lt;p&gt;One or more substitution tokens for attribute names in an expression. The following are some use cases for using &lt;i&gt;ExpressionAttributeNames&lt;/i&gt;:&lt;/p&gt;&lt;ul&gt;&lt;li&gt;&lt;p&gt;To access an attribute whose name conflicts with a DynamoDB reserved word.&lt;/p&gt;&lt;/li&gt;&lt;li&gt;&lt;p&gt;To create a placeholder for repeating occurrences of an attribute name in an expression.&lt;/p&gt;&lt;/li&gt;&lt;li&gt;&lt;p&gt;To prevent special characters in an attribute name from being misinterpreted in an expression.&lt;/p&gt;&lt;/li&gt;&lt;/ul&gt;&lt;p&gt;Use the &lt;b&gt;#&lt;/b&gt; character in an expression to dereference an attribute name. For example, consider the following attribute name:&lt;/p&gt;&lt;ul&gt;&lt;li&gt;&lt;p&gt;&lt;code&gt;Percentile&lt;/code&gt;&lt;/p&gt;&lt;/li&gt;&lt;/ul&gt;&lt;p&gt;The name of this attribute conflicts with a reserved word, so it cannot be used directly in an expression. (For the complete list of reserved words, see Using Placeholders for Attribute Names and Values in the &lt;i&gt;Amazon DynamoDB Developer Guide&lt;/i&gt;.&lt;/p&gt;</Abstract>
			<DeclaredIn>AWSDynamoDBModel.h</DeclaredIn>
			
			<Declaration>@property (nonatomic, strong) NSDictionary *expressionAttributeNames</Declaration>
			
			
			<Anchor>//api/name/expressionAttributeNames</Anchor>
            <NodeRef refid="211"/>
		</Token>
		
		<Token>
			<TokenIdentifier>//apple_ref/occ/instp/AWSDynamoDBDeleteItemInput/expressionAttributeNames</TokenIdentifier>
			<Abstract type="html">&lt;p&gt;One or more substitution tokens for attribute names in an expression. The following are some use cases for using &lt;i&gt;ExpressionAttributeNames&lt;/i&gt;:&lt;/p&gt;&lt;ul&gt;&lt;li&gt;&lt;p&gt;To access an attribute whose name conflicts with a DynamoDB reserved word.&lt;/p&gt;&lt;/li&gt;&lt;li&gt;&lt;p&gt;To create a placeholder for repeating occurrences of an attribute name in an expression.&lt;/p&gt;&lt;/li&gt;&lt;li&gt;&lt;p&gt;To prevent special characters in an attribute name from being misinterpreted in an expression.&lt;/p&gt;&lt;/li&gt;&lt;/ul&gt;&lt;p&gt;Use the &lt;b&gt;#&lt;/b&gt; character in an expression to dereference an attribute name. For example, consider the following attribute name:&lt;/p&gt;&lt;ul&gt;&lt;li&gt;&lt;p&gt;&lt;code&gt;Percentile&lt;/code&gt;&lt;/p&gt;&lt;/li&gt;&lt;/ul&gt;&lt;p&gt;The name of this attribute conflicts with a reserved word, so it cannot be used directly in an expression. (For the complete list of reserved words, see Using Placeholders for Attribute Names and Values in the &lt;i&gt;Amazon DynamoDB Developer Guide&lt;/i&gt;.&lt;/p&gt;</Abstract>
			<DeclaredIn>AWSDynamoDBModel.h</DeclaredIn>
			
			<Declaration>@property (nonatomic, strong) NSDictionary *expressionAttributeNames</Declaration>
			
			
			<Anchor>//api/name/expressionAttributeNames</Anchor>
            <NodeRef refid="211"/>
		</Token>
		
		<Token>
			<TokenIdentifier>//apple_ref/occ/instm/AWSDynamoDBDeleteItemInput/setExpressionAttributeValues:</TokenIdentifier>
			<Abstract type="html">&lt;p&gt;One or more values that can be substituted in an expression.&lt;/p&gt;&lt;p&gt;Use the &lt;b&gt;:&lt;/b&gt; (colon) character in an expression to dereference an attribute value. For example, suppose that you wanted to check whether the value of the &lt;i&gt;ProductStatus&lt;/i&gt; attribute was one of the following: &lt;/p&gt;&lt;p&gt;&lt;code&gt;Available | Backordered | Discontinued&lt;/code&gt;&lt;/p&gt;&lt;p&gt;You would first need to specify &lt;i&gt;ExpressionAttributeValues&lt;/i&gt; as follows:&lt;/p&gt;&lt;p&gt;&lt;code&gt;{ &quot;:avail&quot;:{&quot;S&quot;:&quot;Available&quot;}, &quot;:back&quot;:{&quot;S&quot;:&quot;Backordered&quot;}, &quot;:disc&quot;:{&quot;S&quot;:&quot;Discontinued&quot;} }&lt;/code&gt;&lt;/p&gt;&lt;p&gt;You could then use these values in an expression, such as this:&lt;/p&gt;&lt;p&gt;&lt;code&gt;ProductStatus IN (:avail, :back, :disc)&lt;/code&gt;&lt;/p&gt;&lt;p&gt;For more information on expression attribute values, see Using Placeholders for Attribute Names and Values in the &lt;i&gt;Amazon DynamoDB Developer Guide&lt;/i&gt;.&lt;/p&gt;</Abstract>
			<DeclaredIn>AWSDynamoDBModel.h</DeclaredIn>
			
			<Declaration>@property (nonatomic, strong) NSDictionary *expressionAttributeValues</Declaration>
			
			
			<Anchor>//api/name/expressionAttributeValues</Anchor>
            <NodeRef refid="211"/>
		</Token>
		
		<Token>
			<TokenIdentifier>//apple_ref/occ/instm/AWSDynamoDBDeleteItemInput/expressionAttributeValues</TokenIdentifier>
			<Abstract type="html">&lt;p&gt;One or more values that can be substituted in an expression.&lt;/p&gt;&lt;p&gt;Use the &lt;b&gt;:&lt;/b&gt; (colon) character in an expression to dereference an attribute value. For example, suppose that you wanted to check whether the value of the &lt;i&gt;ProductStatus&lt;/i&gt; attribute was one of the following: &lt;/p&gt;&lt;p&gt;&lt;code&gt;Available | Backordered | Discontinued&lt;/code&gt;&lt;/p&gt;&lt;p&gt;You would first need to specify &lt;i&gt;ExpressionAttributeValues&lt;/i&gt; as follows:&lt;/p&gt;&lt;p&gt;&lt;code&gt;{ &quot;:avail&quot;:{&quot;S&quot;:&quot;Available&quot;}, &quot;:back&quot;:{&quot;S&quot;:&quot;Backordered&quot;}, &quot;:disc&quot;:{&quot;S&quot;:&quot;Discontinued&quot;} }&lt;/code&gt;&lt;/p&gt;&lt;p&gt;You could then use these values in an expression, such as this:&lt;/p&gt;&lt;p&gt;&lt;code&gt;ProductStatus IN (:avail, :back, :disc)&lt;/code&gt;&lt;/p&gt;&lt;p&gt;For more information on expression attribute values, see Using Placeholders for Attribute Names and Values in the &lt;i&gt;Amazon DynamoDB Developer Guide&lt;/i&gt;.&lt;/p&gt;</Abstract>
			<DeclaredIn>AWSDynamoDBModel.h</DeclaredIn>
			
			<Declaration>@property (nonatomic, strong) NSDictionary *expressionAttributeValues</Declaration>
			
			
			<Anchor>//api/name/expressionAttributeValues</Anchor>
            <NodeRef refid="211"/>
		</Token>
		
		<Token>
			<TokenIdentifier>//apple_ref/occ/instp/AWSDynamoDBDeleteItemInput/expressionAttributeValues</TokenIdentifier>
			<Abstract type="html">&lt;p&gt;One or more values that can be substituted in an expression.&lt;/p&gt;&lt;p&gt;Use the &lt;b&gt;:&lt;/b&gt; (colon) character in an expression to dereference an attribute value. For example, suppose that you wanted to check whether the value of the &lt;i&gt;ProductStatus&lt;/i&gt; attribute was one of the following: &lt;/p&gt;&lt;p&gt;&lt;code&gt;Available | Backordered | Discontinued&lt;/code&gt;&lt;/p&gt;&lt;p&gt;You would first need to specify &lt;i&gt;ExpressionAttributeValues&lt;/i&gt; as follows:&lt;/p&gt;&lt;p&gt;&lt;code&gt;{ &quot;:avail&quot;:{&quot;S&quot;:&quot;Available&quot;}, &quot;:back&quot;:{&quot;S&quot;:&quot;Backordered&quot;}, &quot;:disc&quot;:{&quot;S&quot;:&quot;Discontinued&quot;} }&lt;/code&gt;&lt;/p&gt;&lt;p&gt;You could then use these values in an expression, such as this:&lt;/p&gt;&lt;p&gt;&lt;code&gt;ProductStatus IN (:avail, :back, :disc)&lt;/code&gt;&lt;/p&gt;&lt;p&gt;For more information on expression attribute values, see Using Placeholders for Attribute Names and Values in the &lt;i&gt;Amazon DynamoDB Developer Guide&lt;/i&gt;.&lt;/p&gt;</Abstract>
			<DeclaredIn>AWSDynamoDBModel.h</DeclaredIn>
			
			<Declaration>@property (nonatomic, strong) NSDictionary *expressionAttributeValues</Declaration>
			
			
			<Anchor>//api/name/expressionAttributeValues</Anchor>
            <NodeRef refid="211"/>
		</Token>
		
		<Token>
			<TokenIdentifier>//apple_ref/occ/instm/AWSDynamoDBDeleteItemInput/setKey:</TokenIdentifier>
			<Abstract type="html">&lt;p&gt;A map of attribute names to &lt;i&gt;AttributeValue&lt;/i&gt; objects, representing the primary key of the item to delete.&lt;/p&gt;&lt;p&gt;For the primary key, you must provide all of the attributes. For example, with a hash type primary key, you only need to provide the hash attribute. For a hash-and-range type primary key, you must provide both the hash attribute and the range attribute.&lt;/p&gt;</Abstract>
			<DeclaredIn>AWSDynamoDBModel.h</DeclaredIn>
			
			<Declaration>@property (nonatomic, strong) NSDictionary *key</Declaration>
			
			
			<Anchor>//api/name/key</Anchor>
            <NodeRef refid="211"/>
		</Token>
		
		<Token>
			<TokenIdentifier>//apple_ref/occ/instm/AWSDynamoDBDeleteItemInput/key</TokenIdentifier>
			<Abstract type="html">&lt;p&gt;A map of attribute names to &lt;i&gt;AttributeValue&lt;/i&gt; objects, representing the primary key of the item to delete.&lt;/p&gt;&lt;p&gt;For the primary key, you must provide all of the attributes. For example, with a hash type primary key, you only need to provide the hash attribute. For a hash-and-range type primary key, you must provide both the hash attribute and the range attribute.&lt;/p&gt;</Abstract>
			<DeclaredIn>AWSDynamoDBModel.h</DeclaredIn>
			
			<Declaration>@property (nonatomic, strong) NSDictionary *key</Declaration>
			
			
			<Anchor>//api/name/key</Anchor>
            <NodeRef refid="211"/>
		</Token>
		
		<Token>
			<TokenIdentifier>//apple_ref/occ/instp/AWSDynamoDBDeleteItemInput/key</TokenIdentifier>
			<Abstract type="html">&lt;p&gt;A map of attribute names to &lt;i&gt;AttributeValue&lt;/i&gt; objects, representing the primary key of the item to delete.&lt;/p&gt;&lt;p&gt;For the primary key, you must provide all of the attributes. For example, with a hash type primary key, you only need to provide the hash attribute. For a hash-and-range type primary key, you must provide both the hash attribute and the range attribute.&lt;/p&gt;</Abstract>
			<DeclaredIn>AWSDynamoDBModel.h</DeclaredIn>
			
			<Declaration>@property (nonatomic, strong) NSDictionary *key</Declaration>
			
			
			<Anchor>//api/name/key</Anchor>
            <NodeRef refid="211"/>
		</Token>
		
		<Token>
			<TokenIdentifier>//apple_ref/occ/instm/AWSDynamoDBDeleteItemInput/setReturnConsumedCapacity:</TokenIdentifier>
			<Abstract type="html">&lt;p&gt;A value that if set to &lt;code&gt;TOTAL&lt;/code&gt;, the response includes &lt;i&gt;ConsumedCapacity&lt;/i&gt; data for tables and indexes. If set to &lt;code&gt;INDEXES&lt;/code&gt;, the response includes &lt;i&gt;ConsumedCapacity&lt;/i&gt; for indexes. If set to &lt;code&gt;NONE&lt;/code&gt; (the default), &lt;i&gt;ConsumedCapacity&lt;/i&gt; is not included in the response.&lt;/p&gt;</Abstract>
			<DeclaredIn>AWSDynamoDBModel.h</DeclaredIn>
			
			<Declaration>@property (nonatomic, assign) AWSDynamoDBReturnConsumedCapacity returnConsumedCapacity</Declaration>
			
			
			<Anchor>//api/name/returnConsumedCapacity</Anchor>
            <NodeRef refid="211"/>
		</Token>
		
		<Token>
			<TokenIdentifier>//apple_ref/occ/instm/AWSDynamoDBDeleteItemInput/returnConsumedCapacity</TokenIdentifier>
			<Abstract type="html">&lt;p&gt;A value that if set to &lt;code&gt;TOTAL&lt;/code&gt;, the response includes &lt;i&gt;ConsumedCapacity&lt;/i&gt; data for tables and indexes. If set to &lt;code&gt;INDEXES&lt;/code&gt;, the response includes &lt;i&gt;ConsumedCapacity&lt;/i&gt; for indexes. If set to &lt;code&gt;NONE&lt;/code&gt; (the default), &lt;i&gt;ConsumedCapacity&lt;/i&gt; is not included in the response.&lt;/p&gt;</Abstract>
			<DeclaredIn>AWSDynamoDBModel.h</DeclaredIn>
			
			<Declaration>@property (nonatomic, assign) AWSDynamoDBReturnConsumedCapacity returnConsumedCapacity</Declaration>
			
			
			<Anchor>//api/name/returnConsumedCapacity</Anchor>
            <NodeRef refid="211"/>
		</Token>
		
		<Token>
			<TokenIdentifier>//apple_ref/occ/instp/AWSDynamoDBDeleteItemInput/returnConsumedCapacity</TokenIdentifier>
			<Abstract type="html">&lt;p&gt;A value that if set to &lt;code&gt;TOTAL&lt;/code&gt;, the response includes &lt;i&gt;ConsumedCapacity&lt;/i&gt; data for tables and indexes. If set to &lt;code&gt;INDEXES&lt;/code&gt;, the response includes &lt;i&gt;ConsumedCapacity&lt;/i&gt; for indexes. If set to &lt;code&gt;NONE&lt;/code&gt; (the default), &lt;i&gt;ConsumedCapacity&lt;/i&gt; is not included in the response.&lt;/p&gt;</Abstract>
			<DeclaredIn>AWSDynamoDBModel.h</DeclaredIn>
			
			<Declaration>@property (nonatomic, assign) AWSDynamoDBReturnConsumedCapacity returnConsumedCapacity</Declaration>
			
			
			<Anchor>//api/name/returnConsumedCapacity</Anchor>
            <NodeRef refid="211"/>
		</Token>
		
		<Token>
			<TokenIdentifier>//apple_ref/occ/instm/AWSDynamoDBDeleteItemInput/setReturnItemCollectionMetrics:</TokenIdentifier>
			<Abstract type="html">&lt;p&gt;A value that if set to &lt;code&gt;SIZE&lt;/code&gt;, the response includes statistics about item collections, if any, that were modified during the operation are returned in the response. If set to &lt;code&gt;NONE&lt;/code&gt; (the default), no statistics are returned.&lt;/p&gt;</Abstract>
			<DeclaredIn>AWSDynamoDBModel.h</DeclaredIn>
			
			<Declaration>@property (nonatomic, assign) AWSDynamoDBReturnItemCollectionMetrics returnItemCollectionMetrics</Declaration>
			
			
			<Anchor>//api/name/returnItemCollectionMetrics</Anchor>
            <NodeRef refid="211"/>
		</Token>
		
		<Token>
			<TokenIdentifier>//apple_ref/occ/instm/AWSDynamoDBDeleteItemInput/returnItemCollectionMetrics</TokenIdentifier>
			<Abstract type="html">&lt;p&gt;A value that if set to &lt;code&gt;SIZE&lt;/code&gt;, the response includes statistics about item collections, if any, that were modified during the operation are returned in the response. If set to &lt;code&gt;NONE&lt;/code&gt; (the default), no statistics are returned.&lt;/p&gt;</Abstract>
			<DeclaredIn>AWSDynamoDBModel.h</DeclaredIn>
			
			<Declaration>@property (nonatomic, assign) AWSDynamoDBReturnItemCollectionMetrics returnItemCollectionMetrics</Declaration>
			
			
			<Anchor>//api/name/returnItemCollectionMetrics</Anchor>
            <NodeRef refid="211"/>
		</Token>
		
		<Token>
			<TokenIdentifier>//apple_ref/occ/instp/AWSDynamoDBDeleteItemInput/returnItemCollectionMetrics</TokenIdentifier>
			<Abstract type="html">&lt;p&gt;A value that if set to &lt;code&gt;SIZE&lt;/code&gt;, the response includes statistics about item collections, if any, that were modified during the operation are returned in the response. If set to &lt;code&gt;NONE&lt;/code&gt; (the default), no statistics are returned.&lt;/p&gt;</Abstract>
			<DeclaredIn>AWSDynamoDBModel.h</DeclaredIn>
			
			<Declaration>@property (nonatomic, assign) AWSDynamoDBReturnItemCollectionMetrics returnItemCollectionMetrics</Declaration>
			
			
			<Anchor>//api/name/returnItemCollectionMetrics</Anchor>
            <NodeRef refid="211"/>
		</Token>
		
		<Token>
			<TokenIdentifier>//apple_ref/occ/instm/AWSDynamoDBDeleteItemInput/setReturnValues:</TokenIdentifier>
			<Abstract type="html">&lt;p&gt;Use &lt;i&gt;ReturnValues&lt;/i&gt; if you want to get the item attributes as they appeared before they were deleted. For &lt;i&gt;DeleteItem&lt;/i&gt;, the valid values are:&lt;/p&gt;&lt;ul&gt;&lt;li&gt;&lt;p&gt;&lt;code&gt;NONE&lt;/code&gt; - If &lt;i&gt;ReturnValues&lt;/i&gt; is not specified, or if its value is &lt;code&gt;NONE&lt;/code&gt;, then nothing is returned. (This setting is the default for &lt;i&gt;ReturnValues&lt;/i&gt;.)&lt;/p&gt;&lt;/li&gt;&lt;li&gt;&lt;p&gt;&lt;code&gt;ALL_OLD&lt;/code&gt; - The content of the old item is returned.&lt;/p&gt;&lt;/li&gt;&lt;/ul&gt;</Abstract>
			<DeclaredIn>AWSDynamoDBModel.h</DeclaredIn>
			
			<Declaration>@property (nonatomic, assign) AWSDynamoDBReturnValue returnValues</Declaration>
			
			
			<Anchor>//api/name/returnValues</Anchor>
            <NodeRef refid="211"/>
		</Token>
		
		<Token>
			<TokenIdentifier>//apple_ref/occ/instm/AWSDynamoDBDeleteItemInput/returnValues</TokenIdentifier>
			<Abstract type="html">&lt;p&gt;Use &lt;i&gt;ReturnValues&lt;/i&gt; if you want to get the item attributes as they appeared before they were deleted. For &lt;i&gt;DeleteItem&lt;/i&gt;, the valid values are:&lt;/p&gt;&lt;ul&gt;&lt;li&gt;&lt;p&gt;&lt;code&gt;NONE&lt;/code&gt; - If &lt;i&gt;ReturnValues&lt;/i&gt; is not specified, or if its value is &lt;code&gt;NONE&lt;/code&gt;, then nothing is returned. (This setting is the default for &lt;i&gt;ReturnValues&lt;/i&gt;.)&lt;/p&gt;&lt;/li&gt;&lt;li&gt;&lt;p&gt;&lt;code&gt;ALL_OLD&lt;/code&gt; - The content of the old item is returned.&lt;/p&gt;&lt;/li&gt;&lt;/ul&gt;</Abstract>
			<DeclaredIn>AWSDynamoDBModel.h</DeclaredIn>
			
			<Declaration>@property (nonatomic, assign) AWSDynamoDBReturnValue returnValues</Declaration>
			
			
			<Anchor>//api/name/returnValues</Anchor>
            <NodeRef refid="211"/>
		</Token>
		
		<Token>
			<TokenIdentifier>//apple_ref/occ/instp/AWSDynamoDBDeleteItemInput/returnValues</TokenIdentifier>
			<Abstract type="html">&lt;p&gt;Use &lt;i&gt;ReturnValues&lt;/i&gt; if you want to get the item attributes as they appeared before they were deleted. For &lt;i&gt;DeleteItem&lt;/i&gt;, the valid values are:&lt;/p&gt;&lt;ul&gt;&lt;li&gt;&lt;p&gt;&lt;code&gt;NONE&lt;/code&gt; - If &lt;i&gt;ReturnValues&lt;/i&gt; is not specified, or if its value is &lt;code&gt;NONE&lt;/code&gt;, then nothing is returned. (This setting is the default for &lt;i&gt;ReturnValues&lt;/i&gt;.)&lt;/p&gt;&lt;/li&gt;&lt;li&gt;&lt;p&gt;&lt;code&gt;ALL_OLD&lt;/code&gt; - The content of the old item is returned.&lt;/p&gt;&lt;/li&gt;&lt;/ul&gt;</Abstract>
			<DeclaredIn>AWSDynamoDBModel.h</DeclaredIn>
			
			<Declaration>@property (nonatomic, assign) AWSDynamoDBReturnValue returnValues</Declaration>
			
			
			<Anchor>//api/name/returnValues</Anchor>
            <NodeRef refid="211"/>
		</Token>
		
		<Token>
			<TokenIdentifier>//apple_ref/occ/instm/AWSDynamoDBDeleteItemInput/setTableName:</TokenIdentifier>
			<Abstract type="html">&lt;p&gt;The name of the table from which to delete the item.&lt;/p&gt;</Abstract>
			<DeclaredIn>AWSDynamoDBModel.h</DeclaredIn>
			
			<Declaration>@property (nonatomic, strong) NSString *tableName</Declaration>
			
			
			<Anchor>//api/name/tableName</Anchor>
            <NodeRef refid="211"/>
		</Token>
		
		<Token>
			<TokenIdentifier>//apple_ref/occ/instm/AWSDynamoDBDeleteItemInput/tableName</TokenIdentifier>
			<Abstract type="html">&lt;p&gt;The name of the table from which to delete the item.&lt;/p&gt;</Abstract>
			<DeclaredIn>AWSDynamoDBModel.h</DeclaredIn>
			
			<Declaration>@property (nonatomic, strong) NSString *tableName</Declaration>
			
			
			<Anchor>//api/name/tableName</Anchor>
            <NodeRef refid="211"/>
		</Token>
		
		<Token>
			<TokenIdentifier>//apple_ref/occ/instp/AWSDynamoDBDeleteItemInput/tableName</TokenIdentifier>
			<Abstract type="html">&lt;p&gt;The name of the table from which to delete the item.&lt;/p&gt;</Abstract>
			<DeclaredIn>AWSDynamoDBModel.h</DeclaredIn>
			
			<Declaration>@property (nonatomic, strong) NSString *tableName</Declaration>
			
			
			<Anchor>//api/name/tableName</Anchor>
            <NodeRef refid="211"/>
		</Token>
		
        
        
	</File>
</Tokens>