<?xml version="1.0" encoding="UTF-8"?>
<Tokens version="1.0">
	<File path="Classes/AWSEC2DescribeVpcsRequest.html">
		
		<Token>
			<TokenIdentifier>//apple_ref/occ/cl/AWSEC2DescribeVpcsRequest</TokenIdentifier>
			<Abstract type="html"></Abstract>
			<DeclaredIn>AWSEC2Model.h</DeclaredIn>
            
			
			<NodeRef refid="447"/>
		</Token>
		
		
		<Token>
			<TokenIdentifier>//apple_ref/occ/instm/AWSEC2DescribeVpcsRequest/setDryRun:</TokenIdentifier>
			<Abstract type="html"></Abstract>
			<DeclaredIn>AWSEC2Model.h</DeclaredIn>
			
			<Declaration>@property (nonatomic, strong) NSNumber *dryRun</Declaration>
			
			
			<Anchor>//api/name/dryRun</Anchor>
            <NodeRef refid="447"/>
		</Token>
		
		<Token>
			<TokenIdentifier>//apple_ref/occ/instm/AWSEC2DescribeVpcsRequest/dryRun</TokenIdentifier>
			<Abstract type="html"></Abstract>
			<DeclaredIn>AWSEC2Model.h</DeclaredIn>
			
			<Declaration>@property (nonatomic, strong) NSNumber *dryRun</Declaration>
			
			
			<Anchor>//api/name/dryRun</Anchor>
            <NodeRef refid="447"/>
		</Token>
		
		<Token>
			<TokenIdentifier>//apple_ref/occ/instp/AWSEC2DescribeVpcsRequest/dryRun</TokenIdentifier>
			<Abstract type="html"></Abstract>
			<DeclaredIn>AWSEC2Model.h</DeclaredIn>
			
			<Declaration>@property (nonatomic, strong) NSNumber *dryRun</Declaration>
			
			
			<Anchor>//api/name/dryRun</Anchor>
            <NodeRef refid="447"/>
		</Token>
		
		<Token>
			<TokenIdentifier>//apple_ref/occ/instm/AWSEC2DescribeVpcsRequest/setFilters:</TokenIdentifier>
			<Abstract type="html">&lt;p&gt;One or more filters.&lt;/p&gt;&lt;ul&gt;&lt;li&gt;&lt;p&gt;&lt;code&gt;cidr&lt;/code&gt; - The CIDR block of the VPC. The CIDR block you specify must exactly match the VPC&apos;s CIDR block for information to be returned for the VPC. Must contain the slash followed by one or two digits (for example, &lt;code&gt;/28&lt;/code&gt;).&lt;/p&gt;&lt;/li&gt;&lt;li&gt;&lt;p&gt;&lt;code&gt;dhcp-options-id&lt;/code&gt; - The ID of a set of DHCP options.&lt;/p&gt;&lt;/li&gt;&lt;li&gt;&lt;p&gt;&lt;code&gt;isDefault&lt;/code&gt; - Indicates whether the VPC is the default VPC.&lt;/p&gt;&lt;/li&gt;&lt;li&gt;&lt;p&gt;&lt;code&gt;state&lt;/code&gt; - The state of the VPC (&lt;code&gt;pending&lt;/code&gt; | &lt;code&gt;available&lt;/code&gt;).&lt;/p&gt;&lt;/li&gt;&lt;li&gt;&lt;p&gt;&lt;code&gt;tag&lt;/code&gt;:&lt;i&gt;key&lt;/i&gt;=&lt;i&gt;value&lt;/i&gt; - The key/value combination of a tag assigned to the resource.&lt;/p&gt;&lt;/li&gt;&lt;li&gt;&lt;p&gt;&lt;code&gt;tag-key&lt;/code&gt; - The key of a tag assigned to the resource. This filter is independent of the &lt;code&gt;tag-value&lt;/code&gt; filter. For example, if you use both the filter &quot;tag-key=Purpose&quot; and the filter &quot;tag-value=X&quot;, you get any resources assigned both the tag key Purpose (regardless of what the tag&apos;s value is), and the tag value X (regardless of what the tag&apos;s key is). If you want to list only resources where Purpose is X, see the &lt;code&gt;tag&lt;/code&gt;:&lt;i&gt;key&lt;/i&gt;=&lt;i&gt;value&lt;/i&gt; filter.&lt;/p&gt;&lt;/li&gt;&lt;li&gt;&lt;p&gt;&lt;code&gt;tag-value&lt;/code&gt; - The value of a tag assigned to the resource. This filter is independent of the &lt;code&gt;tag-key&lt;/code&gt; filter.&lt;/p&gt;&lt;/li&gt;&lt;li&gt;&lt;p&gt;&lt;code&gt;vpc-id&lt;/code&gt; - The ID of the VPC.&lt;/p&gt;&lt;/li&gt;&lt;/ul&gt;</Abstract>
			<DeclaredIn>AWSEC2Model.h</DeclaredIn>
			
			<Declaration>@property (nonatomic, strong) NSArray *filters</Declaration>
			
			
			<Anchor>//api/name/filters</Anchor>
            <NodeRef refid="447"/>
		</Token>
		
		<Token>
			<TokenIdentifier>//apple_ref/occ/instm/AWSEC2DescribeVpcsRequest/filters</TokenIdentifier>
			<Abstract type="html">&lt;p&gt;One or more filters.&lt;/p&gt;&lt;ul&gt;&lt;li&gt;&lt;p&gt;&lt;code&gt;cidr&lt;/code&gt; - The CIDR block of the VPC. The CIDR block you specify must exactly match the VPC&apos;s CIDR block for information to be returned for the VPC. Must contain the slash followed by one or two digits (for example, &lt;code&gt;/28&lt;/code&gt;).&lt;/p&gt;&lt;/li&gt;&lt;li&gt;&lt;p&gt;&lt;code&gt;dhcp-options-id&lt;/code&gt; - The ID of a set of DHCP options.&lt;/p&gt;&lt;/li&gt;&lt;li&gt;&lt;p&gt;&lt;code&gt;isDefault&lt;/code&gt; - Indicates whether the VPC is the default VPC.&lt;/p&gt;&lt;/li&gt;&lt;li&gt;&lt;p&gt;&lt;code&gt;state&lt;/code&gt; - The state of the VPC (&lt;code&gt;pending&lt;/code&gt; | &lt;code&gt;available&lt;/code&gt;).&lt;/p&gt;&lt;/li&gt;&lt;li&gt;&lt;p&gt;&lt;code&gt;tag&lt;/code&gt;:&lt;i&gt;key&lt;/i&gt;=&lt;i&gt;value&lt;/i&gt; - The key/value combination of a tag assigned to the resource.&lt;/p&gt;&lt;/li&gt;&lt;li&gt;&lt;p&gt;&lt;code&gt;tag-key&lt;/code&gt; - The key of a tag assigned to the resource. This filter is independent of the &lt;code&gt;tag-value&lt;/code&gt; filter. For example, if you use both the filter &quot;tag-key=Purpose&quot; and the filter &quot;tag-value=X&quot;, you get any resources assigned both the tag key Purpose (regardless of what the tag&apos;s value is), and the tag value X (regardless of what the tag&apos;s key is). If you want to list only resources where Purpose is X, see the &lt;code&gt;tag&lt;/code&gt;:&lt;i&gt;key&lt;/i&gt;=&lt;i&gt;value&lt;/i&gt; filter.&lt;/p&gt;&lt;/li&gt;&lt;li&gt;&lt;p&gt;&lt;code&gt;tag-value&lt;/code&gt; - The value of a tag assigned to the resource. This filter is independent of the &lt;code&gt;tag-key&lt;/code&gt; filter.&lt;/p&gt;&lt;/li&gt;&lt;li&gt;&lt;p&gt;&lt;code&gt;vpc-id&lt;/code&gt; - The ID of the VPC.&lt;/p&gt;&lt;/li&gt;&lt;/ul&gt;</Abstract>
			<DeclaredIn>AWSEC2Model.h</DeclaredIn>
			
			<Declaration>@property (nonatomic, strong) NSArray *filters</Declaration>
			
			
			<Anchor>//api/name/filters</Anchor>
            <NodeRef refid="447"/>
		</Token>
		
		<Token>
			<TokenIdentifier>//apple_ref/occ/instp/AWSEC2DescribeVpcsRequest/filters</TokenIdentifier>
			<Abstract type="html">&lt;p&gt;One or more filters.&lt;/p&gt;&lt;ul&gt;&lt;li&gt;&lt;p&gt;&lt;code&gt;cidr&lt;/code&gt; - The CIDR block of the VPC. The CIDR block you specify must exactly match the VPC&apos;s CIDR block for information to be returned for the VPC. Must contain the slash followed by one or two digits (for example, &lt;code&gt;/28&lt;/code&gt;).&lt;/p&gt;&lt;/li&gt;&lt;li&gt;&lt;p&gt;&lt;code&gt;dhcp-options-id&lt;/code&gt; - The ID of a set of DHCP options.&lt;/p&gt;&lt;/li&gt;&lt;li&gt;&lt;p&gt;&lt;code&gt;isDefault&lt;/code&gt; - Indicates whether the VPC is the default VPC.&lt;/p&gt;&lt;/li&gt;&lt;li&gt;&lt;p&gt;&lt;code&gt;state&lt;/code&gt; - The state of the VPC (&lt;code&gt;pending&lt;/code&gt; | &lt;code&gt;available&lt;/code&gt;).&lt;/p&gt;&lt;/li&gt;&lt;li&gt;&lt;p&gt;&lt;code&gt;tag&lt;/code&gt;:&lt;i&gt;key&lt;/i&gt;=&lt;i&gt;value&lt;/i&gt; - The key/value combination of a tag assigned to the resource.&lt;/p&gt;&lt;/li&gt;&lt;li&gt;&lt;p&gt;&lt;code&gt;tag-key&lt;/code&gt; - The key of a tag assigned to the resource. This filter is independent of the &lt;code&gt;tag-value&lt;/code&gt; filter. For example, if you use both the filter &quot;tag-key=Purpose&quot; and the filter &quot;tag-value=X&quot;, you get any resources assigned both the tag key Purpose (regardless of what the tag&apos;s value is), and the tag value X (regardless of what the tag&apos;s key is). If you want to list only resources where Purpose is X, see the &lt;code&gt;tag&lt;/code&gt;:&lt;i&gt;key&lt;/i&gt;=&lt;i&gt;value&lt;/i&gt; filter.&lt;/p&gt;&lt;/li&gt;&lt;li&gt;&lt;p&gt;&lt;code&gt;tag-value&lt;/code&gt; - The value of a tag assigned to the resource. This filter is independent of the &lt;code&gt;tag-key&lt;/code&gt; filter.&lt;/p&gt;&lt;/li&gt;&lt;li&gt;&lt;p&gt;&lt;code&gt;vpc-id&lt;/code&gt; - The ID of the VPC.&lt;/p&gt;&lt;/li&gt;&lt;/ul&gt;</Abstract>
			<DeclaredIn>AWSEC2Model.h</DeclaredIn>
			
			<Declaration>@property (nonatomic, strong) NSArray *filters</Declaration>
			
			
			<Anchor>//api/name/filters</Anchor>
            <NodeRef refid="447"/>
		</Token>
		
		<Token>
			<TokenIdentifier>//apple_ref/occ/instm/AWSEC2DescribeVpcsRequest/setVpcIds:</TokenIdentifier>
			<Abstract type="html">&lt;p&gt;One or more VPC IDs.&lt;/p&gt;&lt;p&gt;Default: Describes all your VPCs.&lt;/p&gt;</Abstract>
			<DeclaredIn>AWSEC2Model.h</DeclaredIn>
			
			<Declaration>@property (nonatomic, strong) NSArray *vpcIds</Declaration>
			
			
			<Anchor>//api/name/vpcIds</Anchor>
            <NodeRef refid="447"/>
		</Token>
		
		<Token>
			<TokenIdentifier>//apple_ref/occ/instm/AWSEC2DescribeVpcsRequest/vpcIds</TokenIdentifier>
			<Abstract type="html">&lt;p&gt;One or more VPC IDs.&lt;/p&gt;&lt;p&gt;Default: Describes all your VPCs.&lt;/p&gt;</Abstract>
			<DeclaredIn>AWSEC2Model.h</DeclaredIn>
			
			<Declaration>@property (nonatomic, strong) NSArray *vpcIds</Declaration>
			
			
			<Anchor>//api/name/vpcIds</Anchor>
            <NodeRef refid="447"/>
		</Token>
		
		<Token>
			<TokenIdentifier>//apple_ref/occ/instp/AWSEC2DescribeVpcsRequest/vpcIds</TokenIdentifier>
			<Abstract type="html">&lt;p&gt;One or more VPC IDs.&lt;/p&gt;&lt;p&gt;Default: Describes all your VPCs.&lt;/p&gt;</Abstract>
			<DeclaredIn>AWSEC2Model.h</DeclaredIn>
			
			<Declaration>@property (nonatomic, strong) NSArray *vpcIds</Declaration>
			
			
			<Anchor>//api/name/vpcIds</Anchor>
            <NodeRef refid="447"/>
		</Token>
		
        
        
	</File>
</Tokens>