<?xml version="1.0" encoding="UTF-8"?>
<Tokens version="1.0">
	<File path="Classes/AWSS3ReplicatePartResult.html">
		
		<Token>
			<TokenIdentifier>//apple_ref/occ/cl/AWSS3ReplicatePartResult</TokenIdentifier>
			<Abstract type="html"></Abstract>
			<DeclaredIn>AWSS3Model.h</DeclaredIn>
            
			
			<NodeRef refid="920"/>
		</Token>
		
		
		<Token>
			<TokenIdentifier>//apple_ref/occ/instm/AWSS3ReplicatePartResult/setETag:</TokenIdentifier>
			<Abstract type="html">Entity tag of the object.</Abstract>
			<DeclaredIn>AWSS3Model.h</DeclaredIn>
			
			<Declaration>@property (nonatomic, strong) NSString *ETag</Declaration>
			
			
			<Anchor>//api/name/ETag</Anchor>
            <NodeRef refid="920"/>
		</Token>
		
		<Token>
			<TokenIdentifier>//apple_ref/occ/instm/AWSS3ReplicatePartResult/ETag</TokenIdentifier>
			<Abstract type="html">Entity tag of the object.</Abstract>
			<DeclaredIn>AWSS3Model.h</DeclaredIn>
			
			<Declaration>@property (nonatomic, strong) NSString *ETag</Declaration>
			
			
			<Anchor>//api/name/ETag</Anchor>
            <NodeRef refid="920"/>
		</Token>
		
		<Token>
			<TokenIdentifier>//apple_ref/occ/instp/AWSS3ReplicatePartResult/ETag</TokenIdentifier>
			<Abstract type="html">Entity tag of the object.</Abstract>
			<DeclaredIn>AWSS3Model.h</DeclaredIn>
			
			<Declaration>@property (nonatomic, strong) NSString *ETag</Declaration>
			
			
			<Anchor>//api/name/ETag</Anchor>
            <NodeRef refid="920"/>
		</Token>
		
		<Token>
			<TokenIdentifier>//apple_ref/occ/instm/AWSS3ReplicatePartResult/setLastModified:</TokenIdentifier>
			<Abstract type="html">Date and time at which the object was uploaded.</Abstract>
			<DeclaredIn>AWSS3Model.h</DeclaredIn>
			
			<Declaration>@property (nonatomic, strong) NSDate *lastModified</Declaration>
			
			
			<Anchor>//api/name/lastModified</Anchor>
            <NodeRef refid="920"/>
		</Token>
		
		<Token>
			<TokenIdentifier>//apple_ref/occ/instm/AWSS3ReplicatePartResult/lastModified</TokenIdentifier>
			<Abstract type="html">Date and time at which the object was uploaded.</Abstract>
			<DeclaredIn>AWSS3Model.h</DeclaredIn>
			
			<Declaration>@property (nonatomic, strong) NSDate *lastModified</Declaration>
			
			
			<Anchor>//api/name/lastModified</Anchor>
            <NodeRef refid="920"/>
		</Token>
		
		<Token>
			<TokenIdentifier>//apple_ref/occ/instp/AWSS3ReplicatePartResult/lastModified</TokenIdentifier>
			<Abstract type="html">Date and time at which the object was uploaded.</Abstract>
			<DeclaredIn>AWSS3Model.h</DeclaredIn>
			
			<Declaration>@property (nonatomic, strong) NSDate *lastModified</Declaration>
			
			
			<Anchor>//api/name/lastModified</Anchor>
            <NodeRef refid="920"/>
		</Token>
		
        
        
	</File>
</Tokens>