<?xml version="1.0" encoding="UTF-8"?>
<Tokens version="1.0">
	<File path="Classes/AWSEC2AccountAttributeValue.html">
		
		<Token>
			<TokenIdentifier>//apple_ref/occ/cl/AWSEC2AccountAttributeValue</TokenIdentifier>
			<Abstract type="html">&lt;p&gt;Describes a value of an account attribute.&lt;/p&gt;</Abstract>
			<DeclaredIn>AWSEC2Model.h</DeclaredIn>
            
			
			<NodeRef refid="260"/>
		</Token>
		
		
		<Token>
			<TokenIdentifier>//apple_ref/occ/instm/AWSEC2AccountAttributeValue/setAttributeValue:</TokenIdentifier>
			<Abstract type="html">&lt;p&gt;The value of the attribute.&lt;/p&gt;</Abstract>
			<DeclaredIn>AWSEC2Model.h</DeclaredIn>
			
			<Declaration>@property (nonatomic, strong) NSString *attributeValue</Declaration>
			
			
			<Anchor>//api/name/attributeValue</Anchor>
            <NodeRef refid="260"/>
		</Token>
		
		<Token>
			<TokenIdentifier>//apple_ref/occ/instm/AWSEC2AccountAttributeValue/attributeValue</TokenIdentifier>
			<Abstract type="html">&lt;p&gt;The value of the attribute.&lt;/p&gt;</Abstract>
			<DeclaredIn>AWSEC2Model.h</DeclaredIn>
			
			<Declaration>@property (nonatomic, strong) NSString *attributeValue</Declaration>
			
			
			<Anchor>//api/name/attributeValue</Anchor>
            <NodeRef refid="260"/>
		</Token>
		
		<Token>
			<TokenIdentifier>//apple_ref/occ/instp/AWSEC2AccountAttributeValue/attributeValue</TokenIdentifier>
			<Abstract type="html">&lt;p&gt;The value of the attribute.&lt;/p&gt;</Abstract>
			<DeclaredIn>AWSEC2Model.h</DeclaredIn>
			
			<Declaration>@property (nonatomic, strong) NSString *attributeValue</Declaration>
			
			
			<Anchor>//api/name/attributeValue</Anchor>
            <NodeRef refid="260"/>
		</Token>
		
        
        
	</File>
</Tokens>