<?xml version="1.0" encoding="UTF-8"?>
<Tokens version="1.0">
	<File path="Classes/AWSKinesisCreateStreamInput.html">
		
		<Token>
			<TokenIdentifier>//apple_ref/occ/cl/AWSKinesisCreateStreamInput</TokenIdentifier>
			<Abstract type="html">&lt;p&gt;Represents the input for &lt;code&gt;CreateStream&lt;/code&gt;.&lt;/p&gt;
Required parameters: [StreamName, ShardCount]</Abstract>
			<DeclaredIn>AWSKinesisModel.h</DeclaredIn>
            
			
			<NodeRef refid="731"/>
		</Token>
		
		
		<Token>
			<TokenIdentifier>//apple_ref/occ/instm/AWSKinesisCreateStreamInput/setShardCount:</TokenIdentifier>
			<Abstract type="html">&lt;p&gt;The number of shards that the stream will use. The throughput of the stream is a function of the number of shards; more shards are required for greater provisioned throughput.&lt;/p&gt;&lt;p&gt;&lt;b&gt;Note:&lt;/b&gt; The default limit for an AWS account is 10 shards per stream. If you need to create a stream with more than 10 shards, contact AWS Support to increase the limit on your account.&lt;/p&gt;</Abstract>
			<DeclaredIn>AWSKinesisModel.h</DeclaredIn>
			
			<Declaration>@property (nonatomic, strong) NSNumber *shardCount</Declaration>
			
			
			<Anchor>//api/name/shardCount</Anchor>
            <NodeRef refid="731"/>
		</Token>
		
		<Token>
			<TokenIdentifier>//apple_ref/occ/instm/AWSKinesisCreateStreamInput/shardCount</TokenIdentifier>
			<Abstract type="html">&lt;p&gt;The number of shards that the stream will use. The throughput of the stream is a function of the number of shards; more shards are required for greater provisioned throughput.&lt;/p&gt;&lt;p&gt;&lt;b&gt;Note:&lt;/b&gt; The default limit for an AWS account is 10 shards per stream. If you need to create a stream with more than 10 shards, contact AWS Support to increase the limit on your account.&lt;/p&gt;</Abstract>
			<DeclaredIn>AWSKinesisModel.h</DeclaredIn>
			
			<Declaration>@property (nonatomic, strong) NSNumber *shardCount</Declaration>
			
			
			<Anchor>//api/name/shardCount</Anchor>
            <NodeRef refid="731"/>
		</Token>
		
		<Token>
			<TokenIdentifier>//apple_ref/occ/instp/AWSKinesisCreateStreamInput/shardCount</TokenIdentifier>
			<Abstract type="html">&lt;p&gt;The number of shards that the stream will use. The throughput of the stream is a function of the number of shards; more shards are required for greater provisioned throughput.&lt;/p&gt;&lt;p&gt;&lt;b&gt;Note:&lt;/b&gt; The default limit for an AWS account is 10 shards per stream. If you need to create a stream with more than 10 shards, contact AWS Support to increase the limit on your account.&lt;/p&gt;</Abstract>
			<DeclaredIn>AWSKinesisModel.h</DeclaredIn>
			
			<Declaration>@property (nonatomic, strong) NSNumber *shardCount</Declaration>
			
			
			<Anchor>//api/name/shardCount</Anchor>
            <NodeRef refid="731"/>
		</Token>
		
		<Token>
			<TokenIdentifier>//apple_ref/occ/instm/AWSKinesisCreateStreamInput/setStreamName:</TokenIdentifier>
			<Abstract type="html">&lt;p&gt;A name to identify the stream. The stream name is scoped to the AWS account used by the application that creates the stream. It is also scoped by region. That is, two streams in two different AWS accounts can have the same name, and two streams in the same AWS account, but in two different regions, can have the same name.&lt;/p&gt;</Abstract>
			<DeclaredIn>AWSKinesisModel.h</DeclaredIn>
			
			<Declaration>@property (nonatomic, strong) NSString *streamName</Declaration>
			
			
			<Anchor>//api/name/streamName</Anchor>
            <NodeRef refid="731"/>
		</Token>
		
		<Token>
			<TokenIdentifier>//apple_ref/occ/instm/AWSKinesisCreateStreamInput/streamName</TokenIdentifier>
			<Abstract type="html">&lt;p&gt;A name to identify the stream. The stream name is scoped to the AWS account used by the application that creates the stream. It is also scoped by region. That is, two streams in two different AWS accounts can have the same name, and two streams in the same AWS account, but in two different regions, can have the same name.&lt;/p&gt;</Abstract>
			<DeclaredIn>AWSKinesisModel.h</DeclaredIn>
			
			<Declaration>@property (nonatomic, strong) NSString *streamName</Declaration>
			
			
			<Anchor>//api/name/streamName</Anchor>
            <NodeRef refid="731"/>
		</Token>
		
		<Token>
			<TokenIdentifier>//apple_ref/occ/instp/AWSKinesisCreateStreamInput/streamName</TokenIdentifier>
			<Abstract type="html">&lt;p&gt;A name to identify the stream. The stream name is scoped to the AWS account used by the application that creates the stream. It is also scoped by region. That is, two streams in two different AWS accounts can have the same name, and two streams in the same AWS account, but in two different regions, can have the same name.&lt;/p&gt;</Abstract>
			<DeclaredIn>AWSKinesisModel.h</DeclaredIn>
			
			<Declaration>@property (nonatomic, strong) NSString *streamName</Declaration>
			
			
			<Anchor>//api/name/streamName</Anchor>
            <NodeRef refid="731"/>
		</Token>
		
        
        
	</File>
</Tokens>