<?xml version="1.0" encoding="UTF-8"?>
<Tokens version="1.0">
	<File path="Classes/AWSKinesisPutRecordOutput.html">
		
		<Token>
			<TokenIdentifier>//apple_ref/occ/cl/AWSKinesisPutRecordOutput</TokenIdentifier>
			<Abstract type="html">&lt;p&gt;Represents the output for &lt;code&gt;PutRecord&lt;/code&gt;.&lt;/p&gt;
Required parameters: [ShardId, SequenceNumber]</Abstract>
			<DeclaredIn>AWSKinesisModel.h</DeclaredIn>
            
			
			<NodeRef refid="746"/>
		</Token>
		
		
		<Token>
			<TokenIdentifier>//apple_ref/occ/instm/AWSKinesisPutRecordOutput/setSequenceNumber:</TokenIdentifier>
			<Abstract type="html">&lt;p&gt;The sequence number identifier that was assigned to the put data record. The sequence number for the record is unique across all records in the stream. A sequence number is the identifier associated with every record put into the stream.&lt;/p&gt;</Abstract>
			<DeclaredIn>AWSKinesisModel.h</DeclaredIn>
			
			<Declaration>@property (nonatomic, strong) NSString *sequenceNumber</Declaration>
			
			
			<Anchor>//api/name/sequenceNumber</Anchor>
            <NodeRef refid="746"/>
		</Token>
		
		<Token>
			<TokenIdentifier>//apple_ref/occ/instm/AWSKinesisPutRecordOutput/sequenceNumber</TokenIdentifier>
			<Abstract type="html">&lt;p&gt;The sequence number identifier that was assigned to the put data record. The sequence number for the record is unique across all records in the stream. A sequence number is the identifier associated with every record put into the stream.&lt;/p&gt;</Abstract>
			<DeclaredIn>AWSKinesisModel.h</DeclaredIn>
			
			<Declaration>@property (nonatomic, strong) NSString *sequenceNumber</Declaration>
			
			
			<Anchor>//api/name/sequenceNumber</Anchor>
            <NodeRef refid="746"/>
		</Token>
		
		<Token>
			<TokenIdentifier>//apple_ref/occ/instp/AWSKinesisPutRecordOutput/sequenceNumber</TokenIdentifier>
			<Abstract type="html">&lt;p&gt;The sequence number identifier that was assigned to the put data record. The sequence number for the record is unique across all records in the stream. A sequence number is the identifier associated with every record put into the stream.&lt;/p&gt;</Abstract>
			<DeclaredIn>AWSKinesisModel.h</DeclaredIn>
			
			<Declaration>@property (nonatomic, strong) NSString *sequenceNumber</Declaration>
			
			
			<Anchor>//api/name/sequenceNumber</Anchor>
            <NodeRef refid="746"/>
		</Token>
		
		<Token>
			<TokenIdentifier>//apple_ref/occ/instm/AWSKinesisPutRecordOutput/setShardId:</TokenIdentifier>
			<Abstract type="html">&lt;p&gt;The shard ID of the shard where the data record was placed.&lt;/p&gt;</Abstract>
			<DeclaredIn>AWSKinesisModel.h</DeclaredIn>
			
			<Declaration>@property (nonatomic, strong) NSString *shardId</Declaration>
			
			
			<Anchor>//api/name/shardId</Anchor>
            <NodeRef refid="746"/>
		</Token>
		
		<Token>
			<TokenIdentifier>//apple_ref/occ/instm/AWSKinesisPutRecordOutput/shardId</TokenIdentifier>
			<Abstract type="html">&lt;p&gt;The shard ID of the shard where the data record was placed.&lt;/p&gt;</Abstract>
			<DeclaredIn>AWSKinesisModel.h</DeclaredIn>
			
			<Declaration>@property (nonatomic, strong) NSString *shardId</Declaration>
			
			
			<Anchor>//api/name/shardId</Anchor>
            <NodeRef refid="746"/>
		</Token>
		
		<Token>
			<TokenIdentifier>//apple_ref/occ/instp/AWSKinesisPutRecordOutput/shardId</TokenIdentifier>
			<Abstract type="html">&lt;p&gt;The shard ID of the shard where the data record was placed.&lt;/p&gt;</Abstract>
			<DeclaredIn>AWSKinesisModel.h</DeclaredIn>
			
			<Declaration>@property (nonatomic, strong) NSString *shardId</Declaration>
			
			
			<Anchor>//api/name/shardId</Anchor>
            <NodeRef refid="746"/>
		</Token>
		
        
        
	</File>
</Tokens>