<?xml version="1.0" encoding="UTF-8"?>
<Tokens version="1.0">
	<File path="Classes/AWSDynamoDBProjection.html">
		
		<Token>
			<TokenIdentifier>//apple_ref/occ/cl/AWSDynamoDBProjection</TokenIdentifier>
			<Abstract type="html">&lt;p&gt;Represents attributes that are copied (projected) from the table into an index. These are in addition to the primary key attributes and index key attributes, which are automatically projected.&lt;/p&gt;</Abstract>
			<DeclaredIn>AWSDynamoDBModel.h</DeclaredIn>
            
			
			<NodeRef refid="236"/>
		</Token>
		
		
		<Token>
			<TokenIdentifier>//apple_ref/occ/instm/AWSDynamoDBProjection/setNonKeyAttributes:</TokenIdentifier>
			<Abstract type="html">&lt;p&gt;Represents the non-key attribute names which will be projected into the index.&lt;/p&gt;&lt;p&gt;For local secondary indexes, the total count of &lt;i&gt;NonKeyAttributes&lt;/i&gt; summed across all of the local secondary indexes, must not exceed 20. If you project the same attribute into two different indexes, this counts as two distinct attributes when determining the total.&lt;/p&gt;</Abstract>
			<DeclaredIn>AWSDynamoDBModel.h</DeclaredIn>
			
			<Declaration>@property (nonatomic, strong) NSArray *nonKeyAttributes</Declaration>
			
			
			<Anchor>//api/name/nonKeyAttributes</Anchor>
            <NodeRef refid="236"/>
		</Token>
		
		<Token>
			<TokenIdentifier>//apple_ref/occ/instm/AWSDynamoDBProjection/nonKeyAttributes</TokenIdentifier>
			<Abstract type="html">&lt;p&gt;Represents the non-key attribute names which will be projected into the index.&lt;/p&gt;&lt;p&gt;For local secondary indexes, the total count of &lt;i&gt;NonKeyAttributes&lt;/i&gt; summed across all of the local secondary indexes, must not exceed 20. If you project the same attribute into two different indexes, this counts as two distinct attributes when determining the total.&lt;/p&gt;</Abstract>
			<DeclaredIn>AWSDynamoDBModel.h</DeclaredIn>
			
			<Declaration>@property (nonatomic, strong) NSArray *nonKeyAttributes</Declaration>
			
			
			<Anchor>//api/name/nonKeyAttributes</Anchor>
            <NodeRef refid="236"/>
		</Token>
		
		<Token>
			<TokenIdentifier>//apple_ref/occ/instp/AWSDynamoDBProjection/nonKeyAttributes</TokenIdentifier>
			<Abstract type="html">&lt;p&gt;Represents the non-key attribute names which will be projected into the index.&lt;/p&gt;&lt;p&gt;For local secondary indexes, the total count of &lt;i&gt;NonKeyAttributes&lt;/i&gt; summed across all of the local secondary indexes, must not exceed 20. If you project the same attribute into two different indexes, this counts as two distinct attributes when determining the total.&lt;/p&gt;</Abstract>
			<DeclaredIn>AWSDynamoDBModel.h</DeclaredIn>
			
			<Declaration>@property (nonatomic, strong) NSArray *nonKeyAttributes</Declaration>
			
			
			<Anchor>//api/name/nonKeyAttributes</Anchor>
            <NodeRef refid="236"/>
		</Token>
		
		<Token>
			<TokenIdentifier>//apple_ref/occ/instm/AWSDynamoDBProjection/setProjectionType:</TokenIdentifier>
			<Abstract type="html">&lt;p&gt;The set of attributes that are projected into the index:&lt;/p&gt;&lt;ul&gt;&lt;li&gt;&lt;p&gt;&lt;code&gt;KEYS_ONLY&lt;/code&gt; - Only the index and primary keys are projected into the index.&lt;/p&gt;&lt;/li&gt;&lt;li&gt;&lt;p&gt;&lt;code&gt;INCLUDE&lt;/code&gt; - Only the specified table attributes are projected into the index. The list of projected attributes are in &lt;i&gt;NonKeyAttributes&lt;/i&gt;.&lt;/p&gt;&lt;/li&gt;&lt;li&gt;&lt;p&gt;&lt;code&gt;ALL&lt;/code&gt; - All of the table attributes are projected into the index.&lt;/p&gt;&lt;/li&gt;&lt;/ul&gt;</Abstract>
			<DeclaredIn>AWSDynamoDBModel.h</DeclaredIn>
			
			<Declaration>@property (nonatomic, assign) AWSDynamoDBProjectionType projectionType</Declaration>
			
			
			<Anchor>//api/name/projectionType</Anchor>
            <NodeRef refid="236"/>
		</Token>
		
		<Token>
			<TokenIdentifier>//apple_ref/occ/instm/AWSDynamoDBProjection/projectionType</TokenIdentifier>
			<Abstract type="html">&lt;p&gt;The set of attributes that are projected into the index:&lt;/p&gt;&lt;ul&gt;&lt;li&gt;&lt;p&gt;&lt;code&gt;KEYS_ONLY&lt;/code&gt; - Only the index and primary keys are projected into the index.&lt;/p&gt;&lt;/li&gt;&lt;li&gt;&lt;p&gt;&lt;code&gt;INCLUDE&lt;/code&gt; - Only the specified table attributes are projected into the index. The list of projected attributes are in &lt;i&gt;NonKeyAttributes&lt;/i&gt;.&lt;/p&gt;&lt;/li&gt;&lt;li&gt;&lt;p&gt;&lt;code&gt;ALL&lt;/code&gt; - All of the table attributes are projected into the index.&lt;/p&gt;&lt;/li&gt;&lt;/ul&gt;</Abstract>
			<DeclaredIn>AWSDynamoDBModel.h</DeclaredIn>
			
			<Declaration>@property (nonatomic, assign) AWSDynamoDBProjectionType projectionType</Declaration>
			
			
			<Anchor>//api/name/projectionType</Anchor>
            <NodeRef refid="236"/>
		</Token>
		
		<Token>
			<TokenIdentifier>//apple_ref/occ/instp/AWSDynamoDBProjection/projectionType</TokenIdentifier>
			<Abstract type="html">&lt;p&gt;The set of attributes that are projected into the index:&lt;/p&gt;&lt;ul&gt;&lt;li&gt;&lt;p&gt;&lt;code&gt;KEYS_ONLY&lt;/code&gt; - Only the index and primary keys are projected into the index.&lt;/p&gt;&lt;/li&gt;&lt;li&gt;&lt;p&gt;&lt;code&gt;INCLUDE&lt;/code&gt; - Only the specified table attributes are projected into the index. The list of projected attributes are in &lt;i&gt;NonKeyAttributes&lt;/i&gt;.&lt;/p&gt;&lt;/li&gt;&lt;li&gt;&lt;p&gt;&lt;code&gt;ALL&lt;/code&gt; - All of the table attributes are projected into the index.&lt;/p&gt;&lt;/li&gt;&lt;/ul&gt;</Abstract>
			<DeclaredIn>AWSDynamoDBModel.h</DeclaredIn>
			
			<Declaration>@property (nonatomic, assign) AWSDynamoDBProjectionType projectionType</Declaration>
			
			
			<Anchor>//api/name/projectionType</Anchor>
            <NodeRef refid="236"/>
		</Token>
		
        
        
	</File>
</Tokens>