<?xml version="1.0" encoding="UTF-8"?>
<Tokens version="1.0">
	<File path="Classes/AWSDynamoDBLocalSecondaryIndexDescription.html">
		
		<Token>
			<TokenIdentifier>//apple_ref/occ/cl/AWSDynamoDBLocalSecondaryIndexDescription</TokenIdentifier>
			<Abstract type="html">&lt;p&gt;Represents the properties of a local secondary index.&lt;/p&gt;</Abstract>
			<DeclaredIn>AWSDynamoDBModel.h</DeclaredIn>
            
			
			<NodeRef refid="230"/>
		</Token>
		
		
		<Token>
			<TokenIdentifier>//apple_ref/occ/instm/AWSDynamoDBLocalSecondaryIndexDescription/setIndexArn:</TokenIdentifier>
			<Abstract type="html"></Abstract>
			<DeclaredIn>AWSDynamoDBModel.h</DeclaredIn>
			
			<Declaration>@property (nonatomic, strong) NSString *indexArn</Declaration>
			
			
			<Anchor>//api/name/indexArn</Anchor>
            <NodeRef refid="230"/>
		</Token>
		
		<Token>
			<TokenIdentifier>//apple_ref/occ/instm/AWSDynamoDBLocalSecondaryIndexDescription/indexArn</TokenIdentifier>
			<Abstract type="html"></Abstract>
			<DeclaredIn>AWSDynamoDBModel.h</DeclaredIn>
			
			<Declaration>@property (nonatomic, strong) NSString *indexArn</Declaration>
			
			
			<Anchor>//api/name/indexArn</Anchor>
            <NodeRef refid="230"/>
		</Token>
		
		<Token>
			<TokenIdentifier>//apple_ref/occ/instp/AWSDynamoDBLocalSecondaryIndexDescription/indexArn</TokenIdentifier>
			<Abstract type="html"></Abstract>
			<DeclaredIn>AWSDynamoDBModel.h</DeclaredIn>
			
			<Declaration>@property (nonatomic, strong) NSString *indexArn</Declaration>
			
			
			<Anchor>//api/name/indexArn</Anchor>
            <NodeRef refid="230"/>
		</Token>
		
		<Token>
			<TokenIdentifier>//apple_ref/occ/instm/AWSDynamoDBLocalSecondaryIndexDescription/setIndexName:</TokenIdentifier>
			<Abstract type="html">&lt;p&gt;Represents the name of the local secondary index.&lt;/p&gt;</Abstract>
			<DeclaredIn>AWSDynamoDBModel.h</DeclaredIn>
			
			<Declaration>@property (nonatomic, strong) NSString *indexName</Declaration>
			
			
			<Anchor>//api/name/indexName</Anchor>
            <NodeRef refid="230"/>
		</Token>
		
		<Token>
			<TokenIdentifier>//apple_ref/occ/instm/AWSDynamoDBLocalSecondaryIndexDescription/indexName</TokenIdentifier>
			<Abstract type="html">&lt;p&gt;Represents the name of the local secondary index.&lt;/p&gt;</Abstract>
			<DeclaredIn>AWSDynamoDBModel.h</DeclaredIn>
			
			<Declaration>@property (nonatomic, strong) NSString *indexName</Declaration>
			
			
			<Anchor>//api/name/indexName</Anchor>
            <NodeRef refid="230"/>
		</Token>
		
		<Token>
			<TokenIdentifier>//apple_ref/occ/instp/AWSDynamoDBLocalSecondaryIndexDescription/indexName</TokenIdentifier>
			<Abstract type="html">&lt;p&gt;Represents the name of the local secondary index.&lt;/p&gt;</Abstract>
			<DeclaredIn>AWSDynamoDBModel.h</DeclaredIn>
			
			<Declaration>@property (nonatomic, strong) NSString *indexName</Declaration>
			
			
			<Anchor>//api/name/indexName</Anchor>
            <NodeRef refid="230"/>
		</Token>
		
		<Token>
			<TokenIdentifier>//apple_ref/occ/instm/AWSDynamoDBLocalSecondaryIndexDescription/setIndexSizeBytes:</TokenIdentifier>
			<Abstract type="html">&lt;p&gt;The total size of the specified index, in bytes. DynamoDB updates this value approximately every six hours. Recent changes might not be reflected in this value. &lt;/p&gt;</Abstract>
			<DeclaredIn>AWSDynamoDBModel.h</DeclaredIn>
			
			<Declaration>@property (nonatomic, strong) NSNumber *indexSizeBytes</Declaration>
			
			
			<Anchor>//api/name/indexSizeBytes</Anchor>
            <NodeRef refid="230"/>
		</Token>
		
		<Token>
			<TokenIdentifier>//apple_ref/occ/instm/AWSDynamoDBLocalSecondaryIndexDescription/indexSizeBytes</TokenIdentifier>
			<Abstract type="html">&lt;p&gt;The total size of the specified index, in bytes. DynamoDB updates this value approximately every six hours. Recent changes might not be reflected in this value. &lt;/p&gt;</Abstract>
			<DeclaredIn>AWSDynamoDBModel.h</DeclaredIn>
			
			<Declaration>@property (nonatomic, strong) NSNumber *indexSizeBytes</Declaration>
			
			
			<Anchor>//api/name/indexSizeBytes</Anchor>
            <NodeRef refid="230"/>
		</Token>
		
		<Token>
			<TokenIdentifier>//apple_ref/occ/instp/AWSDynamoDBLocalSecondaryIndexDescription/indexSizeBytes</TokenIdentifier>
			<Abstract type="html">&lt;p&gt;The total size of the specified index, in bytes. DynamoDB updates this value approximately every six hours. Recent changes might not be reflected in this value. &lt;/p&gt;</Abstract>
			<DeclaredIn>AWSDynamoDBModel.h</DeclaredIn>
			
			<Declaration>@property (nonatomic, strong) NSNumber *indexSizeBytes</Declaration>
			
			
			<Anchor>//api/name/indexSizeBytes</Anchor>
            <NodeRef refid="230"/>
		</Token>
		
		<Token>
			<TokenIdentifier>//apple_ref/occ/instm/AWSDynamoDBLocalSecondaryIndexDescription/setItemCount:</TokenIdentifier>
			<Abstract type="html">&lt;p&gt;The number of items in the specified index. DynamoDB updates this value approximately every six hours. Recent changes might not be reflected in this value. &lt;/p&gt;</Abstract>
			<DeclaredIn>AWSDynamoDBModel.h</DeclaredIn>
			
			<Declaration>@property (nonatomic, strong) NSNumber *itemCount</Declaration>
			
			
			<Anchor>//api/name/itemCount</Anchor>
            <NodeRef refid="230"/>
		</Token>
		
		<Token>
			<TokenIdentifier>//apple_ref/occ/instm/AWSDynamoDBLocalSecondaryIndexDescription/itemCount</TokenIdentifier>
			<Abstract type="html">&lt;p&gt;The number of items in the specified index. DynamoDB updates this value approximately every six hours. Recent changes might not be reflected in this value. &lt;/p&gt;</Abstract>
			<DeclaredIn>AWSDynamoDBModel.h</DeclaredIn>
			
			<Declaration>@property (nonatomic, strong) NSNumber *itemCount</Declaration>
			
			
			<Anchor>//api/name/itemCount</Anchor>
            <NodeRef refid="230"/>
		</Token>
		
		<Token>
			<TokenIdentifier>//apple_ref/occ/instp/AWSDynamoDBLocalSecondaryIndexDescription/itemCount</TokenIdentifier>
			<Abstract type="html">&lt;p&gt;The number of items in the specified index. DynamoDB updates this value approximately every six hours. Recent changes might not be reflected in this value. &lt;/p&gt;</Abstract>
			<DeclaredIn>AWSDynamoDBModel.h</DeclaredIn>
			
			<Declaration>@property (nonatomic, strong) NSNumber *itemCount</Declaration>
			
			
			<Anchor>//api/name/itemCount</Anchor>
            <NodeRef refid="230"/>
		</Token>
		
		<Token>
			<TokenIdentifier>//apple_ref/occ/instm/AWSDynamoDBLocalSecondaryIndexDescription/setKeySchema:</TokenIdentifier>
			<Abstract type="html">&lt;p&gt;The complete index key schema, which consists of one or more pairs of attribute names and key types (&lt;code&gt;HASH&lt;/code&gt; or &lt;code&gt;RANGE&lt;/code&gt;).&lt;/p&gt;</Abstract>
			<DeclaredIn>AWSDynamoDBModel.h</DeclaredIn>
			
			<Declaration>@property (nonatomic, strong) NSArray *keySchema</Declaration>
			
			
			<Anchor>//api/name/keySchema</Anchor>
            <NodeRef refid="230"/>
		</Token>
		
		<Token>
			<TokenIdentifier>//apple_ref/occ/instm/AWSDynamoDBLocalSecondaryIndexDescription/keySchema</TokenIdentifier>
			<Abstract type="html">&lt;p&gt;The complete index key schema, which consists of one or more pairs of attribute names and key types (&lt;code&gt;HASH&lt;/code&gt; or &lt;code&gt;RANGE&lt;/code&gt;).&lt;/p&gt;</Abstract>
			<DeclaredIn>AWSDynamoDBModel.h</DeclaredIn>
			
			<Declaration>@property (nonatomic, strong) NSArray *keySchema</Declaration>
			
			
			<Anchor>//api/name/keySchema</Anchor>
            <NodeRef refid="230"/>
		</Token>
		
		<Token>
			<TokenIdentifier>//apple_ref/occ/instp/AWSDynamoDBLocalSecondaryIndexDescription/keySchema</TokenIdentifier>
			<Abstract type="html">&lt;p&gt;The complete index key schema, which consists of one or more pairs of attribute names and key types (&lt;code&gt;HASH&lt;/code&gt; or &lt;code&gt;RANGE&lt;/code&gt;).&lt;/p&gt;</Abstract>
			<DeclaredIn>AWSDynamoDBModel.h</DeclaredIn>
			
			<Declaration>@property (nonatomic, strong) NSArray *keySchema</Declaration>
			
			
			<Anchor>//api/name/keySchema</Anchor>
            <NodeRef refid="230"/>
		</Token>
		
		<Token>
			<TokenIdentifier>//apple_ref/occ/instm/AWSDynamoDBLocalSecondaryIndexDescription/setProjection:</TokenIdentifier>
			<Abstract type="html">&lt;p&gt;Represents attributes that are copied (projected) from the table into an index. These are in addition to the primary key attributes and index key attributes, which are automatically projected.&lt;/p&gt;</Abstract>
			<DeclaredIn>AWSDynamoDBModel.h</DeclaredIn>
			
			<Declaration>@property (nonatomic, strong) AWSDynamoDBProjection *projection</Declaration>
			
			
			<Anchor>//api/name/projection</Anchor>
            <NodeRef refid="230"/>
		</Token>
		
		<Token>
			<TokenIdentifier>//apple_ref/occ/instm/AWSDynamoDBLocalSecondaryIndexDescription/projection</TokenIdentifier>
			<Abstract type="html">&lt;p&gt;Represents attributes that are copied (projected) from the table into an index. These are in addition to the primary key attributes and index key attributes, which are automatically projected.&lt;/p&gt;</Abstract>
			<DeclaredIn>AWSDynamoDBModel.h</DeclaredIn>
			
			<Declaration>@property (nonatomic, strong) AWSDynamoDBProjection *projection</Declaration>
			
			
			<Anchor>//api/name/projection</Anchor>
            <NodeRef refid="230"/>
		</Token>
		
		<Token>
			<TokenIdentifier>//apple_ref/occ/instp/AWSDynamoDBLocalSecondaryIndexDescription/projection</TokenIdentifier>
			<Abstract type="html">&lt;p&gt;Represents attributes that are copied (projected) from the table into an index. These are in addition to the primary key attributes and index key attributes, which are automatically projected.&lt;/p&gt;</Abstract>
			<DeclaredIn>AWSDynamoDBModel.h</DeclaredIn>
			
			<Declaration>@property (nonatomic, strong) AWSDynamoDBProjection *projection</Declaration>
			
			
			<Anchor>//api/name/projection</Anchor>
            <NodeRef refid="230"/>
		</Token>
		
        
        
	</File>
</Tokens>