<?xml version="1.0" encoding="UTF-8"?>
<Tokens version="1.0">
	<File path="Constants/AWSEC2InstanceType.html">
		
		<Token>
			<TokenIdentifier>//apple_ref/c/tdef/AWSEC2InstanceType</TokenIdentifier>
			<Abstract type="html"></Abstract>
			<DeclaredIn>AWSEC2Model.h</DeclaredIn>
            
			
			<NodeRef refid="1183"/>
		</Token>
		
		
        
        <Token>
            <TokenIdentifier>//apple_ref/c/econst/AWSEC2InstanceTypeUnknown</TokenIdentifier>
            <Abstract type="html"></Abstract>
            <Declaration>AWSEC2InstanceTypeUnknown</Declaration>
            
            <DeclaredIn>AWSEC2Model.h</DeclaredIn>
            
            <NodeRef refid="1183"/>
        </Token>
        
        <Token>
            <TokenIdentifier>//apple_ref/c/econst/AWSEC2InstanceTypeT1_micro</TokenIdentifier>
            <Abstract type="html"></Abstract>
            <Declaration>AWSEC2InstanceTypeT1_micro</Declaration>
            
            <DeclaredIn>AWSEC2Model.h</DeclaredIn>
            
            <NodeRef refid="1183"/>
        </Token>
        
        <Token>
            <TokenIdentifier>//apple_ref/c/econst/AWSEC2InstanceTypeM1_small</TokenIdentifier>
            <Abstract type="html"></Abstract>
            <Declaration>AWSEC2InstanceTypeM1_small</Declaration>
            
            <DeclaredIn>AWSEC2Model.h</DeclaredIn>
            
            <NodeRef refid="1183"/>
        </Token>
        
        <Token>
            <TokenIdentifier>//apple_ref/c/econst/AWSEC2InstanceTypeM1_medium</TokenIdentifier>
            <Abstract type="html"></Abstract>
            <Declaration>AWSEC2InstanceTypeM1_medium</Declaration>
            
            <DeclaredIn>AWSEC2Model.h</DeclaredIn>
            
            <NodeRef refid="1183"/>
        </Token>
        
        <Token>
            <TokenIdentifier>//apple_ref/c/econst/AWSEC2InstanceTypeM1_large</TokenIdentifier>
            <Abstract type="html"></Abstract>
            <Declaration>AWSEC2InstanceTypeM1_large</Declaration>
            
            <DeclaredIn>AWSEC2Model.h</DeclaredIn>
            
            <NodeRef refid="1183"/>
        </Token>
        
        <Token>
            <TokenIdentifier>//apple_ref/c/econst/AWSEC2InstanceTypeM1_xlarge</TokenIdentifier>
            <Abstract type="html"></Abstract>
            <Declaration>AWSEC2InstanceTypeM1_xlarge</Declaration>
            
            <DeclaredIn>AWSEC2Model.h</DeclaredIn>
            
            <NodeRef refid="1183"/>
        </Token>
        
        <Token>
            <TokenIdentifier>//apple_ref/c/econst/AWSEC2InstanceTypeM3_medium</TokenIdentifier>
            <Abstract type="html"></Abstract>
            <Declaration>AWSEC2InstanceTypeM3_medium</Declaration>
            
            <DeclaredIn>AWSEC2Model.h</DeclaredIn>
            
            <NodeRef refid="1183"/>
        </Token>
        
        <Token>
            <TokenIdentifier>//apple_ref/c/econst/AWSEC2InstanceTypeM3_large</TokenIdentifier>
            <Abstract type="html"></Abstract>
            <Declaration>AWSEC2InstanceTypeM3_large</Declaration>
            
            <DeclaredIn>AWSEC2Model.h</DeclaredIn>
            
            <NodeRef refid="1183"/>
        </Token>
        
        <Token>
            <TokenIdentifier>//apple_ref/c/econst/AWSEC2InstanceTypeM3_xlarge</TokenIdentifier>
            <Abstract type="html"></Abstract>
            <Declaration>AWSEC2InstanceTypeM3_xlarge</Declaration>
            
            <DeclaredIn>AWSEC2Model.h</DeclaredIn>
            
            <NodeRef refid="1183"/>
        </Token>
        
        <Token>
            <TokenIdentifier>//apple_ref/c/econst/AWSEC2InstanceTypeM3_2xlarge</TokenIdentifier>
            <Abstract type="html"></Abstract>
            <Declaration>AWSEC2InstanceTypeM3_2xlarge</Declaration>
            
            <DeclaredIn>AWSEC2Model.h</DeclaredIn>
            
            <NodeRef refid="1183"/>
        </Token>
        
        <Token>
            <TokenIdentifier>//apple_ref/c/econst/AWSEC2InstanceTypeT2_micro</TokenIdentifier>
            <Abstract type="html"></Abstract>
            <Declaration>AWSEC2InstanceTypeT2_micro</Declaration>
            
            <DeclaredIn>AWSEC2Model.h</DeclaredIn>
            
            <NodeRef refid="1183"/>
        </Token>
        
        <Token>
            <TokenIdentifier>//apple_ref/c/econst/AWSEC2InstanceTypeT2_small</TokenIdentifier>
            <Abstract type="html"></Abstract>
            <Declaration>AWSEC2InstanceTypeT2_small</Declaration>
            
            <DeclaredIn>AWSEC2Model.h</DeclaredIn>
            
            <NodeRef refid="1183"/>
        </Token>
        
        <Token>
            <TokenIdentifier>//apple_ref/c/econst/AWSEC2InstanceTypeT2_medium</TokenIdentifier>
            <Abstract type="html"></Abstract>
            <Declaration>AWSEC2InstanceTypeT2_medium</Declaration>
            
            <DeclaredIn>AWSEC2Model.h</DeclaredIn>
            
            <NodeRef refid="1183"/>
        </Token>
        
        <Token>
            <TokenIdentifier>//apple_ref/c/econst/AWSEC2InstanceTypeM2_xlarge</TokenIdentifier>
            <Abstract type="html"></Abstract>
            <Declaration>AWSEC2InstanceTypeM2_xlarge</Declaration>
            
            <DeclaredIn>AWSEC2Model.h</DeclaredIn>
            
            <NodeRef refid="1183"/>
        </Token>
        
        <Token>
            <TokenIdentifier>//apple_ref/c/econst/AWSEC2InstanceTypeM2_2xlarge</TokenIdentifier>
            <Abstract type="html"></Abstract>
            <Declaration>AWSEC2InstanceTypeM2_2xlarge</Declaration>
            
            <DeclaredIn>AWSEC2Model.h</DeclaredIn>
            
            <NodeRef refid="1183"/>
        </Token>
        
        <Token>
            <TokenIdentifier>//apple_ref/c/econst/AWSEC2InstanceTypeM2_4xlarge</TokenIdentifier>
            <Abstract type="html"></Abstract>
            <Declaration>AWSEC2InstanceTypeM2_4xlarge</Declaration>
            
            <DeclaredIn>AWSEC2Model.h</DeclaredIn>
            
            <NodeRef refid="1183"/>
        </Token>
        
        <Token>
            <TokenIdentifier>//apple_ref/c/econst/AWSEC2InstanceTypeCR1_8xlarge</TokenIdentifier>
            <Abstract type="html"></Abstract>
            <Declaration>AWSEC2InstanceTypeCR1_8xlarge</Declaration>
            
            <DeclaredIn>AWSEC2Model.h</DeclaredIn>
            
            <NodeRef refid="1183"/>
        </Token>
        
        <Token>
            <TokenIdentifier>//apple_ref/c/econst/AWSEC2InstanceTypeI2_xlarge</TokenIdentifier>
            <Abstract type="html"></Abstract>
            <Declaration>AWSEC2InstanceTypeI2_xlarge</Declaration>
            
            <DeclaredIn>AWSEC2Model.h</DeclaredIn>
            
            <NodeRef refid="1183"/>
        </Token>
        
        <Token>
            <TokenIdentifier>//apple_ref/c/econst/AWSEC2InstanceTypeI2_2xlarge</TokenIdentifier>
            <Abstract type="html"></Abstract>
            <Declaration>AWSEC2InstanceTypeI2_2xlarge</Declaration>
            
            <DeclaredIn>AWSEC2Model.h</DeclaredIn>
            
            <NodeRef refid="1183"/>
        </Token>
        
        <Token>
            <TokenIdentifier>//apple_ref/c/econst/AWSEC2InstanceTypeI2_4xlarge</TokenIdentifier>
            <Abstract type="html"></Abstract>
            <Declaration>AWSEC2InstanceTypeI2_4xlarge</Declaration>
            
            <DeclaredIn>AWSEC2Model.h</DeclaredIn>
            
            <NodeRef refid="1183"/>
        </Token>
        
        <Token>
            <TokenIdentifier>//apple_ref/c/econst/AWSEC2InstanceTypeI2_8xlarge</TokenIdentifier>
            <Abstract type="html"></Abstract>
            <Declaration>AWSEC2InstanceTypeI2_8xlarge</Declaration>
            
            <DeclaredIn>AWSEC2Model.h</DeclaredIn>
            
            <NodeRef refid="1183"/>
        </Token>
        
        <Token>
            <TokenIdentifier>//apple_ref/c/econst/AWSEC2InstanceTypeHI1_4xlarge</TokenIdentifier>
            <Abstract type="html"></Abstract>
            <Declaration>AWSEC2InstanceTypeHI1_4xlarge</Declaration>
            
            <DeclaredIn>AWSEC2Model.h</DeclaredIn>
            
            <NodeRef refid="1183"/>
        </Token>
        
        <Token>
            <TokenIdentifier>//apple_ref/c/econst/AWSEC2InstanceTypeHS1_8xlarge</TokenIdentifier>
            <Abstract type="html"></Abstract>
            <Declaration>AWSEC2InstanceTypeHS1_8xlarge</Declaration>
            
            <DeclaredIn>AWSEC2Model.h</DeclaredIn>
            
            <NodeRef refid="1183"/>
        </Token>
        
        <Token>
            <TokenIdentifier>//apple_ref/c/econst/AWSEC2InstanceTypeC1_medium</TokenIdentifier>
            <Abstract type="html"></Abstract>
            <Declaration>AWSEC2InstanceTypeC1_medium</Declaration>
            
            <DeclaredIn>AWSEC2Model.h</DeclaredIn>
            
            <NodeRef refid="1183"/>
        </Token>
        
        <Token>
            <TokenIdentifier>//apple_ref/c/econst/AWSEC2InstanceTypeC1_xlarge</TokenIdentifier>
            <Abstract type="html"></Abstract>
            <Declaration>AWSEC2InstanceTypeC1_xlarge</Declaration>
            
            <DeclaredIn>AWSEC2Model.h</DeclaredIn>
            
            <NodeRef refid="1183"/>
        </Token>
        
        <Token>
            <TokenIdentifier>//apple_ref/c/econst/AWSEC2InstanceTypeC3_large</TokenIdentifier>
            <Abstract type="html"></Abstract>
            <Declaration>AWSEC2InstanceTypeC3_large</Declaration>
            
            <DeclaredIn>AWSEC2Model.h</DeclaredIn>
            
            <NodeRef refid="1183"/>
        </Token>
        
        <Token>
            <TokenIdentifier>//apple_ref/c/econst/AWSEC2InstanceTypeC3_xlarge</TokenIdentifier>
            <Abstract type="html"></Abstract>
            <Declaration>AWSEC2InstanceTypeC3_xlarge</Declaration>
            
            <DeclaredIn>AWSEC2Model.h</DeclaredIn>
            
            <NodeRef refid="1183"/>
        </Token>
        
        <Token>
            <TokenIdentifier>//apple_ref/c/econst/AWSEC2InstanceTypeC3_2xlarge</TokenIdentifier>
            <Abstract type="html"></Abstract>
            <Declaration>AWSEC2InstanceTypeC3_2xlarge</Declaration>
            
            <DeclaredIn>AWSEC2Model.h</DeclaredIn>
            
            <NodeRef refid="1183"/>
        </Token>
        
        <Token>
            <TokenIdentifier>//apple_ref/c/econst/AWSEC2InstanceTypeC3_4xlarge</TokenIdentifier>
            <Abstract type="html"></Abstract>
            <Declaration>AWSEC2InstanceTypeC3_4xlarge</Declaration>
            
            <DeclaredIn>AWSEC2Model.h</DeclaredIn>
            
            <NodeRef refid="1183"/>
        </Token>
        
        <Token>
            <TokenIdentifier>//apple_ref/c/econst/AWSEC2InstanceTypeC3_8xlarge</TokenIdentifier>
            <Abstract type="html"></Abstract>
            <Declaration>AWSEC2InstanceTypeC3_8xlarge</Declaration>
            
            <DeclaredIn>AWSEC2Model.h</DeclaredIn>
            
            <NodeRef refid="1183"/>
        </Token>
        
        <Token>
            <TokenIdentifier>//apple_ref/c/econst/AWSEC2InstanceTypeC4_large</TokenIdentifier>
            <Abstract type="html"></Abstract>
            <Declaration>AWSEC2InstanceTypeC4_large</Declaration>
            
            <DeclaredIn>AWSEC2Model.h</DeclaredIn>
            
            <NodeRef refid="1183"/>
        </Token>
        
        <Token>
            <TokenIdentifier>//apple_ref/c/econst/AWSEC2InstanceTypeC4_xlarge</TokenIdentifier>
            <Abstract type="html"></Abstract>
            <Declaration>AWSEC2InstanceTypeC4_xlarge</Declaration>
            
            <DeclaredIn>AWSEC2Model.h</DeclaredIn>
            
            <NodeRef refid="1183"/>
        </Token>
        
        <Token>
            <TokenIdentifier>//apple_ref/c/econst/AWSEC2InstanceTypeC4_2xlarge</TokenIdentifier>
            <Abstract type="html"></Abstract>
            <Declaration>AWSEC2InstanceTypeC4_2xlarge</Declaration>
            
            <DeclaredIn>AWSEC2Model.h</DeclaredIn>
            
            <NodeRef refid="1183"/>
        </Token>
        
        <Token>
            <TokenIdentifier>//apple_ref/c/econst/AWSEC2InstanceTypeC4_4xlarge</TokenIdentifier>
            <Abstract type="html"></Abstract>
            <Declaration>AWSEC2InstanceTypeC4_4xlarge</Declaration>
            
            <DeclaredIn>AWSEC2Model.h</DeclaredIn>
            
            <NodeRef refid="1183"/>
        </Token>
        
        <Token>
            <TokenIdentifier>//apple_ref/c/econst/AWSEC2InstanceTypeC4_8xlarge</TokenIdentifier>
            <Abstract type="html"></Abstract>
            <Declaration>AWSEC2InstanceTypeC4_8xlarge</Declaration>
            
            <DeclaredIn>AWSEC2Model.h</DeclaredIn>
            
            <NodeRef refid="1183"/>
        </Token>
        
        <Token>
            <TokenIdentifier>//apple_ref/c/econst/AWSEC2InstanceTypeCC1_4xlarge</TokenIdentifier>
            <Abstract type="html"></Abstract>
            <Declaration>AWSEC2InstanceTypeCC1_4xlarge</Declaration>
            
            <DeclaredIn>AWSEC2Model.h</DeclaredIn>
            
            <NodeRef refid="1183"/>
        </Token>
        
        <Token>
            <TokenIdentifier>//apple_ref/c/econst/AWSEC2InstanceTypeCC2_8xlarge</TokenIdentifier>
            <Abstract type="html"></Abstract>
            <Declaration>AWSEC2InstanceTypeCC2_8xlarge</Declaration>
            
            <DeclaredIn>AWSEC2Model.h</DeclaredIn>
            
            <NodeRef refid="1183"/>
        </Token>
        
        <Token>
            <TokenIdentifier>//apple_ref/c/econst/AWSEC2InstanceTypeG2_2xlarge</TokenIdentifier>
            <Abstract type="html"></Abstract>
            <Declaration>AWSEC2InstanceTypeG2_2xlarge</Declaration>
            
            <DeclaredIn>AWSEC2Model.h</DeclaredIn>
            
            <NodeRef refid="1183"/>
        </Token>
        
        <Token>
            <TokenIdentifier>//apple_ref/c/econst/AWSEC2InstanceTypeCG1_4xlarge</TokenIdentifier>
            <Abstract type="html"></Abstract>
            <Declaration>AWSEC2InstanceTypeCG1_4xlarge</Declaration>
            
            <DeclaredIn>AWSEC2Model.h</DeclaredIn>
            
            <NodeRef refid="1183"/>
        </Token>
        
        <Token>
            <TokenIdentifier>//apple_ref/c/econst/AWSEC2InstanceTypeR3_large</TokenIdentifier>
            <Abstract type="html"></Abstract>
            <Declaration>AWSEC2InstanceTypeR3_large</Declaration>
            
            <DeclaredIn>AWSEC2Model.h</DeclaredIn>
            
            <NodeRef refid="1183"/>
        </Token>
        
        <Token>
            <TokenIdentifier>//apple_ref/c/econst/AWSEC2InstanceTypeR3_xlarge</TokenIdentifier>
            <Abstract type="html"></Abstract>
            <Declaration>AWSEC2InstanceTypeR3_xlarge</Declaration>
            
            <DeclaredIn>AWSEC2Model.h</DeclaredIn>
            
            <NodeRef refid="1183"/>
        </Token>
        
        <Token>
            <TokenIdentifier>//apple_ref/c/econst/AWSEC2InstanceTypeR3_2xlarge</TokenIdentifier>
            <Abstract type="html"></Abstract>
            <Declaration>AWSEC2InstanceTypeR3_2xlarge</Declaration>
            
            <DeclaredIn>AWSEC2Model.h</DeclaredIn>
            
            <NodeRef refid="1183"/>
        </Token>
        
        <Token>
            <TokenIdentifier>//apple_ref/c/econst/AWSEC2InstanceTypeR3_4xlarge</TokenIdentifier>
            <Abstract type="html"></Abstract>
            <Declaration>AWSEC2InstanceTypeR3_4xlarge</Declaration>
            
            <DeclaredIn>AWSEC2Model.h</DeclaredIn>
            
            <NodeRef refid="1183"/>
        </Token>
        
        <Token>
            <TokenIdentifier>//apple_ref/c/econst/AWSEC2InstanceTypeR3_8xlarge</TokenIdentifier>
            <Abstract type="html"></Abstract>
            <Declaration>AWSEC2InstanceTypeR3_8xlarge</Declaration>
            
            <DeclaredIn>AWSEC2Model.h</DeclaredIn>
            
            <NodeRef refid="1183"/>
        </Token>
        
        
	</File>
</Tokens>