<?xml version="1.0" encoding="UTF-8"?>
<Tokens version="1.0">
	<File path="Constants/AWSEC2ListingState.html">
		
		<Token>
			<TokenIdentifier>//apple_ref/c/tdef/AWSEC2ListingState</TokenIdentifier>
			<Abstract type="html"></Abstract>
			<DeclaredIn>AWSEC2Model.h</DeclaredIn>
            
			
			<NodeRef refid="1184"/>
		</Token>
		
		
        
        <Token>
            <TokenIdentifier>//apple_ref/c/econst/AWSEC2ListingStateUnknown</TokenIdentifier>
            <Abstract type="html"></Abstract>
            <Declaration>AWSEC2ListingStateUnknown</Declaration>
            
            <DeclaredIn>AWSEC2Model.h</DeclaredIn>
            
            <NodeRef refid="1184"/>
        </Token>
        
        <Token>
            <TokenIdentifier>//apple_ref/c/econst/AWSEC2ListingStateAvailable</TokenIdentifier>
            <Abstract type="html"></Abstract>
            <Declaration>AWSEC2ListingStateAvailable</Declaration>
            
            <DeclaredIn>AWSEC2Model.h</DeclaredIn>
            
            <NodeRef refid="1184"/>
        </Token>
        
        <Token>
            <TokenIdentifier>//apple_ref/c/econst/AWSEC2ListingStateSold</TokenIdentifier>
            <Abstract type="html"></Abstract>
            <Declaration>AWSEC2ListingStateSold</Declaration>
            
            <DeclaredIn>AWSEC2Model.h</DeclaredIn>
            
            <NodeRef refid="1184"/>
        </Token>
        
        <Token>
            <TokenIdentifier>//apple_ref/c/econst/AWSEC2ListingStateCancelled</TokenIdentifier>
            <Abstract type="html"></Abstract>
            <Declaration>AWSEC2ListingStateCancelled</Declaration>
            
            <DeclaredIn>AWSEC2Model.h</DeclaredIn>
            
            <NodeRef refid="1184"/>
        </Token>
        
        <Token>
            <TokenIdentifier>//apple_ref/c/econst/AWSEC2ListingStatePending</TokenIdentifier>
            <Abstract type="html"></Abstract>
            <Declaration>AWSEC2ListingStatePending</Declaration>
            
            <DeclaredIn>AWSEC2Model.h</DeclaredIn>
            
            <NodeRef refid="1184"/>
        </Token>
        
        
	</File>
</Tokens>