<?xml version="1.0" encoding="UTF-8"?>
<Tokens version="1.0">
	<File path="Classes/AWSSNSSubscribeResponse.html">
		
		<Token>
			<TokenIdentifier>//apple_ref/occ/cl/AWSSNSSubscribeResponse</TokenIdentifier>
			<Abstract type="html">Response for Subscribe action.</Abstract>
			<DeclaredIn>AWSSNSModel.h</DeclaredIn>
            
			
			<NodeRef refid="1029"/>
		</Token>
		
		
		<Token>
			<TokenIdentifier>//apple_ref/occ/instm/AWSSNSSubscribeResponse/setSubscriptionArn:</TokenIdentifier>
			<Abstract type="html">&lt;p&gt;The ARN of the subscription, if the service was able to create a subscription immediately (without requiring endpoint owner confirmation).&lt;/p&gt;</Abstract>
			<DeclaredIn>AWSSNSModel.h</DeclaredIn>
			
			<Declaration>@property (nonatomic, strong) NSString *subscriptionArn</Declaration>
			
			
			<Anchor>//api/name/subscriptionArn</Anchor>
            <NodeRef refid="1029"/>
		</Token>
		
		<Token>
			<TokenIdentifier>//apple_ref/occ/instm/AWSSNSSubscribeResponse/subscriptionArn</TokenIdentifier>
			<Abstract type="html">&lt;p&gt;The ARN of the subscription, if the service was able to create a subscription immediately (without requiring endpoint owner confirmation).&lt;/p&gt;</Abstract>
			<DeclaredIn>AWSSNSModel.h</DeclaredIn>
			
			<Declaration>@property (nonatomic, strong) NSString *subscriptionArn</Declaration>
			
			
			<Anchor>//api/name/subscriptionArn</Anchor>
            <NodeRef refid="1029"/>
		</Token>
		
		<Token>
			<TokenIdentifier>//apple_ref/occ/instp/AWSSNSSubscribeResponse/subscriptionArn</TokenIdentifier>
			<Abstract type="html">&lt;p&gt;The ARN of the subscription, if the service was able to create a subscription immediately (without requiring endpoint owner confirmation).&lt;/p&gt;</Abstract>
			<DeclaredIn>AWSSNSModel.h</DeclaredIn>
			
			<Declaration>@property (nonatomic, strong) NSString *subscriptionArn</Declaration>
			
			
			<Anchor>//api/name/subscriptionArn</Anchor>
            <NodeRef refid="1029"/>
		</Token>
		
        
        
	</File>
</Tokens>