<?xml version="1.0" encoding="UTF-8"?>
<Tokens version="1.0">
	<File path="Classes/AWSAutoScalingDescribeLifecycleHooksType.html">
		
		<Token>
			<TokenIdentifier>//apple_ref/occ/cl/AWSAutoScalingDescribeLifecycleHooksType</TokenIdentifier>
			<Abstract type="html"></Abstract>
			<DeclaredIn>AWSAutoScalingModel.h</DeclaredIn>
            
			
			<NodeRef refid="35"/>
		</Token>
		
		
		<Token>
			<TokenIdentifier>//apple_ref/occ/instm/AWSAutoScalingDescribeLifecycleHooksType/setAutoScalingGroupName:</TokenIdentifier>
			<Abstract type="html">&lt;p&gt;The name of one or more Auto Scaling groups.&lt;/p&gt;</Abstract>
			<DeclaredIn>AWSAutoScalingModel.h</DeclaredIn>
			
			<Declaration>@property (nonatomic, strong) NSString *autoScalingGroupName</Declaration>
			
			
			<Anchor>//api/name/autoScalingGroupName</Anchor>
            <NodeRef refid="35"/>
		</Token>
		
		<Token>
			<TokenIdentifier>//apple_ref/occ/instm/AWSAutoScalingDescribeLifecycleHooksType/autoScalingGroupName</TokenIdentifier>
			<Abstract type="html">&lt;p&gt;The name of one or more Auto Scaling groups.&lt;/p&gt;</Abstract>
			<DeclaredIn>AWSAutoScalingModel.h</DeclaredIn>
			
			<Declaration>@property (nonatomic, strong) NSString *autoScalingGroupName</Declaration>
			
			
			<Anchor>//api/name/autoScalingGroupName</Anchor>
            <NodeRef refid="35"/>
		</Token>
		
		<Token>
			<TokenIdentifier>//apple_ref/occ/instp/AWSAutoScalingDescribeLifecycleHooksType/autoScalingGroupName</TokenIdentifier>
			<Abstract type="html">&lt;p&gt;The name of one or more Auto Scaling groups.&lt;/p&gt;</Abstract>
			<DeclaredIn>AWSAutoScalingModel.h</DeclaredIn>
			
			<Declaration>@property (nonatomic, strong) NSString *autoScalingGroupName</Declaration>
			
			
			<Anchor>//api/name/autoScalingGroupName</Anchor>
            <NodeRef refid="35"/>
		</Token>
		
		<Token>
			<TokenIdentifier>//apple_ref/occ/instm/AWSAutoScalingDescribeLifecycleHooksType/setLifecycleHookNames:</TokenIdentifier>
			<Abstract type="html">&lt;p&gt;The name of one or more lifecycle hooks.&lt;/p&gt;</Abstract>
			<DeclaredIn>AWSAutoScalingModel.h</DeclaredIn>
			
			<Declaration>@property (nonatomic, strong) NSArray *lifecycleHookNames</Declaration>
			
			
			<Anchor>//api/name/lifecycleHookNames</Anchor>
            <NodeRef refid="35"/>
		</Token>
		
		<Token>
			<TokenIdentifier>//apple_ref/occ/instm/AWSAutoScalingDescribeLifecycleHooksType/lifecycleHookNames</TokenIdentifier>
			<Abstract type="html">&lt;p&gt;The name of one or more lifecycle hooks.&lt;/p&gt;</Abstract>
			<DeclaredIn>AWSAutoScalingModel.h</DeclaredIn>
			
			<Declaration>@property (nonatomic, strong) NSArray *lifecycleHookNames</Declaration>
			
			
			<Anchor>//api/name/lifecycleHookNames</Anchor>
            <NodeRef refid="35"/>
		</Token>
		
		<Token>
			<TokenIdentifier>//apple_ref/occ/instp/AWSAutoScalingDescribeLifecycleHooksType/lifecycleHookNames</TokenIdentifier>
			<Abstract type="html">&lt;p&gt;The name of one or more lifecycle hooks.&lt;/p&gt;</Abstract>
			<DeclaredIn>AWSAutoScalingModel.h</DeclaredIn>
			
			<Declaration>@property (nonatomic, strong) NSArray *lifecycleHookNames</Declaration>
			
			
			<Anchor>//api/name/lifecycleHookNames</Anchor>
            <NodeRef refid="35"/>
		</Token>
		
        
        
	</File>
</Tokens>