<?xml version="1.0" encoding="UTF-8"?>
<Tokens version="1.0">
	<File path="Classes/AWSDynamoDBPaginatedOutput.html">
		
		<Token>
			<TokenIdentifier>//apple_ref/occ/cl/AWSDynamoDBPaginatedOutput</TokenIdentifier>
			<Abstract type="html">The paginated output object.</Abstract>
			<DeclaredIn>AWSDynamoDBObjectMapper.h</DeclaredIn>
            
			
			<NodeRef refid="235"/>
		</Token>
		
		
		<Token>
			<TokenIdentifier>//apple_ref/occ/instm/AWSDynamoDBPaginatedOutput/setItems:</TokenIdentifier>
			<Abstract type="html">The array of items.</Abstract>
			<DeclaredIn>AWSDynamoDBObjectMapper.h</DeclaredIn>
			
			<Declaration>@property (nonatomic, strong) NSArray *items</Declaration>
			
			
			<Anchor>//api/name/items</Anchor>
            <NodeRef refid="235"/>
		</Token>
		
		<Token>
			<TokenIdentifier>//apple_ref/occ/instm/AWSDynamoDBPaginatedOutput/items</TokenIdentifier>
			<Abstract type="html">The array of items.</Abstract>
			<DeclaredIn>AWSDynamoDBObjectMapper.h</DeclaredIn>
			
			<Declaration>@property (nonatomic, strong) NSArray *items</Declaration>
			
			
			<Anchor>//api/name/items</Anchor>
            <NodeRef refid="235"/>
		</Token>
		
		<Token>
			<TokenIdentifier>//apple_ref/occ/instp/AWSDynamoDBPaginatedOutput/items</TokenIdentifier>
			<Abstract type="html">The array of items.</Abstract>
			<DeclaredIn>AWSDynamoDBObjectMapper.h</DeclaredIn>
			
			<Declaration>@property (nonatomic, strong) NSArray *items</Declaration>
			
			
			<Anchor>//api/name/items</Anchor>
            <NodeRef refid="235"/>
		</Token>
		
		<Token>
			<TokenIdentifier>//apple_ref/occ/instm/AWSDynamoDBPaginatedOutput/setLastEvaluatedKey:</TokenIdentifier>
			<Abstract type="html">The last evaluated key.</Abstract>
			<DeclaredIn>AWSDynamoDBObjectMapper.h</DeclaredIn>
			
			<Declaration>@property (nonatomic, strong) NSDictionary *lastEvaluatedKey</Declaration>
			
			
			<Anchor>//api/name/lastEvaluatedKey</Anchor>
            <NodeRef refid="235"/>
		</Token>
		
		<Token>
			<TokenIdentifier>//apple_ref/occ/instm/AWSDynamoDBPaginatedOutput/lastEvaluatedKey</TokenIdentifier>
			<Abstract type="html">The last evaluated key.</Abstract>
			<DeclaredIn>AWSDynamoDBObjectMapper.h</DeclaredIn>
			
			<Declaration>@property (nonatomic, strong) NSDictionary *lastEvaluatedKey</Declaration>
			
			
			<Anchor>//api/name/lastEvaluatedKey</Anchor>
            <NodeRef refid="235"/>
		</Token>
		
		<Token>
			<TokenIdentifier>//apple_ref/occ/instp/AWSDynamoDBPaginatedOutput/lastEvaluatedKey</TokenIdentifier>
			<Abstract type="html">The last evaluated key.</Abstract>
			<DeclaredIn>AWSDynamoDBObjectMapper.h</DeclaredIn>
			
			<Declaration>@property (nonatomic, strong) NSDictionary *lastEvaluatedKey</Declaration>
			
			
			<Anchor>//api/name/lastEvaluatedKey</Anchor>
            <NodeRef refid="235"/>
		</Token>
		
        
        
	</File>
</Tokens>