<?xml version="1.0" encoding="UTF-8"?>
<Tokens version="1.0">
	<File path="Classes/AWSSNSListSubscriptionsByTopicInput.html">
		
		<Token>
			<TokenIdentifier>//apple_ref/occ/cl/AWSSNSListSubscriptionsByTopicInput</TokenIdentifier>
			<Abstract type="html">&lt;p&gt;Input for ListSubscriptionsByTopic action.&lt;/p&gt;
Required parameters: [TopicArn]</Abstract>
			<DeclaredIn>AWSSNSModel.h</DeclaredIn>
            
			
			<NodeRef refid="1013"/>
		</Token>
		
		
		<Token>
			<TokenIdentifier>//apple_ref/occ/instm/AWSSNSListSubscriptionsByTopicInput/setNextToken:</TokenIdentifier>
			<Abstract type="html">&lt;p&gt;Token returned by the previous &lt;code&gt;ListSubscriptionsByTopic&lt;/code&gt; request.&lt;/p&gt;</Abstract>
			<DeclaredIn>AWSSNSModel.h</DeclaredIn>
			
			<Declaration>@property (nonatomic, strong) NSString *nextToken</Declaration>
			
			
			<Anchor>//api/name/nextToken</Anchor>
            <NodeRef refid="1013"/>
		</Token>
		
		<Token>
			<TokenIdentifier>//apple_ref/occ/instm/AWSSNSListSubscriptionsByTopicInput/nextToken</TokenIdentifier>
			<Abstract type="html">&lt;p&gt;Token returned by the previous &lt;code&gt;ListSubscriptionsByTopic&lt;/code&gt; request.&lt;/p&gt;</Abstract>
			<DeclaredIn>AWSSNSModel.h</DeclaredIn>
			
			<Declaration>@property (nonatomic, strong) NSString *nextToken</Declaration>
			
			
			<Anchor>//api/name/nextToken</Anchor>
            <NodeRef refid="1013"/>
		</Token>
		
		<Token>
			<TokenIdentifier>//apple_ref/occ/instp/AWSSNSListSubscriptionsByTopicInput/nextToken</TokenIdentifier>
			<Abstract type="html">&lt;p&gt;Token returned by the previous &lt;code&gt;ListSubscriptionsByTopic&lt;/code&gt; request.&lt;/p&gt;</Abstract>
			<DeclaredIn>AWSSNSModel.h</DeclaredIn>
			
			<Declaration>@property (nonatomic, strong) NSString *nextToken</Declaration>
			
			
			<Anchor>//api/name/nextToken</Anchor>
            <NodeRef refid="1013"/>
		</Token>
		
		<Token>
			<TokenIdentifier>//apple_ref/occ/instm/AWSSNSListSubscriptionsByTopicInput/setTopicArn:</TokenIdentifier>
			<Abstract type="html">&lt;p&gt;The ARN of the topic for which you wish to find subscriptions.&lt;/p&gt;</Abstract>
			<DeclaredIn>AWSSNSModel.h</DeclaredIn>
			
			<Declaration>@property (nonatomic, strong) NSString *topicArn</Declaration>
			
			
			<Anchor>//api/name/topicArn</Anchor>
            <NodeRef refid="1013"/>
		</Token>
		
		<Token>
			<TokenIdentifier>//apple_ref/occ/instm/AWSSNSListSubscriptionsByTopicInput/topicArn</TokenIdentifier>
			<Abstract type="html">&lt;p&gt;The ARN of the topic for which you wish to find subscriptions.&lt;/p&gt;</Abstract>
			<DeclaredIn>AWSSNSModel.h</DeclaredIn>
			
			<Declaration>@property (nonatomic, strong) NSString *topicArn</Declaration>
			
			
			<Anchor>//api/name/topicArn</Anchor>
            <NodeRef refid="1013"/>
		</Token>
		
		<Token>
			<TokenIdentifier>//apple_ref/occ/instp/AWSSNSListSubscriptionsByTopicInput/topicArn</TokenIdentifier>
			<Abstract type="html">&lt;p&gt;The ARN of the topic for which you wish to find subscriptions.&lt;/p&gt;</Abstract>
			<DeclaredIn>AWSSNSModel.h</DeclaredIn>
			
			<Declaration>@property (nonatomic, strong) NSString *topicArn</Declaration>
			
			
			<Anchor>//api/name/topicArn</Anchor>
            <NodeRef refid="1013"/>
		</Token>
		
        
        
	</File>
</Tokens>