<?xml version="1.0" encoding="UTF-8"?>
<Tokens version="1.0">
	<File path="Classes/AWSElasticLoadBalancingLBCookieStickinessPolicy.html">
		
		<Token>
			<TokenIdentifier>//apple_ref/occ/cl/AWSElasticLoadBalancingLBCookieStickinessPolicy</TokenIdentifier>
			<Abstract type="html"></Abstract>
			<DeclaredIn>AWSElasticLoadBalancingModel.h</DeclaredIn>
            
			
			<NodeRef refid="699"/>
		</Token>
		
		
		<Token>
			<TokenIdentifier>//apple_ref/occ/instm/AWSElasticLoadBalancingLBCookieStickinessPolicy/setCookieExpirationPeriod:</TokenIdentifier>
			<Abstract type="html"></Abstract>
			<DeclaredIn>AWSElasticLoadBalancingModel.h</DeclaredIn>
			
			<Declaration>@property (nonatomic, strong) NSNumber *cookieExpirationPeriod</Declaration>
			
			
			<Anchor>//api/name/cookieExpirationPeriod</Anchor>
            <NodeRef refid="699"/>
		</Token>
		
		<Token>
			<TokenIdentifier>//apple_ref/occ/instm/AWSElasticLoadBalancingLBCookieStickinessPolicy/cookieExpirationPeriod</TokenIdentifier>
			<Abstract type="html"></Abstract>
			<DeclaredIn>AWSElasticLoadBalancingModel.h</DeclaredIn>
			
			<Declaration>@property (nonatomic, strong) NSNumber *cookieExpirationPeriod</Declaration>
			
			
			<Anchor>//api/name/cookieExpirationPeriod</Anchor>
            <NodeRef refid="699"/>
		</Token>
		
		<Token>
			<TokenIdentifier>//apple_ref/occ/instp/AWSElasticLoadBalancingLBCookieStickinessPolicy/cookieExpirationPeriod</TokenIdentifier>
			<Abstract type="html"></Abstract>
			<DeclaredIn>AWSElasticLoadBalancingModel.h</DeclaredIn>
			
			<Declaration>@property (nonatomic, strong) NSNumber *cookieExpirationPeriod</Declaration>
			
			
			<Anchor>//api/name/cookieExpirationPeriod</Anchor>
            <NodeRef refid="699"/>
		</Token>
		
		<Token>
			<TokenIdentifier>//apple_ref/occ/instm/AWSElasticLoadBalancingLBCookieStickinessPolicy/setPolicyName:</TokenIdentifier>
			<Abstract type="html"></Abstract>
			<DeclaredIn>AWSElasticLoadBalancingModel.h</DeclaredIn>
			
			<Declaration>@property (nonatomic, strong) NSString *policyName</Declaration>
			
			
			<Anchor>//api/name/policyName</Anchor>
            <NodeRef refid="699"/>
		</Token>
		
		<Token>
			<TokenIdentifier>//apple_ref/occ/instm/AWSElasticLoadBalancingLBCookieStickinessPolicy/policyName</TokenIdentifier>
			<Abstract type="html"></Abstract>
			<DeclaredIn>AWSElasticLoadBalancingModel.h</DeclaredIn>
			
			<Declaration>@property (nonatomic, strong) NSString *policyName</Declaration>
			
			
			<Anchor>//api/name/policyName</Anchor>
            <NodeRef refid="699"/>
		</Token>
		
		<Token>
			<TokenIdentifier>//apple_ref/occ/instp/AWSElasticLoadBalancingLBCookieStickinessPolicy/policyName</TokenIdentifier>
			<Abstract type="html"></Abstract>
			<DeclaredIn>AWSElasticLoadBalancingModel.h</DeclaredIn>
			
			<Declaration>@property (nonatomic, strong) NSString *policyName</Declaration>
			
			
			<Anchor>//api/name/policyName</Anchor>
            <NodeRef refid="699"/>
		</Token>
		
        
        
	</File>
</Tokens>