<?xml version="1.0" encoding="UTF-8"?>
<Tokens version="1.0">
	<File path="Classes/AWSSNSSubscribeInput.html">
		
		<Token>
			<TokenIdentifier>//apple_ref/occ/cl/AWSSNSSubscribeInput</TokenIdentifier>
			<Abstract type="html">Input for Subscribe action.
Required parameters: [TopicArn, Protocol]</Abstract>
			<DeclaredIn>AWSSNSModel.h</DeclaredIn>
            
			
			<NodeRef refid="1028"/>
		</Token>
		
		
		<Token>
			<TokenIdentifier>//apple_ref/occ/instm/AWSSNSSubscribeInput/setEndpoint:</TokenIdentifier>
			<Abstract type="html">&lt;p&gt;The endpoint that you want to receive notifications. Endpoints vary by protocol:&lt;/p&gt;&lt;ul&gt;&lt;li&gt;For the &lt;code&gt;http&lt;/code&gt; protocol, the endpoint is an URL beginning with &quot;http://&quot;&lt;/li&gt;&lt;li&gt;For the &lt;code&gt;https&lt;/code&gt; protocol, the endpoint is a URL beginning with &quot;https://&quot;&lt;/li&gt;&lt;li&gt;For the &lt;code&gt;email&lt;/code&gt; protocol, the endpoint is an email address&lt;/li&gt;&lt;li&gt;For the &lt;code&gt;email-json&lt;/code&gt; protocol, the endpoint is an email address&lt;/li&gt;&lt;li&gt;For the &lt;code&gt;sms&lt;/code&gt; protocol, the endpoint is a phone number of an SMS-enabled device&lt;/li&gt;&lt;li&gt;For the &lt;code&gt;sqs&lt;/code&gt; protocol, the endpoint is the ARN of an Amazon SQS queue&lt;/li&gt;&lt;li&gt;For the &lt;code&gt;application&lt;/code&gt; protocol, the endpoint is the EndpointArn of a mobile app and device.&lt;/li&gt;&lt;/ul&gt;</Abstract>
			<DeclaredIn>AWSSNSModel.h</DeclaredIn>
			
			<Declaration>@property (nonatomic, strong) NSString *endpoint</Declaration>
			
			
			<Anchor>//api/name/endpoint</Anchor>
            <NodeRef refid="1028"/>
		</Token>
		
		<Token>
			<TokenIdentifier>//apple_ref/occ/instm/AWSSNSSubscribeInput/endpoint</TokenIdentifier>
			<Abstract type="html">&lt;p&gt;The endpoint that you want to receive notifications. Endpoints vary by protocol:&lt;/p&gt;&lt;ul&gt;&lt;li&gt;For the &lt;code&gt;http&lt;/code&gt; protocol, the endpoint is an URL beginning with &quot;http://&quot;&lt;/li&gt;&lt;li&gt;For the &lt;code&gt;https&lt;/code&gt; protocol, the endpoint is a URL beginning with &quot;https://&quot;&lt;/li&gt;&lt;li&gt;For the &lt;code&gt;email&lt;/code&gt; protocol, the endpoint is an email address&lt;/li&gt;&lt;li&gt;For the &lt;code&gt;email-json&lt;/code&gt; protocol, the endpoint is an email address&lt;/li&gt;&lt;li&gt;For the &lt;code&gt;sms&lt;/code&gt; protocol, the endpoint is a phone number of an SMS-enabled device&lt;/li&gt;&lt;li&gt;For the &lt;code&gt;sqs&lt;/code&gt; protocol, the endpoint is the ARN of an Amazon SQS queue&lt;/li&gt;&lt;li&gt;For the &lt;code&gt;application&lt;/code&gt; protocol, the endpoint is the EndpointArn of a mobile app and device.&lt;/li&gt;&lt;/ul&gt;</Abstract>
			<DeclaredIn>AWSSNSModel.h</DeclaredIn>
			
			<Declaration>@property (nonatomic, strong) NSString *endpoint</Declaration>
			
			
			<Anchor>//api/name/endpoint</Anchor>
            <NodeRef refid="1028"/>
		</Token>
		
		<Token>
			<TokenIdentifier>//apple_ref/occ/instp/AWSSNSSubscribeInput/endpoint</TokenIdentifier>
			<Abstract type="html">&lt;p&gt;The endpoint that you want to receive notifications. Endpoints vary by protocol:&lt;/p&gt;&lt;ul&gt;&lt;li&gt;For the &lt;code&gt;http&lt;/code&gt; protocol, the endpoint is an URL beginning with &quot;http://&quot;&lt;/li&gt;&lt;li&gt;For the &lt;code&gt;https&lt;/code&gt; protocol, the endpoint is a URL beginning with &quot;https://&quot;&lt;/li&gt;&lt;li&gt;For the &lt;code&gt;email&lt;/code&gt; protocol, the endpoint is an email address&lt;/li&gt;&lt;li&gt;For the &lt;code&gt;email-json&lt;/code&gt; protocol, the endpoint is an email address&lt;/li&gt;&lt;li&gt;For the &lt;code&gt;sms&lt;/code&gt; protocol, the endpoint is a phone number of an SMS-enabled device&lt;/li&gt;&lt;li&gt;For the &lt;code&gt;sqs&lt;/code&gt; protocol, the endpoint is the ARN of an Amazon SQS queue&lt;/li&gt;&lt;li&gt;For the &lt;code&gt;application&lt;/code&gt; protocol, the endpoint is the EndpointArn of a mobile app and device.&lt;/li&gt;&lt;/ul&gt;</Abstract>
			<DeclaredIn>AWSSNSModel.h</DeclaredIn>
			
			<Declaration>@property (nonatomic, strong) NSString *endpoint</Declaration>
			
			
			<Anchor>//api/name/endpoint</Anchor>
            <NodeRef refid="1028"/>
		</Token>
		
		<Token>
			<TokenIdentifier>//apple_ref/occ/instm/AWSSNSSubscribeInput/setProtocols:</TokenIdentifier>
			<Abstract type="html">&lt;p&gt;The protocol you want to use. Supported protocols include:&lt;/p&gt;&lt;ul&gt;&lt;li&gt;&lt;code&gt;http&lt;/code&gt; -- delivery of JSON-encoded message via HTTP POST&lt;/li&gt;&lt;li&gt;&lt;code&gt;https&lt;/code&gt; -- delivery of JSON-encoded message via HTTPS POST&lt;/li&gt;&lt;li&gt;&lt;code&gt;email&lt;/code&gt; -- delivery of message via SMTP&lt;/li&gt;&lt;li&gt;&lt;code&gt;email-json&lt;/code&gt; -- delivery of JSON-encoded message via SMTP&lt;/li&gt;&lt;li&gt;&lt;code&gt;sms&lt;/code&gt; -- delivery of message via SMS&lt;/li&gt;&lt;li&gt;&lt;code&gt;sqs&lt;/code&gt; -- delivery of JSON-encoded message to an Amazon SQS queue&lt;/li&gt;&lt;li&gt;&lt;code&gt;application&lt;/code&gt; -- delivery of JSON-encoded message to an EndpointArn for a mobile app and device.&lt;/li&gt;&lt;/ul&gt;</Abstract>
			<DeclaredIn>AWSSNSModel.h</DeclaredIn>
			
			<Declaration>@property (nonatomic, strong) NSString *protocols</Declaration>
			
			
			<Anchor>//api/name/protocols</Anchor>
            <NodeRef refid="1028"/>
		</Token>
		
		<Token>
			<TokenIdentifier>//apple_ref/occ/instm/AWSSNSSubscribeInput/protocols</TokenIdentifier>
			<Abstract type="html">&lt;p&gt;The protocol you want to use. Supported protocols include:&lt;/p&gt;&lt;ul&gt;&lt;li&gt;&lt;code&gt;http&lt;/code&gt; -- delivery of JSON-encoded message via HTTP POST&lt;/li&gt;&lt;li&gt;&lt;code&gt;https&lt;/code&gt; -- delivery of JSON-encoded message via HTTPS POST&lt;/li&gt;&lt;li&gt;&lt;code&gt;email&lt;/code&gt; -- delivery of message via SMTP&lt;/li&gt;&lt;li&gt;&lt;code&gt;email-json&lt;/code&gt; -- delivery of JSON-encoded message via SMTP&lt;/li&gt;&lt;li&gt;&lt;code&gt;sms&lt;/code&gt; -- delivery of message via SMS&lt;/li&gt;&lt;li&gt;&lt;code&gt;sqs&lt;/code&gt; -- delivery of JSON-encoded message to an Amazon SQS queue&lt;/li&gt;&lt;li&gt;&lt;code&gt;application&lt;/code&gt; -- delivery of JSON-encoded message to an EndpointArn for a mobile app and device.&lt;/li&gt;&lt;/ul&gt;</Abstract>
			<DeclaredIn>AWSSNSModel.h</DeclaredIn>
			
			<Declaration>@property (nonatomic, strong) NSString *protocols</Declaration>
			
			
			<Anchor>//api/name/protocols</Anchor>
            <NodeRef refid="1028"/>
		</Token>
		
		<Token>
			<TokenIdentifier>//apple_ref/occ/instp/AWSSNSSubscribeInput/protocols</TokenIdentifier>
			<Abstract type="html">&lt;p&gt;The protocol you want to use. Supported protocols include:&lt;/p&gt;&lt;ul&gt;&lt;li&gt;&lt;code&gt;http&lt;/code&gt; -- delivery of JSON-encoded message via HTTP POST&lt;/li&gt;&lt;li&gt;&lt;code&gt;https&lt;/code&gt; -- delivery of JSON-encoded message via HTTPS POST&lt;/li&gt;&lt;li&gt;&lt;code&gt;email&lt;/code&gt; -- delivery of message via SMTP&lt;/li&gt;&lt;li&gt;&lt;code&gt;email-json&lt;/code&gt; -- delivery of JSON-encoded message via SMTP&lt;/li&gt;&lt;li&gt;&lt;code&gt;sms&lt;/code&gt; -- delivery of message via SMS&lt;/li&gt;&lt;li&gt;&lt;code&gt;sqs&lt;/code&gt; -- delivery of JSON-encoded message to an Amazon SQS queue&lt;/li&gt;&lt;li&gt;&lt;code&gt;application&lt;/code&gt; -- delivery of JSON-encoded message to an EndpointArn for a mobile app and device.&lt;/li&gt;&lt;/ul&gt;</Abstract>
			<DeclaredIn>AWSSNSModel.h</DeclaredIn>
			
			<Declaration>@property (nonatomic, strong) NSString *protocols</Declaration>
			
			
			<Anchor>//api/name/protocols</Anchor>
            <NodeRef refid="1028"/>
		</Token>
		
		<Token>
			<TokenIdentifier>//apple_ref/occ/instm/AWSSNSSubscribeInput/setTopicArn:</TokenIdentifier>
			<Abstract type="html">&lt;p&gt;The ARN of the topic you want to subscribe to.&lt;/p&gt;</Abstract>
			<DeclaredIn>AWSSNSModel.h</DeclaredIn>
			
			<Declaration>@property (nonatomic, strong) NSString *topicArn</Declaration>
			
			
			<Anchor>//api/name/topicArn</Anchor>
            <NodeRef refid="1028"/>
		</Token>
		
		<Token>
			<TokenIdentifier>//apple_ref/occ/instm/AWSSNSSubscribeInput/topicArn</TokenIdentifier>
			<Abstract type="html">&lt;p&gt;The ARN of the topic you want to subscribe to.&lt;/p&gt;</Abstract>
			<DeclaredIn>AWSSNSModel.h</DeclaredIn>
			
			<Declaration>@property (nonatomic, strong) NSString *topicArn</Declaration>
			
			
			<Anchor>//api/name/topicArn</Anchor>
            <NodeRef refid="1028"/>
		</Token>
		
		<Token>
			<TokenIdentifier>//apple_ref/occ/instp/AWSSNSSubscribeInput/topicArn</TokenIdentifier>
			<Abstract type="html">&lt;p&gt;The ARN of the topic you want to subscribe to.&lt;/p&gt;</Abstract>
			<DeclaredIn>AWSSNSModel.h</DeclaredIn>
			
			<Declaration>@property (nonatomic, strong) NSString *topicArn</Declaration>
			
			
			<Anchor>//api/name/topicArn</Anchor>
            <NodeRef refid="1028"/>
		</Token>
		
        
        
	</File>
</Tokens>