<?xml version="1.0" encoding="UTF-8"?>
<Tokens version="1.0">
	<File path="Classes/AWSEC2Filter.html">
		
		<Token>
			<TokenIdentifier>//apple_ref/occ/cl/AWSEC2Filter</TokenIdentifier>
			<Abstract type="html">&lt;p&gt;A filter name and value pair that is used to return a more specific list of results. Filters can be used to match a set of resources by various criteria, such as tags, attributes, or IDs.&lt;/p&gt;</Abstract>
			<DeclaredIn>AWSEC2Model.h</DeclaredIn>
            
			
			<NodeRef refid="480"/>
		</Token>
		
		
		<Token>
			<TokenIdentifier>//apple_ref/occ/instm/AWSEC2Filter/setName:</TokenIdentifier>
			<Abstract type="html">&lt;p&gt;The name of the filter. Filter names are case-sensitive.&lt;/p&gt;</Abstract>
			<DeclaredIn>AWSEC2Model.h</DeclaredIn>
			
			<Declaration>@property (nonatomic, strong) NSString *name</Declaration>
			
			
			<Anchor>//api/name/name</Anchor>
            <NodeRef refid="480"/>
		</Token>
		
		<Token>
			<TokenIdentifier>//apple_ref/occ/instm/AWSEC2Filter/name</TokenIdentifier>
			<Abstract type="html">&lt;p&gt;The name of the filter. Filter names are case-sensitive.&lt;/p&gt;</Abstract>
			<DeclaredIn>AWSEC2Model.h</DeclaredIn>
			
			<Declaration>@property (nonatomic, strong) NSString *name</Declaration>
			
			
			<Anchor>//api/name/name</Anchor>
            <NodeRef refid="480"/>
		</Token>
		
		<Token>
			<TokenIdentifier>//apple_ref/occ/instp/AWSEC2Filter/name</TokenIdentifier>
			<Abstract type="html">&lt;p&gt;The name of the filter. Filter names are case-sensitive.&lt;/p&gt;</Abstract>
			<DeclaredIn>AWSEC2Model.h</DeclaredIn>
			
			<Declaration>@property (nonatomic, strong) NSString *name</Declaration>
			
			
			<Anchor>//api/name/name</Anchor>
            <NodeRef refid="480"/>
		</Token>
		
		<Token>
			<TokenIdentifier>//apple_ref/occ/instm/AWSEC2Filter/setValues:</TokenIdentifier>
			<Abstract type="html">&lt;p&gt;One or more filter values. Filter values are case-sensitive.&lt;/p&gt;</Abstract>
			<DeclaredIn>AWSEC2Model.h</DeclaredIn>
			
			<Declaration>@property (nonatomic, strong) NSArray *values</Declaration>
			
			
			<Anchor>//api/name/values</Anchor>
            <NodeRef refid="480"/>
		</Token>
		
		<Token>
			<TokenIdentifier>//apple_ref/occ/instm/AWSEC2Filter/values</TokenIdentifier>
			<Abstract type="html">&lt;p&gt;One or more filter values. Filter values are case-sensitive.&lt;/p&gt;</Abstract>
			<DeclaredIn>AWSEC2Model.h</DeclaredIn>
			
			<Declaration>@property (nonatomic, strong) NSArray *values</Declaration>
			
			
			<Anchor>//api/name/values</Anchor>
            <NodeRef refid="480"/>
		</Token>
		
		<Token>
			<TokenIdentifier>//apple_ref/occ/instp/AWSEC2Filter/values</TokenIdentifier>
			<Abstract type="html">&lt;p&gt;One or more filter values. Filter values are case-sensitive.&lt;/p&gt;</Abstract>
			<DeclaredIn>AWSEC2Model.h</DeclaredIn>
			
			<Declaration>@property (nonatomic, strong) NSArray *values</Declaration>
			
			
			<Anchor>//api/name/values</Anchor>
            <NodeRef refid="480"/>
		</Token>
		
        
        
	</File>
</Tokens>