<?xml version="1.0" encoding="UTF-8"?>
<Tokens version="1.0">
	<File path="Classes/AWSCloudWatchDimension.html">
		
		<Token>
			<TokenIdentifier>//apple_ref/occ/cl/AWSCloudWatchDimension</TokenIdentifier>
			<Abstract type="html">&lt;p&gt; The &lt;code&gt;Dimension&lt;/code&gt; data type further expands on the identity of a metric using a Name, Value pair. &lt;/p&gt;&lt;p&gt;For examples that use one or more dimensions, see &lt;a&gt;PutMetricData&lt;/a&gt;.&lt;/p&gt;
Required parameters: [Name, Value]</Abstract>
			<DeclaredIn>AWSCloudWatchModel.h</DeclaredIn>
            
			
			<NodeRef refid="100"/>
		</Token>
		
		
		<Token>
			<TokenIdentifier>//apple_ref/occ/instm/AWSCloudWatchDimension/setName:</TokenIdentifier>
			<Abstract type="html">&lt;p&gt; The name of the dimension. &lt;/p&gt;</Abstract>
			<DeclaredIn>AWSCloudWatchModel.h</DeclaredIn>
			
			<Declaration>@property (nonatomic, strong) NSString *name</Declaration>
			
			
			<Anchor>//api/name/name</Anchor>
            <NodeRef refid="100"/>
		</Token>
		
		<Token>
			<TokenIdentifier>//apple_ref/occ/instm/AWSCloudWatchDimension/name</TokenIdentifier>
			<Abstract type="html">&lt;p&gt; The name of the dimension. &lt;/p&gt;</Abstract>
			<DeclaredIn>AWSCloudWatchModel.h</DeclaredIn>
			
			<Declaration>@property (nonatomic, strong) NSString *name</Declaration>
			
			
			<Anchor>//api/name/name</Anchor>
            <NodeRef refid="100"/>
		</Token>
		
		<Token>
			<TokenIdentifier>//apple_ref/occ/instp/AWSCloudWatchDimension/name</TokenIdentifier>
			<Abstract type="html">&lt;p&gt; The name of the dimension. &lt;/p&gt;</Abstract>
			<DeclaredIn>AWSCloudWatchModel.h</DeclaredIn>
			
			<Declaration>@property (nonatomic, strong) NSString *name</Declaration>
			
			
			<Anchor>//api/name/name</Anchor>
            <NodeRef refid="100"/>
		</Token>
		
		<Token>
			<TokenIdentifier>//apple_ref/occ/instm/AWSCloudWatchDimension/setValue:</TokenIdentifier>
			<Abstract type="html">&lt;p&gt; The value representing the dimension measurement &lt;/p&gt;</Abstract>
			<DeclaredIn>AWSCloudWatchModel.h</DeclaredIn>
			
			<Declaration>@property (nonatomic, strong) NSString *value</Declaration>
			
			
			<Anchor>//api/name/value</Anchor>
            <NodeRef refid="100"/>
		</Token>
		
		<Token>
			<TokenIdentifier>//apple_ref/occ/instm/AWSCloudWatchDimension/value</TokenIdentifier>
			<Abstract type="html">&lt;p&gt; The value representing the dimension measurement &lt;/p&gt;</Abstract>
			<DeclaredIn>AWSCloudWatchModel.h</DeclaredIn>
			
			<Declaration>@property (nonatomic, strong) NSString *value</Declaration>
			
			
			<Anchor>//api/name/value</Anchor>
            <NodeRef refid="100"/>
		</Token>
		
		<Token>
			<TokenIdentifier>//apple_ref/occ/instp/AWSCloudWatchDimension/value</TokenIdentifier>
			<Abstract type="html">&lt;p&gt; The value representing the dimension measurement &lt;/p&gt;</Abstract>
			<DeclaredIn>AWSCloudWatchModel.h</DeclaredIn>
			
			<Declaration>@property (nonatomic, strong) NSString *value</Declaration>
			
			
			<Anchor>//api/name/value</Anchor>
            <NodeRef refid="100"/>
		</Token>
		
        
        
	</File>
</Tokens>