<?xml version="1.0" encoding="UTF-8"?>
<Tokens version="1.0">
	<File path="Classes/AWSSESVerifyEmailAddressRequest.html">
		
		<Token>
			<TokenIdentifier>//apple_ref/occ/cl/AWSSESVerifyEmailAddressRequest</TokenIdentifier>
			<Abstract type="html">&lt;p&gt;Represents a request instructing the service to begin email address verification.&lt;/p&gt;
Required parameters: [EmailAddress]</Abstract>
			<DeclaredIn>AWSSESModel.h</DeclaredIn>
            
			
			<NodeRef refid="984"/>
		</Token>
		
		
		<Token>
			<TokenIdentifier>//apple_ref/occ/instm/AWSSESVerifyEmailAddressRequest/setEmailAddress:</TokenIdentifier>
			<Abstract type="html">&lt;p&gt;The email address to be verified.&lt;/p&gt;</Abstract>
			<DeclaredIn>AWSSESModel.h</DeclaredIn>
			
			<Declaration>@property (nonatomic, strong) NSString *emailAddress</Declaration>
			
			
			<Anchor>//api/name/emailAddress</Anchor>
            <NodeRef refid="984"/>
		</Token>
		
		<Token>
			<TokenIdentifier>//apple_ref/occ/instm/AWSSESVerifyEmailAddressRequest/emailAddress</TokenIdentifier>
			<Abstract type="html">&lt;p&gt;The email address to be verified.&lt;/p&gt;</Abstract>
			<DeclaredIn>AWSSESModel.h</DeclaredIn>
			
			<Declaration>@property (nonatomic, strong) NSString *emailAddress</Declaration>
			
			
			<Anchor>//api/name/emailAddress</Anchor>
            <NodeRef refid="984"/>
		</Token>
		
		<Token>
			<TokenIdentifier>//apple_ref/occ/instp/AWSSESVerifyEmailAddressRequest/emailAddress</TokenIdentifier>
			<Abstract type="html">&lt;p&gt;The email address to be verified.&lt;/p&gt;</Abstract>
			<DeclaredIn>AWSSESModel.h</DeclaredIn>
			
			<Declaration>@property (nonatomic, strong) NSString *emailAddress</Declaration>
			
			
			<Anchor>//api/name/emailAddress</Anchor>
            <NodeRef refid="984"/>
		</Token>
		
        
        
	</File>
</Tokens>