<?xml version="1.0" encoding="UTF-8"?>
<Tokens version="1.0">
	<File path="Classes/AWSElasticLoadBalancingCreateLoadBalancerListenerInput.html">
		
		<Token>
			<TokenIdentifier>//apple_ref/occ/cl/AWSElasticLoadBalancingCreateLoadBalancerListenerInput</TokenIdentifier>
			<Abstract type="html"></Abstract>
			<DeclaredIn>AWSElasticLoadBalancingModel.h</DeclaredIn>
            
			
			<NodeRef refid="669"/>
		</Token>
		
		
		<Token>
			<TokenIdentifier>//apple_ref/occ/instm/AWSElasticLoadBalancingCreateLoadBalancerListenerInput/setListeners:</TokenIdentifier>
			<Abstract type="html"></Abstract>
			<DeclaredIn>AWSElasticLoadBalancingModel.h</DeclaredIn>
			
			<Declaration>@property (nonatomic, strong) NSArray *listeners</Declaration>
			
			
			<Anchor>//api/name/listeners</Anchor>
            <NodeRef refid="669"/>
		</Token>
		
		<Token>
			<TokenIdentifier>//apple_ref/occ/instm/AWSElasticLoadBalancingCreateLoadBalancerListenerInput/listeners</TokenIdentifier>
			<Abstract type="html"></Abstract>
			<DeclaredIn>AWSElasticLoadBalancingModel.h</DeclaredIn>
			
			<Declaration>@property (nonatomic, strong) NSArray *listeners</Declaration>
			
			
			<Anchor>//api/name/listeners</Anchor>
            <NodeRef refid="669"/>
		</Token>
		
		<Token>
			<TokenIdentifier>//apple_ref/occ/instp/AWSElasticLoadBalancingCreateLoadBalancerListenerInput/listeners</TokenIdentifier>
			<Abstract type="html"></Abstract>
			<DeclaredIn>AWSElasticLoadBalancingModel.h</DeclaredIn>
			
			<Declaration>@property (nonatomic, strong) NSArray *listeners</Declaration>
			
			
			<Anchor>//api/name/listeners</Anchor>
            <NodeRef refid="669"/>
		</Token>
		
		<Token>
			<TokenIdentifier>//apple_ref/occ/instm/AWSElasticLoadBalancingCreateLoadBalancerListenerInput/setLoadBalancerName:</TokenIdentifier>
			<Abstract type="html"></Abstract>
			<DeclaredIn>AWSElasticLoadBalancingModel.h</DeclaredIn>
			
			<Declaration>@property (nonatomic, strong) NSString *loadBalancerName</Declaration>
			
			
			<Anchor>//api/name/loadBalancerName</Anchor>
            <NodeRef refid="669"/>
		</Token>
		
		<Token>
			<TokenIdentifier>//apple_ref/occ/instm/AWSElasticLoadBalancingCreateLoadBalancerListenerInput/loadBalancerName</TokenIdentifier>
			<Abstract type="html"></Abstract>
			<DeclaredIn>AWSElasticLoadBalancingModel.h</DeclaredIn>
			
			<Declaration>@property (nonatomic, strong) NSString *loadBalancerName</Declaration>
			
			
			<Anchor>//api/name/loadBalancerName</Anchor>
            <NodeRef refid="669"/>
		</Token>
		
		<Token>
			<TokenIdentifier>//apple_ref/occ/instp/AWSElasticLoadBalancingCreateLoadBalancerListenerInput/loadBalancerName</TokenIdentifier>
			<Abstract type="html"></Abstract>
			<DeclaredIn>AWSElasticLoadBalancingModel.h</DeclaredIn>
			
			<Declaration>@property (nonatomic, strong) NSString *loadBalancerName</Declaration>
			
			
			<Anchor>//api/name/loadBalancerName</Anchor>
            <NodeRef refid="669"/>
		</Token>
		
        
        
	</File>
</Tokens>