<?xml version="1.0" encoding="UTF-8"?>
<Tokens version="1.0">
	<File path="Constants/AWSEC2DeviceType.html">
		
		<Token>
			<TokenIdentifier>//apple_ref/c/tdef/AWSEC2DeviceType</TokenIdentifier>
			<Abstract type="html"></Abstract>
			<DeclaredIn>AWSEC2Model.h</DeclaredIn>
            
			
			<NodeRef refid="1168"/>
		</Token>
		
		
        
        <Token>
            <TokenIdentifier>//apple_ref/c/econst/AWSEC2DeviceTypeUnknown</TokenIdentifier>
            <Abstract type="html"></Abstract>
            <Declaration>AWSEC2DeviceTypeUnknown</Declaration>
            
            <DeclaredIn>AWSEC2Model.h</DeclaredIn>
            
            <NodeRef refid="1168"/>
        </Token>
        
        <Token>
            <TokenIdentifier>//apple_ref/c/econst/AWSEC2DeviceTypeEBS</TokenIdentifier>
            <Abstract type="html"></Abstract>
            <Declaration>AWSEC2DeviceTypeEBS</Declaration>
            
            <DeclaredIn>AWSEC2Model.h</DeclaredIn>
            
            <NodeRef refid="1168"/>
        </Token>
        
        <Token>
            <TokenIdentifier>//apple_ref/c/econst/AWSEC2DeviceTypeInstanceStore</TokenIdentifier>
            <Abstract type="html"></Abstract>
            <Declaration>AWSEC2DeviceTypeInstanceStore</Declaration>
            
            <DeclaredIn>AWSEC2Model.h</DeclaredIn>
            
            <NodeRef refid="1168"/>
        </Token>
        
        
	</File>
</Tokens>