<?xml version="1.0" encoding="UTF-8"?>
<Tokens version="1.0">
	<File path="Classes/AWSDynamoDBCreateTableOutput.html">
		
		<Token>
			<TokenIdentifier>//apple_ref/occ/cl/AWSDynamoDBCreateTableOutput</TokenIdentifier>
			<Abstract type="html">&lt;p&gt;Represents the output of a &lt;i&gt;CreateTable&lt;/i&gt; operation.&lt;/p&gt;</Abstract>
			<DeclaredIn>AWSDynamoDBModel.h</DeclaredIn>
            
			
			<NodeRef refid="209"/>
		</Token>
		
		
		<Token>
			<TokenIdentifier>//apple_ref/occ/instm/AWSDynamoDBCreateTableOutput/setTableDescription:</TokenIdentifier>
			<Abstract type="html">&lt;p&gt;Represents the properties of a table.&lt;/p&gt;</Abstract>
			<DeclaredIn>AWSDynamoDBModel.h</DeclaredIn>
			
			<Declaration>@property (nonatomic, strong) AWSDynamoDBTableDescription *tableDescription</Declaration>
			
			
			<Anchor>//api/name/tableDescription</Anchor>
            <NodeRef refid="209"/>
		</Token>
		
		<Token>
			<TokenIdentifier>//apple_ref/occ/instm/AWSDynamoDBCreateTableOutput/tableDescription</TokenIdentifier>
			<Abstract type="html">&lt;p&gt;Represents the properties of a table.&lt;/p&gt;</Abstract>
			<DeclaredIn>AWSDynamoDBModel.h</DeclaredIn>
			
			<Declaration>@property (nonatomic, strong) AWSDynamoDBTableDescription *tableDescription</Declaration>
			
			
			<Anchor>//api/name/tableDescription</Anchor>
            <NodeRef refid="209"/>
		</Token>
		
		<Token>
			<TokenIdentifier>//apple_ref/occ/instp/AWSDynamoDBCreateTableOutput/tableDescription</TokenIdentifier>
			<Abstract type="html">&lt;p&gt;Represents the properties of a table.&lt;/p&gt;</Abstract>
			<DeclaredIn>AWSDynamoDBModel.h</DeclaredIn>
			
			<Declaration>@property (nonatomic, strong) AWSDynamoDBTableDescription *tableDescription</Declaration>
			
			
			<Anchor>//api/name/tableDescription</Anchor>
            <NodeRef refid="209"/>
		</Token>
		
        
        
	</File>
</Tokens>