<?xml version="1.0" encoding="UTF-8"?>
<Tokens version="1.0">
	<File path="Classes/AWSEC2DescribeNetworkAclsResult.html">
		
		<Token>
			<TokenIdentifier>//apple_ref/occ/cl/AWSEC2DescribeNetworkAclsResult</TokenIdentifier>
			<Abstract type="html"></Abstract>
			<DeclaredIn>AWSEC2Model.h</DeclaredIn>
            
			
			<NodeRef refid="400"/>
		</Token>
		
		
		<Token>
			<TokenIdentifier>//apple_ref/occ/instm/AWSEC2DescribeNetworkAclsResult/setNetworkAcls:</TokenIdentifier>
			<Abstract type="html">&lt;p&gt;Information about one or more network ACLs.&lt;/p&gt;</Abstract>
			<DeclaredIn>AWSEC2Model.h</DeclaredIn>
			
			<Declaration>@property (nonatomic, strong) NSArray *networkAcls</Declaration>
			
			
			<Anchor>//api/name/networkAcls</Anchor>
            <NodeRef refid="400"/>
		</Token>
		
		<Token>
			<TokenIdentifier>//apple_ref/occ/instm/AWSEC2DescribeNetworkAclsResult/networkAcls</TokenIdentifier>
			<Abstract type="html">&lt;p&gt;Information about one or more network ACLs.&lt;/p&gt;</Abstract>
			<DeclaredIn>AWSEC2Model.h</DeclaredIn>
			
			<Declaration>@property (nonatomic, strong) NSArray *networkAcls</Declaration>
			
			
			<Anchor>//api/name/networkAcls</Anchor>
            <NodeRef refid="400"/>
		</Token>
		
		<Token>
			<TokenIdentifier>//apple_ref/occ/instp/AWSEC2DescribeNetworkAclsResult/networkAcls</TokenIdentifier>
			<Abstract type="html">&lt;p&gt;Information about one or more network ACLs.&lt;/p&gt;</Abstract>
			<DeclaredIn>AWSEC2Model.h</DeclaredIn>
			
			<Declaration>@property (nonatomic, strong) NSArray *networkAcls</Declaration>
			
			
			<Anchor>//api/name/networkAcls</Anchor>
            <NodeRef refid="400"/>
		</Token>
		
        
        
	</File>
</Tokens>