<?xml version="1.0" encoding="UTF-8"?>
<Tokens version="1.0">
	<File path="Classes/AWSCognitoIdentityListIdentitiesResponse.html">
		
		<Token>
			<TokenIdentifier>//apple_ref/occ/cl/AWSCognitoIdentityListIdentitiesResponse</TokenIdentifier>
			<Abstract type="html">The response to a ListIdentities request.</Abstract>
			<DeclaredIn>AWSCognitoIdentityModel.h</DeclaredIn>
            
			
			<NodeRef refid="140"/>
		</Token>
		
		
		<Token>
			<TokenIdentifier>//apple_ref/occ/instm/AWSCognitoIdentityListIdentitiesResponse/setIdentities:</TokenIdentifier>
			<Abstract type="html">An object containing a set of identities and associated mappings.</Abstract>
			<DeclaredIn>AWSCognitoIdentityModel.h</DeclaredIn>
			
			<Declaration>@property (nonatomic, strong) NSArray *identities</Declaration>
			
			
			<Anchor>//api/name/identities</Anchor>
            <NodeRef refid="140"/>
		</Token>
		
		<Token>
			<TokenIdentifier>//apple_ref/occ/instm/AWSCognitoIdentityListIdentitiesResponse/identities</TokenIdentifier>
			<Abstract type="html">An object containing a set of identities and associated mappings.</Abstract>
			<DeclaredIn>AWSCognitoIdentityModel.h</DeclaredIn>
			
			<Declaration>@property (nonatomic, strong) NSArray *identities</Declaration>
			
			
			<Anchor>//api/name/identities</Anchor>
            <NodeRef refid="140"/>
		</Token>
		
		<Token>
			<TokenIdentifier>//apple_ref/occ/instp/AWSCognitoIdentityListIdentitiesResponse/identities</TokenIdentifier>
			<Abstract type="html">An object containing a set of identities and associated mappings.</Abstract>
			<DeclaredIn>AWSCognitoIdentityModel.h</DeclaredIn>
			
			<Declaration>@property (nonatomic, strong) NSArray *identities</Declaration>
			
			
			<Anchor>//api/name/identities</Anchor>
            <NodeRef refid="140"/>
		</Token>
		
		<Token>
			<TokenIdentifier>//apple_ref/occ/instm/AWSCognitoIdentityListIdentitiesResponse/setIdentityPoolId:</TokenIdentifier>
			<Abstract type="html">An identity pool ID in the format REGION:GUID.</Abstract>
			<DeclaredIn>AWSCognitoIdentityModel.h</DeclaredIn>
			
			<Declaration>@property (nonatomic, strong) NSString *identityPoolId</Declaration>
			
			
			<Anchor>//api/name/identityPoolId</Anchor>
            <NodeRef refid="140"/>
		</Token>
		
		<Token>
			<TokenIdentifier>//apple_ref/occ/instm/AWSCognitoIdentityListIdentitiesResponse/identityPoolId</TokenIdentifier>
			<Abstract type="html">An identity pool ID in the format REGION:GUID.</Abstract>
			<DeclaredIn>AWSCognitoIdentityModel.h</DeclaredIn>
			
			<Declaration>@property (nonatomic, strong) NSString *identityPoolId</Declaration>
			
			
			<Anchor>//api/name/identityPoolId</Anchor>
            <NodeRef refid="140"/>
		</Token>
		
		<Token>
			<TokenIdentifier>//apple_ref/occ/instp/AWSCognitoIdentityListIdentitiesResponse/identityPoolId</TokenIdentifier>
			<Abstract type="html">An identity pool ID in the format REGION:GUID.</Abstract>
			<DeclaredIn>AWSCognitoIdentityModel.h</DeclaredIn>
			
			<Declaration>@property (nonatomic, strong) NSString *identityPoolId</Declaration>
			
			
			<Anchor>//api/name/identityPoolId</Anchor>
            <NodeRef refid="140"/>
		</Token>
		
		<Token>
			<TokenIdentifier>//apple_ref/occ/instm/AWSCognitoIdentityListIdentitiesResponse/setNextToken:</TokenIdentifier>
			<Abstract type="html">A pagination token.</Abstract>
			<DeclaredIn>AWSCognitoIdentityModel.h</DeclaredIn>
			
			<Declaration>@property (nonatomic, strong) NSString *nextToken</Declaration>
			
			
			<Anchor>//api/name/nextToken</Anchor>
            <NodeRef refid="140"/>
		</Token>
		
		<Token>
			<TokenIdentifier>//apple_ref/occ/instm/AWSCognitoIdentityListIdentitiesResponse/nextToken</TokenIdentifier>
			<Abstract type="html">A pagination token.</Abstract>
			<DeclaredIn>AWSCognitoIdentityModel.h</DeclaredIn>
			
			<Declaration>@property (nonatomic, strong) NSString *nextToken</Declaration>
			
			
			<Anchor>//api/name/nextToken</Anchor>
            <NodeRef refid="140"/>
		</Token>
		
		<Token>
			<TokenIdentifier>//apple_ref/occ/instp/AWSCognitoIdentityListIdentitiesResponse/nextToken</TokenIdentifier>
			<Abstract type="html">A pagination token.</Abstract>
			<DeclaredIn>AWSCognitoIdentityModel.h</DeclaredIn>
			
			<Declaration>@property (nonatomic, strong) NSString *nextToken</Declaration>
			
			
			<Anchor>//api/name/nextToken</Anchor>
            <NodeRef refid="140"/>
		</Token>
		
        
        
	</File>
</Tokens>