<?xml version="1.0" encoding="UTF-8"?>
<Tokens version="1.0">
	<File path="Classes/AWSAutoScalingAlarm.html">
		
		<Token>
			<TokenIdentifier>//apple_ref/occ/cl/AWSAutoScalingAlarm</TokenIdentifier>
			<Abstract type="html">&lt;p&gt;The Alarm data type.&lt;/p&gt;</Abstract>
			<DeclaredIn>AWSAutoScalingModel.h</DeclaredIn>
            
			
			<NodeRef refid="9"/>
		</Token>
		
		
		<Token>
			<TokenIdentifier>//apple_ref/occ/instm/AWSAutoScalingAlarm/setAlarmARN:</TokenIdentifier>
			<Abstract type="html">&lt;p&gt;The Amazon Resource Name (ARN) of the alarm.&lt;/p&gt;</Abstract>
			<DeclaredIn>AWSAutoScalingModel.h</DeclaredIn>
			
			<Declaration>@property (nonatomic, strong) NSString *alarmARN</Declaration>
			
			
			<Anchor>//api/name/alarmARN</Anchor>
            <NodeRef refid="9"/>
		</Token>
		
		<Token>
			<TokenIdentifier>//apple_ref/occ/instm/AWSAutoScalingAlarm/alarmARN</TokenIdentifier>
			<Abstract type="html">&lt;p&gt;The Amazon Resource Name (ARN) of the alarm.&lt;/p&gt;</Abstract>
			<DeclaredIn>AWSAutoScalingModel.h</DeclaredIn>
			
			<Declaration>@property (nonatomic, strong) NSString *alarmARN</Declaration>
			
			
			<Anchor>//api/name/alarmARN</Anchor>
            <NodeRef refid="9"/>
		</Token>
		
		<Token>
			<TokenIdentifier>//apple_ref/occ/instp/AWSAutoScalingAlarm/alarmARN</TokenIdentifier>
			<Abstract type="html">&lt;p&gt;The Amazon Resource Name (ARN) of the alarm.&lt;/p&gt;</Abstract>
			<DeclaredIn>AWSAutoScalingModel.h</DeclaredIn>
			
			<Declaration>@property (nonatomic, strong) NSString *alarmARN</Declaration>
			
			
			<Anchor>//api/name/alarmARN</Anchor>
            <NodeRef refid="9"/>
		</Token>
		
		<Token>
			<TokenIdentifier>//apple_ref/occ/instm/AWSAutoScalingAlarm/setAlarmName:</TokenIdentifier>
			<Abstract type="html">&lt;p&gt;The name of the alarm.&lt;/p&gt;</Abstract>
			<DeclaredIn>AWSAutoScalingModel.h</DeclaredIn>
			
			<Declaration>@property (nonatomic, strong) NSString *alarmName</Declaration>
			
			
			<Anchor>//api/name/alarmName</Anchor>
            <NodeRef refid="9"/>
		</Token>
		
		<Token>
			<TokenIdentifier>//apple_ref/occ/instm/AWSAutoScalingAlarm/alarmName</TokenIdentifier>
			<Abstract type="html">&lt;p&gt;The name of the alarm.&lt;/p&gt;</Abstract>
			<DeclaredIn>AWSAutoScalingModel.h</DeclaredIn>
			
			<Declaration>@property (nonatomic, strong) NSString *alarmName</Declaration>
			
			
			<Anchor>//api/name/alarmName</Anchor>
            <NodeRef refid="9"/>
		</Token>
		
		<Token>
			<TokenIdentifier>//apple_ref/occ/instp/AWSAutoScalingAlarm/alarmName</TokenIdentifier>
			<Abstract type="html">&lt;p&gt;The name of the alarm.&lt;/p&gt;</Abstract>
			<DeclaredIn>AWSAutoScalingModel.h</DeclaredIn>
			
			<Declaration>@property (nonatomic, strong) NSString *alarmName</Declaration>
			
			
			<Anchor>//api/name/alarmName</Anchor>
            <NodeRef refid="9"/>
		</Token>
		
        
        
	</File>
</Tokens>